solid OpenSCAD_Model
  facet normal 0.252259 -0.96766 0
    outer loop
      vertex 9.86395 -31.9676 0
      vertex 10.3703 -31.8356 8.05
      vertex 9.86395 -31.9676 8.05
    endloop
  endfacet
  facet normal 0.252259 -0.96766 0
    outer loop
      vertex 10.3703 -31.8356 8.05
      vertex 9.86395 -31.9676 0
      vertex 10.3703 -31.8356 0
    endloop
  endfacet
  facet normal 0.376362 -0.926473 0
    outer loop
      vertex 10.3703 -31.8356 0
      vertex 10.855 -31.6387 8.05
      vertex 10.3703 -31.8356 8.05
    endloop
  endfacet
  facet normal 0.376362 -0.926473 0
    outer loop
      vertex 10.855 -31.6387 8.05
      vertex 10.3703 -31.8356 0
      vertex 10.855 -31.6387 0
    endloop
  endfacet
  facet normal 0.494059 -0.869429 0
    outer loop
      vertex 10.855 -31.6387 0
      vertex 11.3099 -31.3802 8.05
      vertex 10.855 -31.6387 8.05
    endloop
  endfacet
  facet normal 0.494059 -0.869429 0
    outer loop
      vertex 11.3099 -31.3802 8.05
      vertex 10.855 -31.6387 0
      vertex 11.3099 -31.3802 0
    endloop
  endfacet
  facet normal 0.603328 -0.797493 0
    outer loop
      vertex 11.3099 -31.3802 0
      vertex 11.7272 -31.0645 8.05
      vertex 11.3099 -31.3802 8.05
    endloop
  endfacet
  facet normal 0.603328 -0.797493 0
    outer loop
      vertex 11.7272 -31.0645 8.05
      vertex 11.3099 -31.3802 0
      vertex 11.7272 -31.0645 0
    endloop
  endfacet
  facet normal 0.702216 -0.711964 0
    outer loop
      vertex 11.7272 -31.0645 0
      vertex 12.0997 -30.6971 8.05
      vertex 11.7272 -31.0645 8.05
    endloop
  endfacet
  facet normal 0.702216 -0.711964 0
    outer loop
      vertex 12.0997 -30.6971 8.05
      vertex 11.7272 -31.0645 0
      vertex 12.0997 -30.6971 0
    endloop
  endfacet
  facet normal 0.789115 -0.614245 0
    outer loop
      vertex 12.0997 -30.6971 8.05
      vertex 12.4211 -30.2842 0
      vertex 12.4211 -30.2842 8.05
    endloop
  endfacet
  facet normal 0.789115 -0.614245 0
    outer loop
      vertex 12.4211 -30.2842 0
      vertex 12.0997 -30.6971 8.05
      vertex 12.0997 -30.6971 0
    endloop
  endfacet
  facet normal 0.862577 -0.505926 0
    outer loop
      vertex 12.4211 -30.2842 8.05
      vertex 12.6858 -29.8329 0
      vertex 12.6858 -29.8329 8.05
    endloop
  endfacet
  facet normal 0.862577 -0.505926 0
    outer loop
      vertex 12.6858 -29.8329 0
      vertex 12.4211 -30.2842 8.05
      vertex 12.4211 -30.2842 0
    endloop
  endfacet
  facet normal 0.918784 -0.39476 0
    outer loop
      vertex 12.6858 -29.8329 8.05
      vertex 12.8727 -29.3979 0
      vertex 12.8727 -29.3979 8.05
    endloop
  endfacet
  facet normal 0.918784 -0.39476 0
    outer loop
      vertex 12.8727 -29.3979 0
      vertex 12.6858 -29.8329 8.05
      vertex 12.6858 -29.8329 0
    endloop
  endfacet
  facet normal 0.940542 -0.339677 0
    outer loop
      vertex 12.8727 -29.3979 8.05
      vertex 18.4082 -14.0705 0
      vertex 18.4082 -14.0705 8.05
    endloop
  endfacet
  facet normal 0.940542 -0.339677 0
    outer loop
      vertex 18.4082 -14.0705 0
      vertex 12.8727 -29.3979 8.05
      vertex 12.8727 -29.3979 0
    endloop
  endfacet
  facet normal 0.928793 -0.370598 0
    outer loop
      vertex 18.4082 -14.0705 8.05
      vertex 18.4566 -13.9492 0
      vertex 18.4566 -13.9492 8.05
    endloop
  endfacet
  facet normal 0.928793 -0.370598 0
    outer loop
      vertex 18.4566 -13.9492 0
      vertex 18.4082 -14.0705 8.05
      vertex 18.4082 -14.0705 0
    endloop
  endfacet
  facet normal 0.916216 -0.400685 0
    outer loop
      vertex 18.4566 -13.9492 8.05
      vertex 18.4723 -13.9133 0
      vertex 18.4723 -13.9133 8.05
    endloop
  endfacet
  facet normal 0.916216 -0.400685 0
    outer loop
      vertex 18.4723 -13.9133 0
      vertex 18.4566 -13.9492 8.05
      vertex 18.4566 -13.9492 0
    endloop
  endfacet
  facet normal 0.888133 -0.459587 0
    outer loop
      vertex 18.4723 -13.9133 8.05
      vertex 18.5863 -13.693 0
      vertex 18.5863 -13.693 8.05
    endloop
  endfacet
  facet normal 0.888133 -0.459587 0
    outer loop
      vertex 18.5863 -13.693 0
      vertex 18.4723 -13.9133 8.05
      vertex 18.4723 -13.9133 0
    endloop
  endfacet
  facet normal 0.82064 -0.571445 0
    outer loop
      vertex 18.5863 -13.693 8.05
      vertex 18.7138 -13.5099 0
      vertex 18.7138 -13.5099 8.05
    endloop
  endfacet
  facet normal 0.82064 -0.571445 0
    outer loop
      vertex 18.7138 -13.5099 0
      vertex 18.5863 -13.693 8.05
      vertex 18.5863 -13.693 0
    endloop
  endfacet
  facet normal 0.732232 -0.681055 0
    outer loop
      vertex 18.7138 -13.5099 8.05
      vertex 18.9041 -13.3053 0
      vertex 18.9041 -13.3053 8.05
    endloop
  endfacet
  facet normal 0.732232 -0.681055 0
    outer loop
      vertex 18.9041 -13.3053 0
      vertex 18.7138 -13.5099 8.05
      vertex 18.7138 -13.5099 0
    endloop
  endfacet
  facet normal 0.678927 -0.734205 0
    outer loop
      vertex 18.9041 -13.3053 0
      vertex 18.9559 -13.2574 8.05
      vertex 18.9041 -13.3053 8.05
    endloop
  endfacet
  facet normal 0.678927 -0.734205 0
    outer loop
      vertex 18.9559 -13.2574 8.05
      vertex 18.9041 -13.3053 0
      vertex 18.9559 -13.2574 0
    endloop
  endfacet
  facet normal 0.646781 -0.762675 0
    outer loop
      vertex 18.9559 -13.2574 0
      vertex 19.0862 -13.1469 8.05
      vertex 18.9559 -13.2574 8.05
    endloop
  endfacet
  facet normal 0.646781 -0.762675 0
    outer loop
      vertex 19.0862 -13.1469 8.05
      vertex 18.9559 -13.2574 0
      vertex 19.0862 -13.1469 0
    endloop
  endfacet
  facet normal 0.613698 -0.789541 0
    outer loop
      vertex 19.0862 -13.1469 0
      vertex 31.937 -3.15816 8.05
      vertex 19.0862 -13.1469 8.05
    endloop
  endfacet
  facet normal 0.613698 -0.789541 0
    outer loop
      vertex 31.937 -3.15816 8.05
      vertex 19.0862 -13.1469 0
      vertex 31.937 -3.15816 0
    endloop
  endfacet
  facet normal 0.66404 -0.747697 0
    outer loop
      vertex 31.937 -3.15816 0
      vertex 32.3282 -2.81073 8.05
      vertex 31.937 -3.15816 8.05
    endloop
  endfacet
  facet normal 0.66404 -0.747697 0
    outer loop
      vertex 32.3282 -2.81073 8.05
      vertex 31.937 -3.15816 0
      vertex 32.3282 -2.81073 0
    endloop
  endfacet
  facet normal 0.755958 -0.654621 0
    outer loop
      vertex 32.3282 -2.81073 8.05
      vertex 32.6707 -2.41521 0
      vertex 32.6707 -2.41521 8.05
    endloop
  endfacet
  facet normal 0.755958 -0.654621 0
    outer loop
      vertex 32.6707 -2.41521 0
      vertex 32.3282 -2.81073 8.05
      vertex 32.3282 -2.81073 0
    endloop
  endfacet
  facet normal 0.834897 -0.550406 0
    outer loop
      vertex 32.6707 -2.41521 8.05
      vertex 32.9587 -1.97835 0
      vertex 32.9587 -1.97835 8.05
    endloop
  endfacet
  facet normal 0.834897 -0.550406 0
    outer loop
      vertex 32.9587 -1.97835 0
      vertex 32.6707 -2.41521 8.05
      vertex 32.6707 -2.41521 0
    endloop
  endfacet
  facet normal 0.899606 -0.436702 0
    outer loop
      vertex 32.9587 -1.97835 8.05
      vertex 33.1872 -1.50764 0
      vertex 33.1872 -1.50764 8.05
    endloop
  endfacet
  facet normal 0.899606 -0.436702 0
    outer loop
      vertex 33.1872 -1.50764 0
      vertex 32.9587 -1.97835 8.05
      vertex 32.9587 -1.97835 0
    endloop
  endfacet
  facet normal 0.948968 -0.315373 0
    outer loop
      vertex 33.1872 -1.50764 8.05
      vertex 33.3522 -1.01115 0
      vertex 33.3522 -1.01115 8.05
    endloop
  endfacet
  facet normal 0.948968 -0.315373 0
    outer loop
      vertex 33.3522 -1.01115 0
      vertex 33.1872 -1.50764 8.05
      vertex 33.1872 -1.50764 0
    endloop
  endfacet
  facet normal 0.981973 -0.189021 0
    outer loop
      vertex 33.3522 -1.01115 8.05
      vertex 33.4511 -0.49736 0
      vertex 33.4511 -0.49736 8.05
    endloop
  endfacet
  facet normal 0.981973 -0.189021 0
    outer loop
      vertex 33.4511 -0.49736 0
      vertex 33.3522 -1.01115 8.05
      vertex 33.3522 -1.01115 0
    endloop
  endfacet
  facet normal 0.998243 -0.0592477 0
    outer loop
      vertex 33.4511 -0.49736 8.05
      vertex 33.4821 0.0249481 0
      vertex 33.4821 0.0249481 8.05
    endloop
  endfacet
  facet normal 0.998243 -0.0592477 0
    outer loop
      vertex 33.4821 0.0249481 0
      vertex 33.4511 -0.49736 8.05
      vertex 33.4511 -0.49736 0
    endloop
  endfacet
  facet normal 0.997428 0.0716707 0
    outer loop
      vertex 33.4821 0.0249481 8.05
      vertex 33.4446 0.546829 0
      vertex 33.4446 0.546829 8.05
    endloop
  endfacet
  facet normal 0.997428 0.0716707 0
    outer loop
      vertex 33.4446 0.546829 0
      vertex 33.4821 0.0249481 8.05
      vertex 33.4821 0.0249481 0
    endloop
  endfacet
  facet normal 0.97954 0.201248 0
    outer loop
      vertex 33.4446 0.546829 8.05
      vertex 33.3393 1.05936 0
      vertex 33.3393 1.05936 8.05
    endloop
  endfacet
  facet normal 0.97954 0.201248 0
    outer loop
      vertex 33.3393 1.05936 0
      vertex 33.4446 0.546829 8.05
      vertex 33.4446 0.546829 0
    endloop
  endfacet
  facet normal 0.94495 0.327216 0
    outer loop
      vertex 33.3393 1.05936 8.05
      vertex 33.1681 1.55376 0
      vertex 33.1681 1.55376 8.05
    endloop
  endfacet
  facet normal 0.94495 0.327216 0
    outer loop
      vertex 33.1681 1.55376 0
      vertex 33.3393 1.05936 8.05
      vertex 33.3393 1.05936 0
    endloop
  endfacet
  facet normal 0.894052 0.447963 0
    outer loop
      vertex 33.1681 1.55376 8.05
      vertex 32.9337 2.02158 0
      vertex 32.9337 2.02158 8.05
    endloop
  endfacet
  facet normal 0.894052 0.447963 0
    outer loop
      vertex 32.9337 2.02158 0
      vertex 33.1681 1.55376 8.05
      vertex 33.1681 1.55376 0
    endloop
  endfacet
  facet normal 0.827982 0.560754 0
    outer loop
      vertex 32.9337 2.02158 8.05
      vertex 32.6403 2.4548 0
      vertex 32.6403 2.4548 8.05
    endloop
  endfacet
  facet normal 0.827982 0.560754 0
    outer loop
      vertex 32.6403 2.4548 0
      vertex 32.9337 2.02158 8.05
      vertex 32.9337 2.02158 0
    endloop
  endfacet
  facet normal 0.747742 0.663989 0
    outer loop
      vertex 32.6403 2.4548 8.05
      vertex 32.2929 2.84602 0
      vertex 32.2929 2.84602 8.05
    endloop
  endfacet
  facet normal 0.747742 0.663989 0
    outer loop
      vertex 32.2929 2.84602 0
      vertex 32.6403 2.4548 8.05
      vertex 32.6403 2.4548 0
    endloop
  endfacet
  facet normal 0.659375 0.751815 -0
    outer loop
      vertex 32.2929 2.84602 0
      vertex 31.937 3.15816 8.05
      vertex 32.2929 2.84602 8.05
    endloop
  endfacet
  facet normal 0.659375 0.751815 0
    outer loop
      vertex 31.937 3.15816 8.05
      vertex 32.2929 2.84602 0
      vertex 31.937 3.15816 0
    endloop
  endfacet
  facet normal 0.613695 0.789543 -0
    outer loop
      vertex 31.937 3.15816 0
      vertex 19.0704 13.1591 8.05
      vertex 31.937 3.15816 8.05
    endloop
  endfacet
  facet normal 0.613695 0.789543 0
    outer loop
      vertex 19.0704 13.1591 8.05
      vertex 31.937 3.15816 0
      vertex 19.0704 13.1591 0
    endloop
  endfacet
  facet normal 0.639431 0.768849 -0
    outer loop
      vertex 19.0704 13.1591 0
      vertex 18.97 13.2426 8.05
      vertex 19.0704 13.1591 8.05
    endloop
  endfacet
  facet normal 0.639431 0.768849 0
    outer loop
      vertex 18.97 13.2426 8.05
      vertex 19.0704 13.1591 0
      vertex 18.97 13.2426 0
    endloop
  endfacet
  facet normal 0.66389 0.74783 -0
    outer loop
      vertex 18.97 13.2426 0
      vertex 18.9406 13.2687 8.05
      vertex 18.97 13.2426 8.05
    endloop
  endfacet
  facet normal 0.66389 0.74783 0
    outer loop
      vertex 18.9406 13.2687 8.05
      vertex 18.97 13.2426 0
      vertex 18.9406 13.2687 0
    endloop
  endfacet
  facet normal 0.711525 0.702661 0
    outer loop
      vertex 18.9406 13.2687 8.05
      vertex 18.7662 13.4453 0
      vertex 18.7662 13.4453 8.05
    endloop
  endfacet
  facet normal 0.711525 0.702661 0
    outer loop
      vertex 18.7662 13.4453 0
      vertex 18.9406 13.2687 8.05
      vertex 18.9406 13.2687 0
    endloop
  endfacet
  facet normal 0.797138 0.603797 0
    outer loop
      vertex 18.7662 13.4453 8.05
      vertex 18.6316 13.623 0
      vertex 18.6316 13.623 8.05
    endloop
  endfacet
  facet normal 0.797138 0.603797 0
    outer loop
      vertex 18.6316 13.623 0
      vertex 18.7662 13.4453 8.05
      vertex 18.7662 13.4453 0
    endloop
  endfacet
  facet normal 0.874056 0.485825 0
    outer loop
      vertex 18.6316 13.623 8.05
      vertex 18.4957 13.8675 0
      vertex 18.4957 13.8675 8.05
    endloop
  endfacet
  facet normal 0.874056 0.485825 0
    outer loop
      vertex 18.4957 13.8675 0
      vertex 18.6316 13.623 8.05
      vertex 18.6316 13.623 0
    endloop
  endfacet
  facet normal 0.907876 0.419238 0
    outer loop
      vertex 18.4957 13.8675 8.05
      vertex 18.4661 13.9316 0
      vertex 18.4661 13.9316 8.05
    endloop
  endfacet
  facet normal 0.907876 0.419238 0
    outer loop
      vertex 18.4661 13.9316 0
      vertex 18.4957 13.8675 8.05
      vertex 18.4957 13.8675 0
    endloop
  endfacet
  facet normal 0.925163 0.379569 0
    outer loop
      vertex 18.4661 13.9316 8.05
      vertex 18.4014 14.0893 0
      vertex 18.4014 14.0893 8.05
    endloop
  endfacet
  facet normal 0.925163 0.379569 0
    outer loop
      vertex 18.4014 14.0893 0
      vertex 18.4661 13.9316 8.05
      vertex 18.4661 13.9316 0
    endloop
  endfacet
  facet normal 0.94054 0.339682 0
    outer loop
      vertex 18.4014 14.0893 8.05
      vertex 12.8726 29.3979 0
      vertex 12.8726 29.3979 8.05
    endloop
  endfacet
  facet normal 0.94054 0.339682 0
    outer loop
      vertex 12.8726 29.3979 0
      vertex 18.4014 14.0893 8.05
      vertex 18.4014 14.0893 0
    endloop
  endfacet
  facet normal 0.916324 0.400438 0
    outer loop
      vertex 12.8726 29.3979 8.05
      vertex 12.6631 29.8773 0
      vertex 12.6631 29.8773 8.05
    endloop
  endfacet
  facet normal 0.916324 0.400438 0
    outer loop
      vertex 12.6631 29.8773 0
      vertex 12.8726 29.3979 8.05
      vertex 12.8726 29.3979 0
    endloop
  endfacet
  facet normal 0.856226 0.516602 0
    outer loop
      vertex 12.6631 29.8773 8.05
      vertex 12.3928 30.3253 0
      vertex 12.3928 30.3253 8.05
    endloop
  endfacet
  facet normal 0.856226 0.516602 0
    outer loop
      vertex 12.3928 30.3253 0
      vertex 12.6631 29.8773 8.05
      vertex 12.6631 29.8773 0
    endloop
  endfacet
  facet normal 0.781446 0.623972 0
    outer loop
      vertex 12.3928 30.3253 8.05
      vertex 12.0663 30.7342 0
      vertex 12.0663 30.7342 8.05
    endloop
  endfacet
  facet normal 0.781446 0.623972 0
    outer loop
      vertex 12.0663 30.7342 0
      vertex 12.3928 30.3253 8.05
      vertex 12.3928 30.3253 0
    endloop
  endfacet
  facet normal 0.693212 0.720734 -0
    outer loop
      vertex 12.0663 30.7342 0
      vertex 11.6892 31.0969 8.05
      vertex 12.0663 30.7342 8.05
    endloop
  endfacet
  facet normal 0.693212 0.720734 0
    outer loop
      vertex 11.6892 31.0969 8.05
      vertex 12.0663 30.7342 0
      vertex 11.6892 31.0969 0
    endloop
  endfacet
  facet normal 0.593466 0.804859 -0
    outer loop
      vertex 11.6892 31.0969 0
      vertex 11.2681 31.4074 8.05
      vertex 11.6892 31.0969 8.05
    endloop
  endfacet
  facet normal 0.593466 0.804859 0
    outer loop
      vertex 11.2681 31.4074 8.05
      vertex 11.6892 31.0969 0
      vertex 11.2681 31.4074 0
    endloop
  endfacet
  facet normal 0.483158 0.875533 -0
    outer loop
      vertex 11.2681 31.4074 0
      vertex 10.81 31.6602 8.05
      vertex 11.2681 31.4074 8.05
    endloop
  endfacet
  facet normal 0.483158 0.875533 0
    outer loop
      vertex 10.81 31.6602 8.05
      vertex 11.2681 31.4074 0
      vertex 10.81 31.6602 0
    endloop
  endfacet
  facet normal 0.364659 0.931141 -0
    outer loop
      vertex 10.81 31.6602 0
      vertex 10.3228 31.851 8.05
      vertex 10.81 31.6602 8.05
    endloop
  endfacet
  facet normal 0.364659 0.931141 0
    outer loop
      vertex 10.3228 31.851 8.05
      vertex 10.81 31.6602 0
      vertex 10.3228 31.851 0
    endloop
  endfacet
  facet normal 0.240228 0.970716 -0
    outer loop
      vertex 10.3228 31.851 0
      vertex 9.81487 31.9767 8.05
      vertex 10.3228 31.851 8.05
    endloop
  endfacet
  facet normal 0.240228 0.970716 0
    outer loop
      vertex 9.81487 31.9767 8.05
      vertex 10.3228 31.851 0
      vertex 9.81487 31.9767 0
    endloop
  endfacet
  facet normal 0.111233 0.993794 -0
    outer loop
      vertex 9.81487 31.9767 0
      vertex 9.29489 32.0349 8.05
      vertex 9.81487 31.9767 8.05
    endloop
  endfacet
  facet normal 0.111233 0.993794 0
    outer loop
      vertex 9.29489 32.0349 8.05
      vertex 9.81487 31.9767 0
      vertex 9.29489 32.0349 0
    endloop
  endfacet
  facet normal -0.0193033 0.999814 0
    outer loop
      vertex 9.29489 32.0349 0
      vertex 8.77176 32.0248 8.05
      vertex 9.29489 32.0349 8.05
    endloop
  endfacet
  facet normal -0.0193033 0.999814 0
    outer loop
      vertex 8.77176 32.0248 8.05
      vertex 9.29489 32.0349 0
      vertex 8.77176 32.0248 0
    endloop
  endfacet
  facet normal -0.14965 0.988739 0
    outer loop
      vertex 8.77176 32.0248 0
      vertex 8.25443 31.9465 8.05
      vertex 8.77176 32.0248 8.05
    endloop
  endfacet
  facet normal -0.14965 0.988739 0
    outer loop
      vertex 8.25443 31.9465 8.05
      vertex 8.77176 32.0248 0
      vertex 8.25443 31.9465 0
    endloop
  endfacet
  facet normal -0.277502 0.960725 0
    outer loop
      vertex 8.25443 31.9465 0
      vertex 7.75174 31.8013 8.05
      vertex 8.25443 31.9465 8.05
    endloop
  endfacet
  facet normal -0.277502 0.960725 0
    outer loop
      vertex 7.75174 31.8013 8.05
      vertex 8.25443 31.9465 0
      vertex 7.75174 31.8013 0
    endloop
  endfacet
  facet normal -0.400417 0.916333 0
    outer loop
      vertex 7.75174 31.8013 0
      vertex 7.27231 31.5918 8.05
      vertex 7.75174 31.8013 8.05
    endloop
  endfacet
  facet normal -0.400417 0.916333 0
    outer loop
      vertex 7.27231 31.5918 8.05
      vertex 7.75174 31.8013 0
      vertex 7.27231 31.5918 0
    endloop
  endfacet
  facet normal -0.511371 0.85936 0
    outer loop
      vertex 7.27231 31.5918 0
      vertex 6.86546 31.3497 8.05
      vertex 7.27231 31.5918 8.05
    endloop
  endfacet
  facet normal -0.511371 0.85936 0
    outer loop
      vertex 6.86546 31.3497 8.05
      vertex 7.27231 31.5918 0
      vertex 6.86546 31.3497 0
    endloop
  endfacet
  facet normal -0.561254 0.827644 0
    outer loop
      vertex 6.86546 31.3497 0
      vertex -6.62199 22.2034 8.05
      vertex 6.86546 31.3497 8.05
    endloop
  endfacet
  facet normal -0.561254 0.827644 0
    outer loop
      vertex -6.62199 22.2034 8.05
      vertex 6.86546 31.3497 0
      vertex -6.62199 22.2034 0
    endloop
  endfacet
  facet normal -0.533434 0.845842 0
    outer loop
      vertex -6.62199 22.2034 0
      vertex -6.73251 22.1337 8.05
      vertex -6.62199 22.2034 8.05
    endloop
  endfacet
  facet normal -0.533434 0.845842 0
    outer loop
      vertex -6.73251 22.1337 8.05
      vertex -6.62199 22.2034 0
      vertex -6.73251 22.1337 0
    endloop
  endfacet
  facet normal -0.506356 0.862324 0
    outer loop
      vertex -6.73251 22.1337 0
      vertex -6.76657 22.1137 8.05
      vertex -6.73251 22.1337 8.05
    endloop
  endfacet
  facet normal -0.506356 0.862324 0
    outer loop
      vertex -6.76657 22.1137 8.05
      vertex -6.73251 22.1337 0
      vertex -6.76657 22.1137 0
    endloop
  endfacet
  facet normal -0.44857 0.893748 0
    outer loop
      vertex -6.76657 22.1137 0
      vertex -6.98793 22.0026 8.05
      vertex -6.76657 22.1137 8.05
    endloop
  endfacet
  facet normal -0.44857 0.893748 0
    outer loop
      vertex -6.98793 22.0026 8.05
      vertex -6.76657 22.1137 0
      vertex -6.98793 22.0026 0
    endloop
  endfacet
  facet normal -0.327756 0.944762 0
    outer loop
      vertex -6.98793 22.0026 0
      vertex -7.19893 21.9294 8.05
      vertex -6.98793 22.0026 8.05
    endloop
  endfacet
  facet normal -0.327756 0.944762 0
    outer loop
      vertex -7.19893 21.9294 8.05
      vertex -6.98793 22.0026 0
      vertex -7.19893 21.9294 0
    endloop
  endfacet
  facet normal -0.191907 0.981413 0
    outer loop
      vertex -7.19893 21.9294 0
      vertex -7.47304 21.8758 8.05
      vertex -7.19893 21.9294 8.05
    endloop
  endfacet
  facet normal -0.191907 0.981413 0
    outer loop
      vertex -7.47304 21.8758 8.05
      vertex -7.19893 21.9294 0
      vertex -7.47304 21.8758 0
    endloop
  endfacet
  facet normal -0.118761 0.992923 0
    outer loop
      vertex -7.47304 21.8758 0
      vertex -7.54327 21.8674 8.05
      vertex -7.47304 21.8758 8.05
    endloop
  endfacet
  facet normal -0.118761 0.992923 0
    outer loop
      vertex -7.54327 21.8674 8.05
      vertex -7.47304 21.8758 0
      vertex -7.54327 21.8674 0
    endloop
  endfacet
  facet normal -0.0749851 0.997185 0
    outer loop
      vertex -7.54327 21.8674 0
      vertex -7.71349 21.8546 8.05
      vertex -7.54327 21.8674 8.05
    endloop
  endfacet
  facet normal -0.0749851 0.997185 0
    outer loop
      vertex -7.71349 21.8546 8.05
      vertex -7.54327 21.8674 0
      vertex -7.71349 21.8546 0
    endloop
  endfacet
  facet normal -0.0324092 0.999475 0
    outer loop
      vertex -7.71349 21.8546 0
      vertex -23.9812 21.3271 8.05
      vertex -7.71349 21.8546 8.05
    endloop
  endfacet
  facet normal -0.0324092 0.999475 0
    outer loop
      vertex -23.9812 21.3271 8.05
      vertex -7.71349 21.8546 0
      vertex -23.9812 21.3271 0
    endloop
  endfacet
  facet normal -0.0976679 0.995219 0
    outer loop
      vertex -23.9812 21.3271 0
      vertex -24.5019 21.276 8.05
      vertex -23.9812 21.3271 8.05
    endloop
  endfacet
  facet normal -0.0976679 0.995219 0
    outer loop
      vertex -24.5019 21.276 8.05
      vertex -23.9812 21.3271 0
      vertex -24.5019 21.276 0
    endloop
  endfacet
  facet normal -0.226855 0.973929 0
    outer loop
      vertex -24.5019 21.276 0
      vertex -25.0115 21.1573 8.05
      vertex -24.5019 21.276 8.05
    endloop
  endfacet
  facet normal -0.226855 0.973929 0
    outer loop
      vertex -25.0115 21.1573 8.05
      vertex -24.5019 21.276 0
      vertex -25.0115 21.1573 0
    endloop
  endfacet
  facet normal -0.352003 0.935999 0
    outer loop
      vertex -25.0115 21.1573 0
      vertex -25.5013 20.9731 8.05
      vertex -25.0115 21.1573 8.05
    endloop
  endfacet
  facet normal -0.352003 0.935999 0
    outer loop
      vertex -25.5013 20.9731 8.05
      vertex -25.0115 21.1573 0
      vertex -25.5013 20.9731 0
    endloop
  endfacet
  facet normal -0.471134 0.882062 0
    outer loop
      vertex -25.5013 20.9731 0
      vertex -25.9628 20.7266 8.05
      vertex -25.5013 20.9731 8.05
    endloop
  endfacet
  facet normal -0.471134 0.882062 0
    outer loop
      vertex -25.9628 20.7266 8.05
      vertex -25.5013 20.9731 0
      vertex -25.9628 20.7266 0
    endloop
  endfacet
  facet normal -0.582178 0.813061 0
    outer loop
      vertex -25.9628 20.7266 0
      vertex -26.3882 20.422 8.05
      vertex -25.9628 20.7266 8.05
    endloop
  endfacet
  facet normal -0.582178 0.813061 0
    outer loop
      vertex -26.3882 20.422 8.05
      vertex -25.9628 20.7266 0
      vertex -26.3882 20.422 0
    endloop
  endfacet
  facet normal -0.683407 0.730038 0
    outer loop
      vertex -26.3882 20.422 0
      vertex -26.7702 20.0644 8.05
      vertex -26.3882 20.422 8.05
    endloop
  endfacet
  facet normal -0.683407 0.730038 0
    outer loop
      vertex -26.7702 20.0644 8.05
      vertex -26.3882 20.422 0
      vertex -26.7702 20.0644 0
    endloop
  endfacet
  facet normal -0.772823 0.634621 0
    outer loop
      vertex -27.1022 19.6601 0
      vertex -26.7702 20.0644 8.05
      vertex -26.7702 20.0644 0
    endloop
  endfacet
  facet normal -0.772823 0.634621 0
    outer loop
      vertex -26.7702 20.0644 8.05
      vertex -27.1022 19.6601 0
      vertex -27.1022 19.6601 8.05
    endloop
  endfacet
  facet normal -0.848963 0.528452 0
    outer loop
      vertex -27.3787 19.2159 0
      vertex -27.1022 19.6601 8.05
      vertex -27.1022 19.6601 0
    endloop
  endfacet
  facet normal -0.848963 0.528452 0
    outer loop
      vertex -27.1022 19.6601 8.05
      vertex -27.3787 19.2159 0
      vertex -27.3787 19.2159 8.05
    endloop
  endfacet
  facet normal -0.910752 0.412953 0
    outer loop
      vertex -27.5948 18.7393 0
      vertex -27.3787 19.2159 8.05
      vertex -27.3787 19.2159 0
    endloop
  endfacet
  facet normal -0.910752 0.412953 0
    outer loop
      vertex -27.3787 19.2159 8.05
      vertex -27.5948 18.7393 0
      vertex -27.5948 18.7393 8.05
    endloop
  endfacet
  facet normal -0.956863 0.290538 0
    outer loop
      vertex -27.7468 18.2387 0
      vertex -27.5948 18.7393 8.05
      vertex -27.5948 18.7393 0
    endloop
  endfacet
  facet normal -0.956863 0.290538 0
    outer loop
      vertex -27.5948 18.7393 8.05
      vertex -27.7468 18.2387 0
      vertex -27.7468 18.2387 8.05
    endloop
  endfacet
  facet normal -0.98659 0.163221 0
    outer loop
      vertex -27.8322 17.7225 0
      vertex -27.7468 18.2387 8.05
      vertex -27.7468 18.2387 0
    endloop
  endfacet
  facet normal -0.98659 0.163221 0
    outer loop
      vertex -27.7468 18.2387 8.05
      vertex -27.8322 17.7225 0
      vertex -27.8322 17.7225 8.05
    endloop
  endfacet
  facet normal -0.999453 0.0330603 0
    outer loop
      vertex -27.8495 17.1995 0
      vertex -27.8322 17.7225 8.05
      vertex -27.8322 17.7225 0
    endloop
  endfacet
  facet normal -0.999453 0.0330603 0
    outer loop
      vertex -27.8322 17.7225 8.05
      vertex -27.8495 17.1995 0
      vertex -27.8495 17.1995 8.05
    endloop
  endfacet
  facet normal -0.9952 -0.0978572 0
    outer loop
      vertex -27.7983 16.6788 0
      vertex -27.8495 17.1995 8.05
      vertex -27.8495 17.1995 0
    endloop
  endfacet
  facet normal -0.9952 -0.0978572 0
    outer loop
      vertex -27.8495 17.1995 8.05
      vertex -27.7983 16.6788 0
      vertex -27.7983 16.6788 8.05
    endloop
  endfacet
  facet normal -0.975375 -0.220553 0
    outer loop
      vertex -27.6939 16.2171 0
      vertex -27.7983 16.6788 8.05
      vertex -27.7983 16.6788 0
    endloop
  endfacet
  facet normal -0.975375 -0.220553 0
    outer loop
      vertex -27.7983 16.6788 8.05
      vertex -27.6939 16.2171 0
      vertex -27.6939 16.2171 8.05
    endloop
  endfacet
  facet normal -0.960572 -0.27803 -0
    outer loop
      vertex -24.809 6.25 6.55
      vertex -27.6939 16.2171 0
      vertex -24.809 6.25 0
    endloop
  endfacet
  facet normal -0.960572 -0.27803 0
    outer loop
      vertex -27.6939 16.2171 0
      vertex -24.809 6.25 6.55
      vertex -27.6939 16.2171 8.05
    endloop
  endfacet
  facet normal -0.960575 -0.278022 -0
    outer loop
      vertex -23.163 0.563019 8.05
      vertex -24.809 6.25 6.55
      vertex -23.163 0.563019 6.55
    endloop
  endfacet
  facet normal -0.960573 -0.278027 -2.14722e-05
    outer loop
      vertex -24.809 6.25 6.55
      vertex -23.163 0.563019 8.05
      vertex -27.6939 16.2171 8.05
    endloop
  endfacet
  facet normal -0.969102 -0.246659 0
    outer loop
      vertex -23.1308 0.436508 6.55
      vertex -23.163 0.563019 8.05
      vertex -23.163 0.563019 6.55
    endloop
  endfacet
  facet normal -0.969102 -0.246659 0
    outer loop
      vertex -23.163 0.563019 8.05
      vertex -23.1308 0.436508 6.55
      vertex -23.1308 0.436508 8.05
    endloop
  endfacet
  facet normal -0.976621 -0.214968 0
    outer loop
      vertex -23.1224 0.398346 6.55
      vertex -23.1308 0.436508 8.05
      vertex -23.1308 0.436508 6.55
    endloop
  endfacet
  facet normal -0.976621 -0.214968 0
    outer loop
      vertex -23.1308 0.436508 8.05
      vertex -23.1224 0.398346 6.55
      vertex -23.1224 0.398346 8.05
    endloop
  endfacet
  facet normal -0.988689 -0.149982 0
    outer loop
      vertex -23.0852 0.153122 6.55
      vertex -23.1224 0.398346 8.05
      vertex -23.1224 0.398346 6.55
    endloop
  endfacet
  facet normal -0.988689 -0.149982 0
    outer loop
      vertex -23.1224 0.398346 8.05
      vertex -23.0852 0.153122 6.55
      vertex -23.0852 0.153122 8.05
    endloop
  endfacet
  facet normal -0.999797 -0.0201567 0
    outer loop
      vertex -23.0807 -0.0700836 6.55
      vertex -23.0852 0.153122 8.05
      vertex -23.0852 0.153122 6.55
    endloop
  endfacet
  facet normal -0.999797 -0.0201567 0
    outer loop
      vertex -23.0852 0.153122 8.05
      vertex -23.0807 -0.0700836 6.55
      vertex -23.0807 -0.0700836 8.05
    endloop
  endfacet
  facet normal -0.992689 0.120701 0
    outer loop
      vertex -23.1144 -0.347244 6.55
      vertex -23.0807 -0.0700836 8.05
      vertex -23.0807 -0.0700836 6.55
    endloop
  endfacet
  facet normal -0.992689 0.120701 0
    outer loop
      vertex -23.0807 -0.0700836 8.05
      vertex -23.1144 -0.347244 6.55
      vertex -23.1144 -0.347244 8.05
    endloop
  endfacet
  facet normal -0.980747 0.195283 0
    outer loop
      vertex -23.1282 -0.41655 6.55
      vertex -23.1144 -0.347244 8.05
      vertex -23.1144 -0.347244 6.55
    endloop
  endfacet
  facet normal -0.980747 0.195283 0
    outer loop
      vertex -23.1144 -0.347244 8.05
      vertex -23.1282 -0.41655 6.55
      vertex -23.1282 -0.41655 8.05
    endloop
  endfacet
  facet normal -0.971559 0.2368 0
    outer loop
      vertex -23.1686 -0.582306 6.55
      vertex -23.1282 -0.41655 8.05
      vertex -23.1282 -0.41655 6.55
    endloop
  endfacet
  facet normal -0.971559 0.2368 0
    outer loop
      vertex -23.1282 -0.41655 8.05
      vertex -23.1686 -0.582306 6.55
      vertex -23.1686 -0.582306 8.05
    endloop
  endfacet
  facet normal -0.960572 0.27803 0
    outer loop
      vertex -24.809 -6.25 0
      vertex -27.6939 -16.2171 0
      vertex -24.809 -6.25 6.55
    endloop
  endfacet
  facet normal -0.960576 0.278019 0
    outer loop
      vertex -24.809 -6.25 6.55
      vertex -23.1686 -0.582306 8.05
      vertex -23.1686 -0.582306 6.55
    endloop
  endfacet
  facet normal -0.960573 0.278026 -2.8654e-05
    outer loop
      vertex -24.809 -6.25 6.55
      vertex -27.6939 -16.2171 8.05
      vertex -23.1686 -0.582306 8.05
    endloop
  endfacet
  facet normal -0.960572 0.27803 0
    outer loop
      vertex -27.6939 -16.2171 8.05
      vertex -24.809 -6.25 6.55
      vertex -27.6939 -16.2171 0
    endloop
  endfacet
  facet normal -0.976733 0.214461 0
    outer loop
      vertex -27.8061 -16.7281 0
      vertex -27.6939 -16.2171 8.05
      vertex -27.6939 -16.2171 0
    endloop
  endfacet
  facet normal -0.976733 0.214461 0
    outer loop
      vertex -27.6939 -16.2171 8.05
      vertex -27.8061 -16.7281 0
      vertex -27.8061 -16.7281 8.05
    endloop
  endfacet
  facet normal -0.996344 0.0854337 0
    outer loop
      vertex -27.8508 -17.2494 0
      vertex -27.8061 -16.7281 8.05
      vertex -27.8061 -16.7281 0
    endloop
  endfacet
  facet normal -0.996344 0.0854337 0
    outer loop
      vertex -27.8061 -16.7281 8.05
      vertex -27.8508 -17.2494 0
      vertex -27.8508 -17.2494 8.05
    endloop
  endfacet
  facet normal -0.998965 -0.0454857 0
    outer loop
      vertex -27.827 -17.7721 0
      vertex -27.8508 -17.2494 8.05
      vertex -27.8508 -17.2494 0
    endloop
  endfacet
  facet normal -0.998965 -0.0454857 0
    outer loop
      vertex -27.8508 -17.2494 8.05
      vertex -27.827 -17.7721 0
      vertex -27.827 -17.7721 8.05
    endloop
  endfacet
  facet normal -0.984455 -0.175638 0
    outer loop
      vertex -27.7351 -18.2872 0
      vertex -27.827 -17.7721 8.05
      vertex -27.827 -17.7721 0
    endloop
  endfacet
  facet normal -0.984455 -0.175638 0
    outer loop
      vertex -27.827 -17.7721 8.05
      vertex -27.7351 -18.2872 0
      vertex -27.7351 -18.2872 8.05
    endloop
  endfacet
  facet normal -0.953189 -0.302375 0
    outer loop
      vertex -27.5769 -18.7859 0
      vertex -27.7351 -18.2872 8.05
      vertex -27.7351 -18.2872 0
    endloop
  endfacet
  facet normal -0.953189 -0.302375 0
    outer loop
      vertex -27.7351 -18.2872 8.05
      vertex -27.5769 -18.7859 0
      vertex -27.5769 -18.7859 8.05
    endloop
  endfacet
  facet normal -0.905528 -0.424287 0
    outer loop
      vertex -27.3549 -19.2597 0
      vertex -27.5769 -18.7859 8.05
      vertex -27.5769 -18.7859 0
    endloop
  endfacet
  facet normal -0.905528 -0.424287 0
    outer loop
      vertex -27.5769 -18.7859 8.05
      vertex -27.3549 -19.2597 0
      vertex -27.3549 -19.2597 8.05
    endloop
  endfacet
  facet normal -0.842369 -0.538902 0
    outer loop
      vertex -27.0729 -19.7005 0
      vertex -27.3549 -19.2597 8.05
      vertex -27.3549 -19.2597 0
    endloop
  endfacet
  facet normal -0.842369 -0.538902 0
    outer loop
      vertex -27.3549 -19.2597 8.05
      vertex -27.0729 -19.7005 0
      vertex -27.0729 -19.7005 8.05
    endloop
  endfacet
  facet normal -0.764748 -0.64433 0
    outer loop
      vertex -26.7358 -20.1006 0
      vertex -27.0729 -19.7005 8.05
      vertex -27.0729 -19.7005 0
    endloop
  endfacet
  facet normal -0.764748 -0.64433 0
    outer loop
      vertex -27.0729 -19.7005 8.05
      vertex -26.7358 -20.1006 0
      vertex -26.7358 -20.1006 8.05
    endloop
  endfacet
  facet normal -0.674269 -0.738485 0
    outer loop
      vertex -26.7358 -20.1006 0
      vertex -26.3494 -20.4534 8.05
      vertex -26.7358 -20.1006 8.05
    endloop
  endfacet
  facet normal -0.674269 -0.738485 -0
    outer loop
      vertex -26.3494 -20.4534 8.05
      vertex -26.7358 -20.1006 0
      vertex -26.3494 -20.4534 0
    endloop
  endfacet
  facet normal -0.571999 -0.820254 0
    outer loop
      vertex -26.3494 -20.4534 0
      vertex -25.9202 -20.7527 8.05
      vertex -26.3494 -20.4534 8.05
    endloop
  endfacet
  facet normal -0.571999 -0.820254 -0
    outer loop
      vertex -25.9202 -20.7527 8.05
      vertex -26.3494 -20.4534 0
      vertex -25.9202 -20.7527 0
    endloop
  endfacet
  facet normal -0.460088 -0.887873 0
    outer loop
      vertex -25.9202 -20.7527 0
      vertex -25.4557 -20.9934 8.05
      vertex -25.9202 -20.7527 8.05
    endloop
  endfacet
  facet normal -0.460088 -0.887873 -0
    outer loop
      vertex -25.4557 -20.9934 8.05
      vertex -25.9202 -20.7527 0
      vertex -25.4557 -20.9934 0
    endloop
  endfacet
  facet normal -0.340377 -0.940289 0
    outer loop
      vertex -25.4557 -20.9934 0
      vertex -24.9637 -21.1715 8.05
      vertex -25.4557 -20.9934 8.05
    endloop
  endfacet
  facet normal -0.340377 -0.940289 -0
    outer loop
      vertex -24.9637 -21.1715 8.05
      vertex -25.4557 -20.9934 0
      vertex -24.9637 -21.1715 0
    endloop
  endfacet
  facet normal -0.214603 -0.976701 0
    outer loop
      vertex -24.9637 -21.1715 0
      vertex -24.4526 -21.2838 8.05
      vertex -24.9637 -21.1715 8.05
    endloop
  endfacet
  facet normal -0.214603 -0.976701 -0
    outer loop
      vertex -24.4526 -21.2838 8.05
      vertex -24.9637 -21.1715 0
      vertex -24.4526 -21.2838 0
    endloop
  endfacet
  facet normal -0.091469 -0.995808 0
    outer loop
      vertex -24.4526 -21.2838 0
      vertex -23.9812 -21.3271 8.05
      vertex -24.4526 -21.2838 8.05
    endloop
  endfacet
  facet normal -0.091469 -0.995808 -0
    outer loop
      vertex -23.9812 -21.3271 8.05
      vertex -24.4526 -21.2838 0
      vertex -23.9812 -21.3271 0
    endloop
  endfacet
  facet normal -0.0324125 -0.999475 0
    outer loop
      vertex -23.9812 -21.3271 0
      vertex -7.6936 -21.8553 8.05
      vertex -23.9812 -21.3271 8.05
    endloop
  endfacet
  facet normal -0.0324125 -0.999475 -0
    outer loop
      vertex -7.6936 -21.8553 8.05
      vertex -23.9812 -21.3271 0
      vertex -7.6936 -21.8553 0
    endloop
  endfacet
  facet normal -0.0648973 -0.997892 0
    outer loop
      vertex -7.6936 -21.8553 0
      vertex -7.5629 -21.8638 8.05
      vertex -7.6936 -21.8553 8.05
    endloop
  endfacet
  facet normal -0.0648973 -0.997892 -0
    outer loop
      vertex -7.5629 -21.8638 8.05
      vertex -7.6936 -21.8553 0
      vertex -7.5629 -21.8638 0
    endloop
  endfacet
  facet normal -0.0972236 -0.995263 0
    outer loop
      vertex -7.5629 -21.8638 0
      vertex -7.524 -21.8676 8.05
      vertex -7.5629 -21.8638 8.05
    endloop
  endfacet
  facet normal -0.0972236 -0.995263 -0
    outer loop
      vertex -7.524 -21.8676 8.05
      vertex -7.5629 -21.8638 0
      vertex -7.524 -21.8676 0
    endloop
  endfacet
  facet normal -0.162567 -0.986697 0
    outer loop
      vertex -7.524 -21.8676 0
      vertex -7.2794 -21.9079 8.05
      vertex -7.524 -21.8676 8.05
    endloop
  endfacet
  facet normal -0.162567 -0.986697 -0
    outer loop
      vertex -7.2794 -21.9079 8.05
      vertex -7.524 -21.8676 0
      vertex -7.2794 -21.9079 0
    endloop
  endfacet
  facet normal -0.290094 -0.956998 0
    outer loop
      vertex -7.2794 -21.9079 0
      vertex -7.06563 -21.9727 8.05
      vertex -7.2794 -21.9079 8.05
    endloop
  endfacet
  facet normal -0.290094 -0.956998 -0
    outer loop
      vertex -7.06563 -21.9727 8.05
      vertex -7.2794 -21.9079 0
      vertex -7.06563 -21.9727 0
    endloop
  endfacet
  facet normal -0.421628 -0.906769 0
    outer loop
      vertex -7.06563 -21.9727 0
      vertex -6.8125 -22.0904 8.05
      vertex -7.06563 -21.9727 8.05
    endloop
  endfacet
  facet normal -0.421628 -0.906769 -0
    outer loop
      vertex -6.8125 -22.0904 8.05
      vertex -7.06563 -21.9727 0
      vertex -6.8125 -22.0904 0
    endloop
  endfacet
  facet normal -0.488337 -0.872655 0
    outer loop
      vertex -6.8125 -22.0904 0
      vertex -6.75067 -22.125 8.05
      vertex -6.8125 -22.0904 8.05
    endloop
  endfacet
  facet normal -0.488337 -0.872655 -0
    outer loop
      vertex -6.75067 -22.125 8.05
      vertex -6.8125 -22.0904 0
      vertex -6.75067 -22.125 0
    endloop
  endfacet
  facet normal -0.525515 -0.850784 0
    outer loop
      vertex -6.75067 -22.125 0
      vertex -6.60545 -22.2147 8.05
      vertex -6.75067 -22.125 8.05
    endloop
  endfacet
  facet normal -0.525515 -0.850784 -0
    outer loop
      vertex -6.60545 -22.2147 8.05
      vertex -6.75067 -22.125 0
      vertex -6.60545 -22.2147 0
    endloop
  endfacet
  facet normal -0.561254 -0.827644 0
    outer loop
      vertex -6.60545 -22.2147 0
      vertex 6.86548 -31.3498 8.05
      vertex -6.60545 -22.2147 8.05
    endloop
  endfacet
  facet normal -0.561254 -0.827644 -0
    outer loop
      vertex 6.86548 -31.3498 8.05
      vertex -6.60545 -22.2147 0
      vertex 6.86548 -31.3498 0
    endloop
  endfacet
  facet normal -0.505909 -0.862587 0
    outer loop
      vertex 6.86548 -31.3498 0
      vertex 7.3168 -31.6145 8.05
      vertex 6.86548 -31.3498 8.05
    endloop
  endfacet
  facet normal -0.505909 -0.862587 -0
    outer loop
      vertex 7.3168 -31.6145 8.05
      vertex 6.86548 -31.3498 0
      vertex 7.3168 -31.6145 0
    endloop
  endfacet
  facet normal -0.388947 -0.92126 0
    outer loop
      vertex 7.3168 -31.6145 0
      vertex 7.79881 -31.818 8.05
      vertex 7.3168 -31.6145 8.05
    endloop
  endfacet
  facet normal -0.388947 -0.92126 -0
    outer loop
      vertex 7.79881 -31.818 8.05
      vertex 7.3168 -31.6145 0
      vertex 7.79881 -31.818 0
    endloop
  endfacet
  facet normal -0.265465 -0.964121 0
    outer loop
      vertex 7.79881 -31.818 0
      vertex 8.30327 -31.9569 8.05
      vertex 7.79881 -31.818 8.05
    endloop
  endfacet
  facet normal -0.265465 -0.964121 -0
    outer loop
      vertex 8.30327 -31.9569 8.05
      vertex 7.79881 -31.818 0
      vertex 8.30327 -31.9569 0
    endloop
  endfacet
  facet normal -0.13723 -0.990539 0
    outer loop
      vertex 8.30327 -31.9569 0
      vertex 8.82153 -32.0287 8.05
      vertex 8.30327 -31.9569 8.05
    endloop
  endfacet
  facet normal -0.13723 -0.990539 -0
    outer loop
      vertex 8.82153 -32.0287 8.05
      vertex 8.30327 -31.9569 0
      vertex 8.82153 -32.0287 0
    endloop
  endfacet
  facet normal -0.00688018 -0.999976 0
    outer loop
      vertex 8.82153 -32.0287 0
      vertex 9.34476 -32.0323 8.05
      vertex 8.82153 -32.0287 8.05
    endloop
  endfacet
  facet normal -0.00688018 -0.999976 -0
    outer loop
      vertex 9.34476 -32.0323 8.05
      vertex 8.82153 -32.0287 0
      vertex 9.34476 -32.0323 0
    endloop
  endfacet
  facet normal 0.123661 -0.992325 0
    outer loop
      vertex 9.34476 -32.0323 0
      vertex 9.86395 -31.9676 8.05
      vertex 9.34476 -32.0323 8.05
    endloop
  endfacet
  facet normal 0.123661 -0.992325 0
    outer loop
      vertex 9.86395 -31.9676 8.05
      vertex 9.34476 -32.0323 0
      vertex 9.86395 -31.9676 0
    endloop
  endfacet
  facet normal 0 0 1
    outer loop
      vertex -16.75 0 10.25
      vertex -21.4692 0.142403 10.25
      vertex -21.4651 -0.065177 10.25
    endloop
  endfacet
  facet normal 0 0 1
    outer loop
      vertex -20.9908 12.8469 10.25
      vertex -21.5039 0.370461 10.25
      vertex -21.4692 0.142403 10.25
    endloop
  endfacet
  facet normal 0 0 1
    outer loop
      vertex -20.9908 12.8469 10.25
      vertex -21.5116 0.405952 10.25
      vertex -21.5039 0.370461 10.25
    endloop
  endfacet
  facet normal 0 0 1
    outer loop
      vertex -20.9908 12.8469 10.25
      vertex -21.5416 0.523607 10.25
      vertex -21.5116 0.405952 10.25
    endloop
  endfacet
  facet normal 0 0 1
    outer loop
      vertex -21.6396 13.2804 10.25
      vertex -21.5416 0.523607 10.25
      vertex -21.3366 13.0317 10.25
    endloop
  endfacet
  facet normal 0 0 1
    outer loop
      vertex -25.7553 15.0819 10.25
      vertex -21.6396 13.2804 10.25
      vertex -21.8884 13.5835 10.25
    endloop
  endfacet
  facet normal 0 0 1
    outer loop
      vertex -25.7553 15.0819 10.25
      vertex -21.8884 13.5835 10.25
      vertex -22.0732 13.9293 10.25
    endloop
  endfacet
  facet normal 0 0 1
    outer loop
      vertex -25.7553 15.0819 10.25
      vertex -22.0732 13.9293 10.25
      vertex -22.187 14.3045 10.25
    endloop
  endfacet
  facet normal 0 0 1
    outer loop
      vertex -25.7553 15.0819 10.25
      vertex -22.187 14.3045 10.25
      vertex -22.2254 14.6946 10.25
    endloop
  endfacet
  facet normal -0 0 1
    outer loop
      vertex -24.541 18.9925 10.25
      vertex -21.6396 16.1088 10.25
      vertex -24.1454 19.2758 10.25
    endloop
  endfacet
  facet normal -0 0 1
    outer loop
      vertex -24.8963 18.6599 10.25
      vertex -21.6396 16.1088 10.25
      vertex -24.541 18.9925 10.25
    endloop
  endfacet
  facet normal 0 0 1
    outer loop
      vertex -21.6396 16.1088 10.25
      vertex -24.8963 18.6599 10.25
      vertex -21.8884 15.8058 10.25
    endloop
  endfacet
  facet normal -0 0 1
    outer loop
      vertex -25.2051 18.2839 10.25
      vertex -21.8884 15.8058 10.25
      vertex -24.8963 18.6599 10.25
    endloop
  endfacet
  facet normal -0 0 1
    outer loop
      vertex -25.4622 17.8707 10.25
      vertex -21.8884 15.8058 10.25
      vertex -25.2051 18.2839 10.25
    endloop
  endfacet
  facet normal -0 0 1
    outer loop
      vertex -25.6631 17.4276 10.25
      vertex -21.8884 15.8058 10.25
      vertex -25.4622 17.8707 10.25
    endloop
  endfacet
  facet normal 0 0 1
    outer loop
      vertex -21.8884 15.8058 10.25
      vertex -25.6631 17.4276 10.25
      vertex -22.0732 15.46 10.25
    endloop
  endfacet
  facet normal -0 0 1
    outer loop
      vertex -25.8045 16.962 10.25
      vertex -22.0732 15.46 10.25
      vertex -25.6631 17.4276 10.25
    endloop
  endfacet
  facet normal -0 0 1
    outer loop
      vertex -25.8839 16.4819 10.25
      vertex -22.0732 15.46 10.25
      vertex -25.8045 16.962 10.25
    endloop
  endfacet
  facet normal -0 0 1
    outer loop
      vertex -25.9 15.9956 10.25
      vertex -22.0732 15.46 10.25
      vertex -25.8839 16.4819 10.25
    endloop
  endfacet
  facet normal 0 0 1
    outer loop
      vertex -21.6396 13.2804 10.25
      vertex -25.7553 15.0819 10.25
      vertex -21.5416 0.523607 10.25
    endloop
  endfacet
  facet normal -0 -0 1
    outer loop
      vertex -25.8525 15.5113 10.25
      vertex -22.0732 15.46 10.25
      vertex -25.9 15.9956 10.25
    endloop
  endfacet
  facet normal 0 0 1
    outer loop
      vertex -22.187 15.0848 10.25
      vertex -25.7553 15.0819 10.25
      vertex -22.2254 14.6946 10.25
    endloop
  endfacet
  facet normal 0 0 1
    outer loop
      vertex -22.0732 15.46 10.25
      vertex -25.8525 15.5113 10.25
      vertex -22.187 15.0848 10.25
    endloop
  endfacet
  facet normal 0 -0 1
    outer loop
      vertex -25.7553 15.0819 10.25
      vertex -22.187 15.0848 10.25
      vertex -25.8525 15.5113 10.25
    endloop
  endfacet
  facet normal 0 0 1
    outer loop
      vertex 11.9715 27.34 10.25
      vertex 11.3822 23.3475 10.25
      vertex 11.4164 22.8254 10.25
    endloop
  endfacet
  facet normal 0 0 1
    outer loop
      vertex 11.9715 27.34 10.25
      vertex 11.2801 23.8606 10.25
      vertex 11.3822 23.3475 10.25
    endloop
  endfacet
  facet normal 0 0 1
    outer loop
      vertex 9.41641 26.2895 10.25
      vertex 11.5253 28.2025 10.25
      vertex 11.2217 28.5828 10.25
    endloop
  endfacet
  facet normal 0 0 1
    outer loop
      vertex 11.9715 27.34 10.25
      vertex 11.1119 24.3561 10.25
      vertex 11.2801 23.8606 10.25
    endloop
  endfacet
  facet normal 0 0 1
    outer loop
      vertex 11.9715 27.34 10.25
      vertex 10.8805 24.8254 10.25
      vertex 11.1119 24.3561 10.25
    endloop
  endfacet
  facet normal 0 0 1
    outer loop
      vertex 9.41641 26.2895 10.25
      vertex 11.2217 28.5828 10.25
      vertex 10.871 28.9202 10.25
    endloop
  endfacet
  facet normal 0 0 1
    outer loop
      vertex 11.9715 27.34 10.25
      vertex 10.5898 25.2604 10.25
      vertex 10.8805 24.8254 10.25
    endloop
  endfacet
  facet normal 0 0 1
    outer loop
      vertex 8.94714 26.5209 10.25
      vertex 10.871 28.9202 10.25
      vertex 10.4793 29.2089 10.25
    endloop
  endfacet
  facet normal 0 0 1
    outer loop
      vertex 11.9715 27.34 10.25
      vertex 10.2448 25.6538 10.25
      vertex 10.5898 25.2604 10.25
    endloop
  endfacet
  facet normal 0 0 1
    outer loop
      vertex 8.94714 26.5209 10.25
      vertex 10.4793 29.2089 10.25
      vertex 10.0533 29.444 10.25
    endloop
  endfacet
  facet normal 0 0 1
    outer loop
      vertex 11.9715 27.34 10.25
      vertex 9.85145 25.9988 10.25
      vertex 10.2448 25.6538 10.25
    endloop
  endfacet
  facet normal 0 0 1
    outer loop
      vertex 8.94714 26.5209 10.25
      vertex 10.0533 29.444 10.25
      vertex 9.60019 29.6215 10.25
    endloop
  endfacet
  facet normal 0 0 1
    outer loop
      vertex 11.5253 28.2025 10.25
      vertex 9.41641 26.2895 10.25
      vertex 9.85145 25.9988 10.25
    endloop
  endfacet
  facet normal 0 0 1
    outer loop
      vertex 8.45168 26.6891 10.25
      vertex 9.60019 29.6215 10.25
      vertex 9.12782 29.7383 10.25
    endloop
  endfacet
  facet normal 0 0 1
    outer loop
      vertex 10.871 28.9202 10.25
      vertex 8.94714 26.5209 10.25
      vertex 9.41641 26.2895 10.25
    endloop
  endfacet
  facet normal 0 0 1
    outer loop
      vertex 8.45168 26.6891 10.25
      vertex 9.12782 29.7383 10.25
      vertex 8.64425 29.7925 10.25
    endloop
  endfacet
  facet normal 0 0 1
    outer loop
      vertex 9.60019 29.6215 10.25
      vertex 8.45168 26.6891 10.25
      vertex 8.94714 26.5209 10.25
    endloop
  endfacet
  facet normal 0 0 1
    outer loop
      vertex 7.93851 26.7911 10.25
      vertex 8.64425 29.7925 10.25
      vertex 8.15774 29.7831 10.25
    endloop
  endfacet
  facet normal 0 0 1
    outer loop
      vertex 8.64425 29.7925 10.25
      vertex 7.93851 26.7911 10.25
      vertex 8.45168 26.6891 10.25
    endloop
  endfacet
  facet normal -0 0 1
    outer loop
      vertex 7.67661 29.7102 10.25
      vertex 7.93851 26.7911 10.25
      vertex 8.15774 29.7831 10.25
    endloop
  endfacet
  facet normal -0 0 1
    outer loop
      vertex 7.20912 29.5752 10.25
      vertex 7.93851 26.7911 10.25
      vertex 7.67661 29.7102 10.25
    endloop
  endfacet
  facet normal 0 0 1
    outer loop
      vertex 7.93851 26.7911 10.25
      vertex 7.20912 29.5752 10.25
      vertex 7.41641 26.8254 10.25
    endloop
  endfacet
  facet normal -0 0 1
    outer loop
      vertex 6.76325 29.3804 10.25
      vertex 7.41641 26.8254 10.25
      vertex 7.20912 29.5752 10.25
    endloop
  endfacet
  facet normal -0 0 1
    outer loop
      vertex 6.38488 29.1553 10.25
      vertex 7.41641 26.8254 10.25
      vertex 6.76325 29.3804 10.25
    endloop
  endfacet
  facet normal 0 0 1
    outer loop
      vertex 7.41641 26.8254 10.25
      vertex 6.38488 29.1553 10.25
      vertex 6.8943 26.7911 10.25
    endloop
  endfacet
  facet normal 0 0 1
    outer loop
      vertex 6.38488 29.1553 10.25
      vertex 6.38113 26.6891 10.25
      vertex 6.8943 26.7911 10.25
    endloop
  endfacet
  facet normal 0 0 1
    outer loop
      vertex 6.38488 29.1553 10.25
      vertex 5.88567 26.5209 10.25
      vertex 6.38113 26.6891 10.25
    endloop
  endfacet
  facet normal 0 0 1
    outer loop
      vertex 6.38488 29.1553 10.25
      vertex 5.41641 26.2895 10.25
      vertex 5.88567 26.5209 10.25
    endloop
  endfacet
  facet normal 0 0 1
    outer loop
      vertex 6.38488 29.1553 10.25
      vertex 4.98136 25.9988 10.25
      vertex 5.41641 26.2895 10.25
    endloop
  endfacet
  facet normal 0 0 1
    outer loop
      vertex 6.38488 29.1553 10.25
      vertex 4.58798 25.6538 10.25
      vertex 4.98136 25.9988 10.25
    endloop
  endfacet
  facet normal 0 0 1
    outer loop
      vertex 6.38488 29.1553 10.25
      vertex 4.24299 25.2604 10.25
      vertex 4.58798 25.6538 10.25
    endloop
  endfacet
  facet normal 0 0 1
    outer loop
      vertex -6.15845 20.6492 10.25
      vertex 4.24299 25.2604 10.25
      vertex 6.38488 29.1553 10.25
    endloop
  endfacet
  facet normal 0 0 1
    outer loop
      vertex -6.15845 20.6492 10.25
      vertex 3.41641 22.8254 10.25
      vertex 3.45063 23.3475 10.25
    endloop
  endfacet
  facet normal 0 0 1
    outer loop
      vertex 3.41641 22.8254 10.25
      vertex 0 16.75 10.25
      vertex 2.18631 16.6067 10.25
    endloop
  endfacet
  facet normal 0 0 1
    outer loop
      vertex -6.15845 20.6492 10.25
      vertex 3.45063 23.3475 10.25
      vertex 3.5527 23.8606 10.25
    endloop
  endfacet
  facet normal 0 0 1
    outer loop
      vertex -6.15845 20.6492 10.25
      vertex 3.5527 23.8606 10.25
      vertex 3.72089 24.3561 10.25
    endloop
  endfacet
  facet normal 0 0 1
    outer loop
      vertex 3.41641 22.8254 10.25
      vertex -6.15845 20.6492 10.25
      vertex 0 16.75 10.25
    endloop
  endfacet
  facet normal 0 0 1
    outer loop
      vertex -6.15845 20.6492 10.25
      vertex 3.72089 24.3561 10.25
      vertex 3.95231 24.8254 10.25
    endloop
  endfacet
  facet normal 0 0 1
    outer loop
      vertex 4.24299 25.2604 10.25
      vertex -6.15845 20.6492 10.25
      vertex 3.95231 24.8254 10.25
    endloop
  endfacet
  facet normal 0 0 1
    outer loop
      vertex 0 16.75 10.25
      vertex -6.15845 20.6492 10.25
      vertex -2.18631 16.6067 10.25
    endloop
  endfacet
  facet normal 0 0 1
    outer loop
      vertex -2.18631 16.6067 10.25
      vertex -6.15845 20.6492 10.25
      vertex -4.33522 16.1793 10.25
    endloop
  endfacet
  facet normal -0 0 1
    outer loop
      vertex -6.26124 20.5843 10.25
      vertex -4.33522 16.1793 10.25
      vertex -6.15845 20.6492 10.25
    endloop
  endfacet
  facet normal -0 0 1
    outer loop
      vertex -6.29291 20.5657 10.25
      vertex -4.33522 16.1793 10.25
      vertex -6.26124 20.5843 10.25
    endloop
  endfacet
  facet normal -0 0 1
    outer loop
      vertex -6.49877 20.4625 10.25
      vertex -4.33522 16.1793 10.25
      vertex -6.29291 20.5657 10.25
    endloop
  endfacet
  facet normal -0 0 1
    outer loop
      vertex -6.695 20.3943 10.25
      vertex -4.33522 16.1793 10.25
      vertex -6.49877 20.4625 10.25
    endloop
  endfacet
  facet normal 0 0 1
    outer loop
      vertex -4.33522 16.1793 10.25
      vertex -6.695 20.3943 10.25
      vertex -6.40995 15.475 10.25
    endloop
  endfacet
  facet normal -0 0 1
    outer loop
      vertex -6.94992 20.3445 10.25
      vertex -6.40995 15.475 10.25
      vertex -6.695 20.3943 10.25
    endloop
  endfacet
  facet normal -0 0 1
    outer loop
      vertex -7.01524 20.3367 10.25
      vertex -6.40995 15.475 10.25
      vertex -6.94992 20.3445 10.25
    endloop
  endfacet
  facet normal -0 0 1
    outer loop
      vertex -7.17354 20.3248 10.25
      vertex -6.40995 15.475 10.25
      vertex -7.01524 20.3367 10.25
    endloop
  endfacet
  facet normal 0 0 1
    outer loop
      vertex -7.17354 20.3248 10.25
      vertex -8.375 14.5059 10.25
      vertex -6.40995 15.475 10.25
    endloop
  endfacet
  facet normal 0 0 1
    outer loop
      vertex -7.17354 20.3248 10.25
      vertex -10.1968 13.2887 10.25
      vertex -8.375 14.5059 10.25
    endloop
  endfacet
  facet normal -0 0 1
    outer loop
      vertex -18.5625 15.8058 10.25
      vertex -10.1968 13.2887 10.25
      vertex -7.17354 20.3248 10.25
    endloop
  endfacet
  facet normal -0 -0 1
    outer loop
      vertex -18.2639 15.0848 10.25
      vertex -10.1968 13.2887 10.25
      vertex -18.3777 15.46 10.25
    endloop
  endfacet
  facet normal -0 -0 1
    outer loop
      vertex -18.2254 14.6946 10.25
      vertex -11.844 11.844 10.25
      vertex -18.2639 15.0848 10.25
    endloop
  endfacet
  facet normal 0 0 1
    outer loop
      vertex -13.2887 10.1968 10.25
      vertex -18.8112 13.2804 10.25
      vertex -14.5059 8.375 10.25
    endloop
  endfacet
  facet normal -0 0 1
    outer loop
      vertex -18.8112 13.2804 10.25
      vertex -13.2887 10.1968 10.25
      vertex -18.5625 13.5835 10.25
    endloop
  endfacet
  facet normal -0 0 1
    outer loop
      vertex -18.5625 13.5835 10.25
      vertex -13.2887 10.1968 10.25
      vertex -18.3777 13.9293 10.25
    endloop
  endfacet
  facet normal -0 0 1
    outer loop
      vertex -18.3777 13.9293 10.25
      vertex -13.2887 10.1968 10.25
      vertex -18.2639 14.3045 10.25
    endloop
  endfacet
  facet normal 0 0 1
    outer loop
      vertex -11.844 11.844 10.25
      vertex -18.2639 14.3045 10.25
      vertex -13.2887 10.1968 10.25
    endloop
  endfacet
  facet normal -0 0 1
    outer loop
      vertex -18.2639 14.3045 10.25
      vertex -11.844 11.844 10.25
      vertex -18.2254 14.6946 10.25
    endloop
  endfacet
  facet normal 0 0 1
    outer loop
      vertex -10.1968 13.2887 10.25
      vertex -18.2639 15.0848 10.25
      vertex -11.844 11.844 10.25
    endloop
  endfacet
  facet normal 0 0 1
    outer loop
      vertex -10.1968 13.2887 10.25
      vertex -18.5625 15.8058 10.25
      vertex -18.3777 15.46 10.25
    endloop
  endfacet
  facet normal 0 0 1
    outer loop
      vertex -7.17354 20.3248 10.25
      vertex -18.8112 16.1088 10.25
      vertex -18.5625 15.8058 10.25
    endloop
  endfacet
  facet normal 0 0 1
    outer loop
      vertex -7.17354 20.3248 10.25
      vertex -19.1143 16.3576 10.25
      vertex -18.8112 16.1088 10.25
    endloop
  endfacet
  facet normal -0 0 1
    outer loop
      vertex -22.3025 19.8342 10.25
      vertex -19.1143 16.3576 10.25
      vertex -7.17354 20.3248 10.25
    endloop
  endfacet
  facet normal 0 0 1
    outer loop
      vertex -19.1143 16.3576 10.25
      vertex -22.3025 19.8342 10.25
      vertex -19.4601 16.5424 10.25
    endloop
  endfacet
  facet normal 0 0 1
    outer loop
      vertex -19.4601 16.5424 10.25
      vertex -22.3025 19.8342 10.25
      vertex -19.8352 16.6562 10.25
    endloop
  endfacet
  facet normal 0 0 1
    outer loop
      vertex -19.8352 16.6562 10.25
      vertex -22.3025 19.8342 10.25
      vertex -20.2254 16.6946 10.25
    endloop
  endfacet
  facet normal -0 0 1
    outer loop
      vertex -24.1454 19.2758 10.25
      vertex -21.6396 16.1088 10.25
      vertex -23.7162 19.505 10.25
    endloop
  endfacet
  facet normal -0 0 1
    outer loop
      vertex -23.7162 19.505 10.25
      vertex -21.6396 16.1088 10.25
      vertex -23.2607 19.6763 10.25
    endloop
  endfacet
  facet normal 0 0 1
    outer loop
      vertex -21.3366 16.3576 10.25
      vertex -23.2607 19.6763 10.25
      vertex -21.6396 16.1088 10.25
    endloop
  endfacet
  facet normal -0 0 1
    outer loop
      vertex -23.2607 19.6763 10.25
      vertex -21.3366 16.3576 10.25
      vertex -22.7868 19.7866 10.25
    endloop
  endfacet
  facet normal -0 0 1
    outer loop
      vertex -22.7868 19.7866 10.25
      vertex -21.3366 16.3576 10.25
      vertex -22.3025 19.8342 10.25
    endloop
  endfacet
  facet normal 0 0 1
    outer loop
      vertex -20.9908 16.5424 10.25
      vertex -22.3025 19.8342 10.25
      vertex -21.3366 16.3576 10.25
    endloop
  endfacet
  facet normal 0 0 1
    outer loop
      vertex -20.6156 16.6562 10.25
      vertex -22.3025 19.8342 10.25
      vertex -20.9908 16.5424 10.25
    endloop
  endfacet
  facet normal 0 0 1
    outer loop
      vertex -20.2254 16.6946 10.25
      vertex -22.3025 19.8342 10.25
      vertex -20.6156 16.6562 10.25
    endloop
  endfacet
  facet normal 0 0 1
    outer loop
      vertex 24.2282 0.430736 10.25
      vertex 16.6067 2.18631 10.25
      vertex 16.75 0 10.25
    endloop
  endfacet
  facet normal 0 0 1
    outer loop
      vertex 17.1735 12.9564 10.25
      vertex 16.1793 4.33522 10.25
      vertex 16.6067 2.18631 10.25
    endloop
  endfacet
  facet normal 0 0 1
    outer loop
      vertex 17.1735 12.9564 10.25
      vertex 15.475 6.40995 10.25
      vertex 16.1793 4.33522 10.25
    endloop
  endfacet
  facet normal 0 0 1
    outer loop
      vertex 17.1735 12.9564 10.25
      vertex 14.5059 8.375 10.25
      vertex 15.475 6.40995 10.25
    endloop
  endfacet
  facet normal 0 0 1
    outer loop
      vertex 17.1735 12.9564 10.25
      vertex 13.2887 10.1968 10.25
      vertex 14.5059 8.375 10.25
    endloop
  endfacet
  facet normal -0 0 1
    outer loop
      vertex 11.4164 22.8254 10.25
      vertex 17.1133 13.103 10.25
      vertex 11.9715 27.34 10.25
    endloop
  endfacet
  facet normal -0 0 1
    outer loop
      vertex 11.3822 22.3033 10.25
      vertex 17.1133 13.103 10.25
      vertex 11.4164 22.8254 10.25
    endloop
  endfacet
  facet normal 0 0 1
    outer loop
      vertex 9.85145 25.9988 10.25
      vertex 11.7767 27.7859 10.25
      vertex 11.5253 28.2025 10.25
    endloop
  endfacet
  facet normal 0 0 1
    outer loop
      vertex 11.7767 27.7859 10.25
      vertex 9.85145 25.9988 10.25
      vertex 11.9715 27.34 10.25
    endloop
  endfacet
  facet normal -0 0 1
    outer loop
      vertex 11.2801 21.7901 10.25
      vertex 17.1133 13.103 10.25
      vertex 11.3822 22.3033 10.25
    endloop
  endfacet
  facet normal -0 0 1
    outer loop
      vertex 11.1119 21.2946 10.25
      vertex 17.1133 13.103 10.25
      vertex 11.2801 21.7901 10.25
    endloop
  endfacet
  facet normal -0 0 1
    outer loop
      vertex 10.8805 20.8254 10.25
      vertex 17.1133 13.103 10.25
      vertex 11.1119 21.2946 10.25
    endloop
  endfacet
  facet normal 0 0 1
    outer loop
      vertex 17.1133 13.103 10.25
      vertex 11.844 11.844 10.25
      vertex 13.2887 10.1968 10.25
    endloop
  endfacet
  facet normal -0 0 1
    outer loop
      vertex 10.5898 20.3903 10.25
      vertex 17.1133 13.103 10.25
      vertex 10.8805 20.8254 10.25
    endloop
  endfacet
  facet normal -0 0 1
    outer loop
      vertex 10.2448 19.9969 10.25
      vertex 17.1133 13.103 10.25
      vertex 10.5898 20.3903 10.25
    endloop
  endfacet
  facet normal -0 0 1
    outer loop
      vertex 10.1968 13.2887 10.25
      vertex 17.1133 13.103 10.25
      vertex 10.2448 19.9969 10.25
    endloop
  endfacet
  facet normal 0 0 1
    outer loop
      vertex 17.1133 13.103 10.25
      vertex 10.1968 13.2887 10.25
      vertex 11.844 11.844 10.25
    endloop
  endfacet
  facet normal -0 0 1
    outer loop
      vertex 9.85145 19.6519 10.25
      vertex 10.1968 13.2887 10.25
      vertex 10.2448 19.9969 10.25
    endloop
  endfacet
  facet normal -0 0 1
    outer loop
      vertex 9.41641 19.3613 10.25
      vertex 10.1968 13.2887 10.25
      vertex 9.85145 19.6519 10.25
    endloop
  endfacet
  facet normal 0 0 1
    outer loop
      vertex 8.375 14.5059 10.25
      vertex 9.41641 19.3613 10.25
      vertex 8.94714 19.1298 10.25
    endloop
  endfacet
  facet normal 0 0 1
    outer loop
      vertex 8.375 14.5059 10.25
      vertex 8.94714 19.1298 10.25
      vertex 8.45168 18.9617 10.25
    endloop
  endfacet
  facet normal 0 0 1
    outer loop
      vertex 9.41641 19.3613 10.25
      vertex 8.375 14.5059 10.25
      vertex 10.1968 13.2887 10.25
    endloop
  endfacet
  facet normal -0 0 1
    outer loop
      vertex 7.93851 18.8596 10.25
      vertex 8.375 14.5059 10.25
      vertex 8.45168 18.9617 10.25
    endloop
  endfacet
  facet normal 0 0 1
    outer loop
      vertex 6.40995 15.475 10.25
      vertex 7.93851 18.8596 10.25
      vertex 7.41641 18.8254 10.25
    endloop
  endfacet
  facet normal 0 0 1
    outer loop
      vertex 6.40995 15.475 10.25
      vertex 7.41641 18.8254 10.25
      vertex 6.8943 18.8596 10.25
    endloop
  endfacet
  facet normal 0 0 1
    outer loop
      vertex 7.93851 18.8596 10.25
      vertex 6.40995 15.475 10.25
      vertex 8.375 14.5059 10.25
    endloop
  endfacet
  facet normal 0 0 1
    outer loop
      vertex 6.38113 18.9617 10.25
      vertex 6.40995 15.475 10.25
      vertex 6.8943 18.8596 10.25
    endloop
  endfacet
  facet normal 0 0 1
    outer loop
      vertex 4.33522 16.1793 10.25
      vertex 6.38113 18.9617 10.25
      vertex 5.88567 19.1298 10.25
    endloop
  endfacet
  facet normal 0 0 1
    outer loop
      vertex 4.33522 16.1793 10.25
      vertex 5.88567 19.1298 10.25
      vertex 5.41641 19.3613 10.25
    endloop
  endfacet
  facet normal 0 0 1
    outer loop
      vertex 4.33522 16.1793 10.25
      vertex 5.41641 19.3613 10.25
      vertex 4.98136 19.6519 10.25
    endloop
  endfacet
  facet normal 0 0 1
    outer loop
      vertex 2.18631 16.6067 10.25
      vertex 4.98136 19.6519 10.25
      vertex 4.58798 19.9969 10.25
    endloop
  endfacet
  facet normal 0 0 1
    outer loop
      vertex 6.38113 18.9617 10.25
      vertex 4.33522 16.1793 10.25
      vertex 6.40995 15.475 10.25
    endloop
  endfacet
  facet normal 0 0 1
    outer loop
      vertex 2.18631 16.6067 10.25
      vertex 4.58798 19.9969 10.25
      vertex 4.24299 20.3903 10.25
    endloop
  endfacet
  facet normal 0 0 1
    outer loop
      vertex 2.18631 16.6067 10.25
      vertex 4.24299 20.3903 10.25
      vertex 3.95231 20.8254 10.25
    endloop
  endfacet
  facet normal 0 0 1
    outer loop
      vertex 2.18631 16.6067 10.25
      vertex 3.95231 20.8254 10.25
      vertex 3.72089 21.2946 10.25
    endloop
  endfacet
  facet normal 0 0 1
    outer loop
      vertex 2.18631 16.6067 10.25
      vertex 3.72089 21.2946 10.25
      vertex 3.5527 21.7901 10.25
    endloop
  endfacet
  facet normal 0 0 1
    outer loop
      vertex 2.18631 16.6067 10.25
      vertex 3.5527 21.7901 10.25
      vertex 3.45063 22.3033 10.25
    endloop
  endfacet
  facet normal 0 0 1
    outer loop
      vertex 4.98136 19.6519 10.25
      vertex 2.18631 16.6067 10.25
      vertex 4.33522 16.1793 10.25
    endloop
  endfacet
  facet normal 0 0 1
    outer loop
      vertex 2.18631 16.6067 10.25
      vertex 3.45063 22.3033 10.25
      vertex 3.41641 22.8254 10.25
    endloop
  endfacet
  facet normal 0 0 1
    outer loop
      vertex 31.1383 0.023201 10.25
      vertex 30.7976 0.036257 10.25
      vertex 30.8 0 10.25
    endloop
  endfacet
  facet normal 0 0 1
    outer loop
      vertex 31.0056 0.985201 10.25
      vertex 30.7718 0.430736 10.25
      vertex 30.7976 0.036257 10.25
    endloop
  endfacet
  facet normal 0 0 1
    outer loop
      vertex 31.0056 0.985201 10.25
      vertex 30.6946 0.818465 10.25
      vertex 30.7718 0.430736 10.25
    endloop
  endfacet
  facet normal 0 0 1
    outer loop
      vertex 31.0056 0.985201 10.25
      vertex 30.6876 0.854102 10.25
      vertex 30.6946 0.818465 10.25
    endloop
  endfacet
  facet normal -0 0 1
    outer loop
      vertex 30.3579 1.65 10.25
      vertex 30.8463 1.44499 10.25
      vertex 30.6284 1.88006 10.25
    endloop
  endfacet
  facet normal 0 0 1
    outer loop
      vertex 31.0056 0.985201 10.25
      vertex 30.5605 1.22845 10.25
      vertex 30.6876 0.854102 10.25
    endloop
  endfacet
  facet normal 0 0 1
    outer loop
      vertex 30.8463 1.44499 10.25
      vertex 30.5488 1.26286 10.25
      vertex 30.5605 1.22845 10.25
    endloop
  endfacet
  facet normal 0 0 1
    outer loop
      vertex 30.8463 1.44499 10.25
      vertex 30.5327 1.29544 10.25
      vertex 30.5488 1.26286 10.25
    endloop
  endfacet
  facet normal 0 0 1
    outer loop
      vertex 30.8463 1.44499 10.25
      vertex 30.3579 1.65 10.25
      vertex 30.5327 1.29544 10.25
    endloop
  endfacet
  facet normal -0 0 1
    outer loop
      vertex 30.1181 2.00891 10.25
      vertex 30.6284 1.88006 10.25
      vertex 30.3555 2.28297 10.25
    endloop
  endfacet
  facet normal 0 0 1
    outer loop
      vertex 30.6284 1.88006 10.25
      vertex 30.3377 1.68021 10.25
      vertex 30.3579 1.65 10.25
    endloop
  endfacet
  facet normal 0 0 1
    outer loop
      vertex 30.6284 1.88006 10.25
      vertex 30.1181 2.00891 10.25
      vertex 30.3377 1.68021 10.25
    endloop
  endfacet
  facet normal 0 0 1
    outer loop
      vertex 30.3555 2.28297 10.25
      vertex 30.0941 2.03623 10.25
      vertex 30.1181 2.00891 10.25
    endloop
  endfacet
  facet normal -0 0 1
    outer loop
      vertex 29.8335 2.33345 10.25
      vertex 30.3555 2.28297 10.25
      vertex 30.0324 2.6468 10.25
    endloop
  endfacet
  facet normal 0 0 1
    outer loop
      vertex 30.3555 2.28297 10.25
      vertex 29.8335 2.33345 10.25
      vertex 30.0941 2.03623 10.25
    endloop
  endfacet
  facet normal 0 0 1
    outer loop
      vertex 29.5362 2.59411 10.25
      vertex 30.0324 2.6468 10.25
      vertex 29.7014 2.93709 10.25
    endloop
  endfacet
  facet normal 0 0 1
    outer loop
      vertex 30.0324 2.6468 10.25
      vertex 29.5362 2.59411 10.25
      vertex 29.8335 2.33345 10.25
    endloop
  endfacet
  facet normal 0 0 1
    outer loop
      vertex 29.7014 2.93709 10.25
      vertex 29.5089 2.61807 10.25
      vertex 29.5362 2.59411 10.25
    endloop
  endfacet
  facet normal 0 0 1
    outer loop
      vertex 29.7014 2.93709 10.25
      vertex 29.1802 2.8377 10.25
      vertex 29.5089 2.61807 10.25
    endloop
  endfacet
  facet normal 0 0 1
    outer loop
      vertex 29.7014 2.93709 10.25
      vertex 29.15 2.85788 10.25
      vertex 29.1802 2.8377 10.25
    endloop
  endfacet
  facet normal 0 0 1
    outer loop
      vertex 29.7014 2.93709 10.25
      vertex 28.7954 3.03273 10.25
      vertex 29.15 2.85788 10.25
    endloop
  endfacet
  facet normal 0 0 1
    outer loop
      vertex 29.7014 2.93709 10.25
      vertex 28.7629 3.0488 10.25
      vertex 28.7954 3.03273 10.25
    endloop
  endfacet
  facet normal 0 0 1
    outer loop
      vertex 29.7014 2.93709 10.25
      vertex 28.7284 3.06048 10.25
      vertex 28.7629 3.0488 10.25
    endloop
  endfacet
  facet normal 0 0 1
    outer loop
      vertex 29.7014 2.93709 10.25
      vertex 28.3541 3.18756 10.25
      vertex 28.7284 3.06048 10.25
    endloop
  endfacet
  facet normal 0 0 1
    outer loop
      vertex 17.7355 12.238 10.25
      vertex 28.3541 3.18756 10.25
      vertex 29.7014 2.93709 10.25
    endloop
  endfacet
  facet normal 0 0 1
    outer loop
      vertex 28.3541 3.18756 10.25
      vertex 17.7355 12.238 10.25
      vertex 28.3185 3.19464 10.25
    endloop
  endfacet
  facet normal 0 0 1
    outer loop
      vertex 17.7355 12.238 10.25
      vertex 27.5363 3.29762 10.25
      vertex 27.9307 3.27177 10.25
    endloop
  endfacet
  facet normal 0 0 1
    outer loop
      vertex 17.7355 12.238 10.25
      vertex 27.4637 3.29762 10.25
      vertex 27.5 3.3 10.25
    endloop
  endfacet
  facet normal 0 0 1
    outer loop
      vertex 17.7355 12.238 10.25
      vertex 26.2716 3.06048 10.25
      vertex 26.6459 3.18756 10.25
    endloop
  endfacet
  facet normal 0 0 1
    outer loop
      vertex 17.7355 12.238 10.25
      vertex 26.2046 3.03273 10.25
      vertex 26.2371 3.0488 10.25
    endloop
  endfacet
  facet normal 0 0 1
    outer loop
      vertex 17.7355 12.238 10.25
      vertex 25.4638 2.59411 10.25
      vertex 25.4911 2.61807 10.25
    endloop
  endfacet
  facet normal 0 0 1
    outer loop
      vertex 16.6067 2.18631 10.25
      vertex 25.1665 2.33345 10.25
      vertex 17.7355 12.238 10.25
    endloop
  endfacet
  facet normal 0 0 1
    outer loop
      vertex 16.6067 2.18631 10.25
      vertex 24.3054 0.818465 10.25
      vertex 24.3124 0.854102 10.25
    endloop
  endfacet
  facet normal 0 0 1
    outer loop
      vertex 16.75 0 10.25
      vertex 24.2 0 10.25
      vertex 24.2024 0.036257 10.25
    endloop
  endfacet
  facet normal 0 0 1
    outer loop
      vertex 16.75 0 10.25
      vertex 24.2024 0.036257 10.25
      vertex 24.2282 0.430736 10.25
    endloop
  endfacet
  facet normal 0 0 1
    outer loop
      vertex 16.6067 2.18631 10.25
      vertex 24.2282 0.430736 10.25
      vertex 24.3054 0.818465 10.25
    endloop
  endfacet
  facet normal 0 0 1
    outer loop
      vertex 16.6067 2.18631 10.25
      vertex 24.3124 0.854102 10.25
      vertex 24.4395 1.22845 10.25
    endloop
  endfacet
  facet normal 0 0 1
    outer loop
      vertex 16.6067 2.18631 10.25
      vertex 24.4395 1.22845 10.25
      vertex 24.4512 1.26286 10.25
    endloop
  endfacet
  facet normal 0 0 1
    outer loop
      vertex 16.6067 2.18631 10.25
      vertex 24.4512 1.26286 10.25
      vertex 24.4673 1.29544 10.25
    endloop
  endfacet
  facet normal 0 0 1
    outer loop
      vertex 16.6067 2.18631 10.25
      vertex 24.4673 1.29544 10.25
      vertex 24.6421 1.65 10.25
    endloop
  endfacet
  facet normal 0 0 1
    outer loop
      vertex 28.3185 3.19464 10.25
      vertex 17.7355 12.238 10.25
      vertex 27.9307 3.27177 10.25
    endloop
  endfacet
  facet normal 0 0 1
    outer loop
      vertex 27.5363 3.29762 10.25
      vertex 17.7355 12.238 10.25
      vertex 27.5 3.3 10.25
    endloop
  endfacet
  facet normal 0 0 1
    outer loop
      vertex 27.4637 3.29762 10.25
      vertex 17.7355 12.238 10.25
      vertex 27.0693 3.27177 10.25
    endloop
  endfacet
  facet normal 0 0 1
    outer loop
      vertex 17.7355 12.238 10.25
      vertex 26.6815 3.19464 10.25
      vertex 27.0693 3.27177 10.25
    endloop
  endfacet
  facet normal 0 0 1
    outer loop
      vertex 17.7355 12.238 10.25
      vertex 26.6459 3.18756 10.25
      vertex 26.6815 3.19464 10.25
    endloop
  endfacet
  facet normal 0 0 1
    outer loop
      vertex 26.2716 3.06048 10.25
      vertex 17.7355 12.238 10.25
      vertex 26.2371 3.0488 10.25
    endloop
  endfacet
  facet normal 0 0 1
    outer loop
      vertex 26.2046 3.03273 10.25
      vertex 17.7355 12.238 10.25
      vertex 25.85 2.85788 10.25
    endloop
  endfacet
  facet normal 0 0 1
    outer loop
      vertex 17.7355 12.238 10.25
      vertex 25.8198 2.8377 10.25
      vertex 25.85 2.85788 10.25
    endloop
  endfacet
  facet normal 0 0 1
    outer loop
      vertex 17.7355 12.238 10.25
      vertex 25.4911 2.61807 10.25
      vertex 25.8198 2.8377 10.25
    endloop
  endfacet
  facet normal 0 0 1
    outer loop
      vertex 25.4638 2.59411 10.25
      vertex 17.7355 12.238 10.25
      vertex 25.1665 2.33345 10.25
    endloop
  endfacet
  facet normal 0 0 1
    outer loop
      vertex 25.1665 2.33345 10.25
      vertex 16.6067 2.18631 10.25
      vertex 24.9059 2.03623 10.25
    endloop
  endfacet
  facet normal 0 0 1
    outer loop
      vertex 24.9059 2.03623 10.25
      vertex 16.6067 2.18631 10.25
      vertex 24.8819 2.00891 10.25
    endloop
  endfacet
  facet normal 0 0 1
    outer loop
      vertex 16.6067 2.18631 10.25
      vertex 24.6623 1.68021 10.25
      vertex 24.8819 2.00891 10.25
    endloop
  endfacet
  facet normal 0 0 1
    outer loop
      vertex 16.6067 2.18631 10.25
      vertex 24.6421 1.65 10.25
      vertex 24.6623 1.68021 10.25
    endloop
  endfacet
  facet normal 0 0 1
    outer loop
      vertex 16.6067 2.18631 10.25
      vertex 17.7355 12.238 10.25
      vertex 17.6421 12.3156 10.25
    endloop
  endfacet
  facet normal 0 0 1
    outer loop
      vertex 24.2 0 10.25
      vertex 16.75 0 10.25
      vertex 16.6067 -2.18631 10.25
    endloop
  endfacet
  facet normal 0 0 1
    outer loop
      vertex 16.6067 2.18631 10.25
      vertex 17.6421 12.3156 10.25
      vertex 17.6147 12.3399 10.25
    endloop
  endfacet
  facet normal 0 0 1
    outer loop
      vertex 24.2 0 10.25
      vertex 16.6067 -2.18631 10.25
      vertex 16.1793 -4.33522 10.25
    endloop
  endfacet
  facet normal 0 0 1
    outer loop
      vertex 16.6067 2.18631 10.25
      vertex 17.6147 12.3399 10.25
      vertex 17.4526 12.5041 10.25
    endloop
  endfacet
  facet normal 0 0 1
    outer loop
      vertex 24.2 0 10.25
      vertex 16.1793 -4.33522 10.25
      vertex 17.7502 -12.2266 10.25
    endloop
  endfacet
  facet normal 0 0 1
    outer loop
      vertex 16.6067 2.18631 10.25
      vertex 17.4526 12.5041 10.25
      vertex 17.3274 12.6694 10.25
    endloop
  endfacet
  facet normal -0 0 1
    outer loop
      vertex 15.475 -6.40995 10.25
      vertex 17.7502 -12.2266 10.25
      vertex 16.1793 -4.33522 10.25
    endloop
  endfacet
  facet normal 0 0 1
    outer loop
      vertex 16.6067 2.18631 10.25
      vertex 17.3274 12.6694 10.25
      vertex 17.201 12.8967 10.25
    endloop
  endfacet
  facet normal -0 0 1
    outer loop
      vertex 14.5059 -8.375 10.25
      vertex 17.7502 -12.2266 10.25
      vertex 15.475 -6.40995 10.25
    endloop
  endfacet
  facet normal 0 0 1
    outer loop
      vertex 16.6067 2.18631 10.25
      vertex 17.201 12.8967 10.25
      vertex 17.1735 12.9564 10.25
    endloop
  endfacet
  facet normal 0 0 1
    outer loop
      vertex 17.7502 -12.2266 10.25
      vertex 14.5059 -8.375 10.25
      vertex 17.6289 -12.3294 10.25
    endloop
  endfacet
  facet normal 0 0 1
    outer loop
      vertex 17.6289 -12.3294 10.25
      vertex 14.5059 -8.375 10.25
      vertex 17.5808 -12.3739 10.25
    endloop
  endfacet
  facet normal 0 0 1
    outer loop
      vertex 13.2887 10.1968 10.25
      vertex 17.1735 12.9564 10.25
      vertex 17.1133 13.103 10.25
    endloop
  endfacet
  facet normal -0 0 1
    outer loop
      vertex 13.2887 -10.1968 10.25
      vertex 17.5808 -12.3739 10.25
      vertex 14.5059 -8.375 10.25
    endloop
  endfacet
  facet normal 0 0 1
    outer loop
      vertex 17.5808 -12.3739 10.25
      vertex 13.2887 -10.1968 10.25
      vertex 17.4038 -12.5642 10.25
    endloop
  endfacet
  facet normal 0 0 1
    outer loop
      vertex 17.4038 -12.5642 10.25
      vertex 13.2887 -10.1968 10.25
      vertex 17.2852 -12.7345 10.25
    endloop
  endfacet
  facet normal 0 0 1
    outer loop
      vertex 17.2852 -12.7345 10.25
      vertex 13.2887 -10.1968 10.25
      vertex 17.1792 -12.9394 10.25
    endloop
  endfacet
  facet normal 0 0 1
    outer loop
      vertex 17.1792 -12.9394 10.25
      vertex 13.2887 -10.1968 10.25
      vertex 17.1646 -12.9728 10.25
    endloop
  endfacet
  facet normal 0 0 1
    outer loop
      vertex 17.1646 -12.9728 10.25
      vertex 13.2887 -10.1968 10.25
      vertex 17.1196 -13.0856 10.25
    endloop
  endfacet
  facet normal -0 0 1
    outer loop
      vertex 11.844 -11.844 10.25
      vertex 17.1196 -13.0856 10.25
      vertex 13.2887 -10.1968 10.25
    endloop
  endfacet
  facet normal 0 0 1
    outer loop
      vertex 10.1968 -13.2887 10.25
      vertex 17.1196 -13.0856 10.25
      vertex 11.844 -11.844 10.25
    endloop
  endfacet
  facet normal 0 0 1
    outer loop
      vertex 17.1196 -13.0856 10.25
      vertex 8.93283 -23.4529 10.25
      vertex 11.9716 -27.34 10.25
    endloop
  endfacet
  facet normal -0 -0 1
    outer loop
      vertex 8.97542 -23.7764 10.25
      vertex 11.9716 -27.34 10.25
      vertex 8.93283 -23.4529 10.25
    endloop
  endfacet
  facet normal -0 0 1
    outer loop
      vertex 8.93283 -24.0999 10.25
      vertex 11.9716 -27.34 10.25
      vertex 8.97542 -23.7764 10.25
    endloop
  endfacet
  facet normal -0 0 1
    outer loop
      vertex 8.80796 -24.4014 10.25
      vertex 11.9716 -27.34 10.25
      vertex 8.93283 -24.0999 10.25
    endloop
  endfacet
  facet normal -0 0 1
    outer loop
      vertex 8.60931 -24.6603 10.25
      vertex 11.9716 -27.34 10.25
      vertex 8.80796 -24.4014 10.25
    endloop
  endfacet
  facet normal 0 0 1
    outer loop
      vertex 8.60931 -22.8925 10.25
      vertex 17.1196 -13.0856 10.25
      vertex 10.1968 -13.2887 10.25
    endloop
  endfacet
  facet normal 0 0 1
    outer loop
      vertex 11.9716 -27.34 10.25
      vertex 8.35042 -24.8589 10.25
      vertex 11.7978 -27.7446 10.25
    endloop
  endfacet
  facet normal 0 0 1
    outer loop
      vertex 11.7978 -27.7446 10.25
      vertex 8.35042 -24.8589 10.25
      vertex 11.5516 -28.1643 10.25
    endloop
  endfacet
  facet normal 0 0 1
    outer loop
      vertex 11.5516 -28.1643 10.25
      vertex 8.35042 -24.8589 10.25
      vertex 11.2527 -28.5483 10.25
    endloop
  endfacet
  facet normal 0 0 1
    outer loop
      vertex 11.2527 -28.5483 10.25
      vertex 8.35042 -24.8589 10.25
      vertex 10.9063 -28.89 10.25
    endloop
  endfacet
  facet normal -0 0 1
    outer loop
      vertex 8.35042 -24.8589 10.25
      vertex 11.9716 -27.34 10.25
      vertex 8.60931 -24.6603 10.25
    endloop
  endfacet
  facet normal 0 0 1
    outer loop
      vertex 17.1196 -13.0856 10.25
      vertex 8.80796 -23.1514 10.25
      vertex 8.93283 -23.4529 10.25
    endloop
  endfacet
  facet normal 0 0 1
    outer loop
      vertex 17.1196 -13.0856 10.25
      vertex 8.60931 -22.8925 10.25
      vertex 8.80796 -23.1514 10.25
    endloop
  endfacet
  facet normal -0 0 1
    outer loop
      vertex 8.375 -14.5059 10.25
      vertex 8.60931 -22.8925 10.25
      vertex 10.1968 -13.2887 10.25
    endloop
  endfacet
  facet normal 0 0 1
    outer loop
      vertex 8.375 -14.5059 10.25
      vertex 8.35042 -22.6939 10.25
      vertex 8.60931 -22.8925 10.25
    endloop
  endfacet
  facet normal 0 0 1
    outer loop
      vertex 8.375 -14.5059 10.25
      vertex 8.04895 -22.569 10.25
      vertex 8.35042 -22.6939 10.25
    endloop
  endfacet
  facet normal -0 0 1
    outer loop
      vertex 6.40995 -15.475 10.25
      vertex 8.04895 -22.569 10.25
      vertex 8.375 -14.5059 10.25
    endloop
  endfacet
  facet normal 0 0 1
    outer loop
      vertex 8.04895 -22.569 10.25
      vertex 6.40995 -15.475 10.25
      vertex 7.72542 -22.5264 10.25
    endloop
  endfacet
  facet normal 0 0 1
    outer loop
      vertex 7.72542 -22.5264 10.25
      vertex 6.40995 -15.475 10.25
      vertex 7.4019 -22.569 10.25
    endloop
  endfacet
  facet normal -0 0 1
    outer loop
      vertex 4.33522 -16.1793 10.25
      vertex 7.4019 -22.569 10.25
      vertex 6.40995 -15.475 10.25
    endloop
  endfacet
  facet normal 0 0 1
    outer loop
      vertex 7.4019 -22.569 10.25
      vertex 4.33522 -16.1793 10.25
      vertex 7.10042 -22.6939 10.25
    endloop
  endfacet
  facet normal 0 0 1
    outer loop
      vertex 7.10042 -22.6939 10.25
      vertex 4.33522 -16.1793 10.25
      vertex 6.84154 -22.8925 10.25
    endloop
  endfacet
  facet normal 0 0 1
    outer loop
      vertex 6.84154 -22.8925 10.25
      vertex 2.18631 -16.6067 10.25
      vertex 6.64289 -23.1514 10.25
    endloop
  endfacet
  facet normal -0 0 1
    outer loop
      vertex 2.18631 -16.6067 10.25
      vertex 6.84154 -22.8925 10.25
      vertex 4.33522 -16.1793 10.25
    endloop
  endfacet
  facet normal -0 0 1
    outer loop
      vertex 30.7976 0.036257 10.25
      vertex 31.1383 0.023201 10.25
      vertex 31.1035 0.508551 10.25
    endloop
  endfacet
  facet normal 0 0 1
    outer loop
      vertex 30.7976 -0.036257 10.25
      vertex 31.1383 0.023201 10.25
      vertex 30.8 0 10.25
    endloop
  endfacet
  facet normal 0 0 1
    outer loop
      vertex 30.7976 0.036257 10.25
      vertex 31.1035 0.508551 10.25
      vertex 31.0056 0.985201 10.25
    endloop
  endfacet
  facet normal 0 0 1
    outer loop
      vertex 31.1383 0.023201 10.25
      vertex 30.7976 -0.036257 10.25
      vertex 31.1095 -0.462544 10.25
    endloop
  endfacet
  facet normal -0 0 1
    outer loop
      vertex 30.5605 1.22845 10.25
      vertex 31.0056 0.985201 10.25
      vertex 30.8463 1.44499 10.25
    endloop
  endfacet
  facet normal -0 0 1
    outer loop
      vertex 30.7718 -0.430736 10.25
      vertex 31.1095 -0.462544 10.25
      vertex 30.7976 -0.036257 10.25
    endloop
  endfacet
  facet normal 0 0 1
    outer loop
      vertex 30.6946 -0.818465 10.25
      vertex 31.1095 -0.462544 10.25
      vertex 30.7718 -0.430736 10.25
    endloop
  endfacet
  facet normal 0 0 1
    outer loop
      vertex 31.1095 -0.462544 10.25
      vertex 30.6946 -0.818465 10.25
      vertex 31.0176 -0.940372 10.25
    endloop
  endfacet
  facet normal -0 0 1
    outer loop
      vertex 30.6876 -0.854102 10.25
      vertex 31.0176 -0.940372 10.25
      vertex 30.6946 -0.818465 10.25
    endloop
  endfacet
  facet normal 0 0 1
    outer loop
      vertex 30.5605 -1.22845 10.25
      vertex 31.0176 -0.940372 10.25
      vertex 30.6876 -0.854102 10.25
    endloop
  endfacet
  facet normal 0 0 1
    outer loop
      vertex 31.0176 -0.940372 10.25
      vertex 30.5605 -1.22845 10.25
      vertex 30.8641 -1.40211 10.25
    endloop
  endfacet
  facet normal -0 0 1
    outer loop
      vertex 30.5488 -1.26286 10.25
      vertex 30.8641 -1.40211 10.25
      vertex 30.5605 -1.22845 10.25
    endloop
  endfacet
  facet normal -0 0 1
    outer loop
      vertex 30.5327 -1.29544 10.25
      vertex 30.8641 -1.40211 10.25
      vertex 30.5488 -1.26286 10.25
    endloop
  endfacet
  facet normal 0 0 1
    outer loop
      vertex 30.8641 -1.40211 10.25
      vertex 30.5327 -1.29544 10.25
      vertex 30.6516 -1.83986 10.25
    endloop
  endfacet
  facet normal -0 0 1
    outer loop
      vertex 30.3579 -1.65 10.25
      vertex 30.6516 -1.83986 10.25
      vertex 30.5327 -1.29544 10.25
    endloop
  endfacet
  facet normal -0 0 1
    outer loop
      vertex 30.3377 -1.68021 10.25
      vertex 30.6516 -1.83986 10.25
      vertex 30.3579 -1.65 10.25
    endloop
  endfacet
  facet normal 0 0 1
    outer loop
      vertex 30.1181 -2.00891 10.25
      vertex 30.6516 -1.83986 10.25
      vertex 30.3377 -1.68021 10.25
    endloop
  endfacet
  facet normal 0 0 1
    outer loop
      vertex 30.6516 -1.83986 10.25
      vertex 30.1181 -2.00891 10.25
      vertex 30.3838 -2.24614 10.25
    endloop
  endfacet
  facet normal -0 0 1
    outer loop
      vertex 30.0941 -2.03623 10.25
      vertex 30.3838 -2.24614 10.25
      vertex 30.1181 -2.00891 10.25
    endloop
  endfacet
  facet normal 0 0 1
    outer loop
      vertex 29.8335 -2.33345 10.25
      vertex 30.3838 -2.24614 10.25
      vertex 30.0941 -2.03623 10.25
    endloop
  endfacet
  facet normal 0 0 1
    outer loop
      vertex 30.3838 -2.24614 10.25
      vertex 29.8335 -2.33345 10.25
      vertex 30.0652 -2.61398 10.25
    endloop
  endfacet
  facet normal -0 0 1
    outer loop
      vertex 29.5362 -2.59411 10.25
      vertex 30.0652 -2.61398 10.25
      vertex 29.8335 -2.33345 10.25
    endloop
  endfacet
  facet normal 0 0 1
    outer loop
      vertex 30.0652 -2.61398 10.25
      vertex 29.5362 -2.59411 10.25
      vertex 29.7014 -2.93709 10.25
    endloop
  endfacet
  facet normal -0 0 1
    outer loop
      vertex 29.5089 -2.61807 10.25
      vertex 29.7014 -2.93709 10.25
      vertex 29.5362 -2.59411 10.25
    endloop
  endfacet
  facet normal -0 0 1
    outer loop
      vertex 29.1802 -2.8377 10.25
      vertex 29.7014 -2.93709 10.25
      vertex 29.5089 -2.61807 10.25
    endloop
  endfacet
  facet normal -0 0 1
    outer loop
      vertex 29.15 -2.85788 10.25
      vertex 29.7014 -2.93709 10.25
      vertex 29.1802 -2.8377 10.25
    endloop
  endfacet
  facet normal 0 0 1
    outer loop
      vertex 28.7954 -3.03273 10.25
      vertex 29.7014 -2.93709 10.25
      vertex 29.15 -2.85788 10.25
    endloop
  endfacet
  facet normal 0 0 1
    outer loop
      vertex 28.7629 -3.0488 10.25
      vertex 29.7014 -2.93709 10.25
      vertex 28.7954 -3.03273 10.25
    endloop
  endfacet
  facet normal 0 0 1
    outer loop
      vertex 28.7284 -3.06048 10.25
      vertex 29.7014 -2.93709 10.25
      vertex 28.7629 -3.0488 10.25
    endloop
  endfacet
  facet normal 0 0 1
    outer loop
      vertex 28.3541 -3.18756 10.25
      vertex 29.7014 -2.93709 10.25
      vertex 28.7284 -3.06048 10.25
    endloop
  endfacet
  facet normal 0 0 1
    outer loop
      vertex 17.7502 -12.2266 10.25
      vertex 28.3541 -3.18756 10.25
      vertex 28.3185 -3.19464 10.25
    endloop
  endfacet
  facet normal 0 0 1
    outer loop
      vertex 17.7502 -12.2266 10.25
      vertex 28.3185 -3.19464 10.25
      vertex 27.9307 -3.27177 10.25
    endloop
  endfacet
  facet normal 0 0 1
    outer loop
      vertex 17.7502 -12.2266 10.25
      vertex 27.5363 -3.29762 10.25
      vertex 27.5 -3.3 10.25
    endloop
  endfacet
  facet normal 0 0 1
    outer loop
      vertex 17.7502 -12.2266 10.25
      vertex 27.4637 -3.29762 10.25
      vertex 27.0693 -3.27177 10.25
    endloop
  endfacet
  facet normal 0 0 1
    outer loop
      vertex 17.7502 -12.2266 10.25
      vertex 26.2716 -3.06048 10.25
      vertex 26.2371 -3.0488 10.25
    endloop
  endfacet
  facet normal 0 0 1
    outer loop
      vertex 17.7502 -12.2266 10.25
      vertex 26.2046 -3.03273 10.25
      vertex 25.85 -2.85788 10.25
    endloop
  endfacet
  facet normal 0 0 1
    outer loop
      vertex 17.7502 -12.2266 10.25
      vertex 25.4638 -2.59411 10.25
      vertex 25.1665 -2.33345 10.25
    endloop
  endfacet
  facet normal 0 0 1
    outer loop
      vertex 17.7502 -12.2266 10.25
      vertex 24.9059 -2.03623 10.25
      vertex 24.8819 -2.00891 10.25
    endloop
  endfacet
  facet normal 0 0 1
    outer loop
      vertex 17.7502 -12.2266 10.25
      vertex 24.3054 -0.818465 10.25
      vertex 24.2282 -0.430736 10.25
    endloop
  endfacet
  facet normal -0 0 1
    outer loop
      vertex 28.3541 -3.18756 10.25
      vertex 17.7502 -12.2266 10.25
      vertex 29.7014 -2.93709 10.25
    endloop
  endfacet
  facet normal -0 0 1
    outer loop
      vertex 27.5363 -3.29762 10.25
      vertex 17.7502 -12.2266 10.25
      vertex 27.9307 -3.27177 10.25
    endloop
  endfacet
  facet normal 0 0 1
    outer loop
      vertex 27.4637 -3.29762 10.25
      vertex 17.7502 -12.2266 10.25
      vertex 27.5 -3.3 10.25
    endloop
  endfacet
  facet normal 0 0 1
    outer loop
      vertex 26.6815 -3.19464 10.25
      vertex 17.7502 -12.2266 10.25
      vertex 27.0693 -3.27177 10.25
    endloop
  endfacet
  facet normal 0 0 1
    outer loop
      vertex 26.6459 -3.18756 10.25
      vertex 17.7502 -12.2266 10.25
      vertex 26.6815 -3.19464 10.25
    endloop
  endfacet
  facet normal 0 0 1
    outer loop
      vertex 26.2716 -3.06048 10.25
      vertex 17.7502 -12.2266 10.25
      vertex 26.6459 -3.18756 10.25
    endloop
  endfacet
  facet normal 0 0 1
    outer loop
      vertex 26.2046 -3.03273 10.25
      vertex 17.7502 -12.2266 10.25
      vertex 26.2371 -3.0488 10.25
    endloop
  endfacet
  facet normal 0 0 1
    outer loop
      vertex 25.8198 -2.8377 10.25
      vertex 17.7502 -12.2266 10.25
      vertex 25.85 -2.85788 10.25
    endloop
  endfacet
  facet normal 0 0 1
    outer loop
      vertex 25.4911 -2.61807 10.25
      vertex 17.7502 -12.2266 10.25
      vertex 25.8198 -2.8377 10.25
    endloop
  endfacet
  facet normal 0 0 1
    outer loop
      vertex 25.4638 -2.59411 10.25
      vertex 17.7502 -12.2266 10.25
      vertex 25.4911 -2.61807 10.25
    endloop
  endfacet
  facet normal 0 0 1
    outer loop
      vertex 24.9059 -2.03623 10.25
      vertex 17.7502 -12.2266 10.25
      vertex 25.1665 -2.33345 10.25
    endloop
  endfacet
  facet normal 0 0 1
    outer loop
      vertex 24.6623 -1.68021 10.25
      vertex 17.7502 -12.2266 10.25
      vertex 24.8819 -2.00891 10.25
    endloop
  endfacet
  facet normal 0 0 1
    outer loop
      vertex 24.6421 -1.65 10.25
      vertex 17.7502 -12.2266 10.25
      vertex 24.6623 -1.68021 10.25
    endloop
  endfacet
  facet normal 0 0 1
    outer loop
      vertex 24.4673 -1.29544 10.25
      vertex 17.7502 -12.2266 10.25
      vertex 24.6421 -1.65 10.25
    endloop
  endfacet
  facet normal 0 0 1
    outer loop
      vertex 24.4512 -1.26286 10.25
      vertex 17.7502 -12.2266 10.25
      vertex 24.4673 -1.29544 10.25
    endloop
  endfacet
  facet normal 0 0 1
    outer loop
      vertex 24.4395 -1.22845 10.25
      vertex 17.7502 -12.2266 10.25
      vertex 24.4512 -1.26286 10.25
    endloop
  endfacet
  facet normal 0 0 1
    outer loop
      vertex 24.3124 -0.854102 10.25
      vertex 17.7502 -12.2266 10.25
      vertex 24.4395 -1.22845 10.25
    endloop
  endfacet
  facet normal 0 0 1
    outer loop
      vertex 24.3054 -0.818465 10.25
      vertex 17.7502 -12.2266 10.25
      vertex 24.3124 -0.854102 10.25
    endloop
  endfacet
  facet normal 0 0 1
    outer loop
      vertex 24.2024 -0.036257 10.25
      vertex 17.7502 -12.2266 10.25
      vertex 24.2282 -0.430736 10.25
    endloop
  endfacet
  facet normal 0 0 1
    outer loop
      vertex 17.7502 -12.2266 10.25
      vertex 24.2024 -0.036257 10.25
      vertex 24.2 0 10.25
    endloop
  endfacet
  facet normal 0 0 1
    outer loop
      vertex 10.9063 -28.89 10.25
      vertex 8.35042 -24.8589 10.25
      vertex 10.5182 -29.1836 10.25
    endloop
  endfacet
  facet normal -0 0 1
    outer loop
      vertex 8.04895 -24.9838 10.25
      vertex 10.5182 -29.1836 10.25
      vertex 8.35042 -24.8589 10.25
    endloop
  endfacet
  facet normal 0 0 1
    outer loop
      vertex 10.5182 -29.1836 10.25
      vertex 8.04895 -24.9838 10.25
      vertex 10.0952 -29.424 10.25
    endloop
  endfacet
  facet normal 0 0 1
    outer loop
      vertex 10.0952 -29.424 10.25
      vertex 8.04895 -24.9838 10.25
      vertex 9.64435 -29.6071 10.25
    endloop
  endfacet
  facet normal 0 0 1
    outer loop
      vertex 9.64435 -29.6071 10.25
      vertex 8.04895 -24.9838 10.25
      vertex 9.17348 -29.7298 10.25
    endloop
  endfacet
  facet normal 0 0 1
    outer loop
      vertex 9.17348 -29.7298 10.25
      vertex 8.04895 -24.9838 10.25
      vertex 8.69062 -29.7901 10.25
    endloop
  endfacet
  facet normal 0 0 1
    outer loop
      vertex 8.69062 -29.7901 10.25
      vertex 8.04895 -24.9838 10.25
      vertex 8.20403 -29.7867 10.25
    endloop
  endfacet
  facet normal 0 0 1
    outer loop
      vertex 7.72204 -29.7199 10.25
      vertex 8.04895 -24.9838 10.25
      vertex 7.72542 -25.0264 10.25
    endloop
  endfacet
  facet normal 0 0 1
    outer loop
      vertex 8.04895 -24.9838 10.25
      vertex 7.72204 -29.7199 10.25
      vertex 8.20403 -29.7867 10.25
    endloop
  endfacet
  facet normal 0 0 1
    outer loop
      vertex 6.38489 -29.1553 10.25
      vertex 7.72542 -25.0264 10.25
      vertex 7.4019 -24.9838 10.25
    endloop
  endfacet
  facet normal 0 0 1
    outer loop
      vertex 7.72542 -25.0264 10.25
      vertex 7.2529 -29.5907 10.25
      vertex 7.72204 -29.7199 10.25
    endloop
  endfacet
  facet normal 0 0 1
    outer loop
      vertex 6.38489 -29.1553 10.25
      vertex 7.4019 -24.9838 10.25
      vertex 7.10042 -24.8589 10.25
    endloop
  endfacet
  facet normal 0 0 1
    outer loop
      vertex 6.38489 -29.1553 10.25
      vertex 7.10042 -24.8589 10.25
      vertex 6.84154 -24.6603 10.25
    endloop
  endfacet
  facet normal 0 0 1
    outer loop
      vertex 7.72542 -25.0264 10.25
      vertex 6.80463 -29.4015 10.25
      vertex 7.2529 -29.5907 10.25
    endloop
  endfacet
  facet normal 0 0 1
    outer loop
      vertex 6.38489 -29.1553 10.25
      vertex 6.84154 -24.6603 10.25
      vertex 6.64289 -24.4014 10.25
    endloop
  endfacet
  facet normal 0 0 1
    outer loop
      vertex 6.38489 -29.1553 10.25
      vertex 6.64289 -24.4014 10.25
      vertex 6.51802 -24.0999 10.25
    endloop
  endfacet
  facet normal 0 0 1
    outer loop
      vertex -6.14307 -20.6596 10.25
      vertex 6.51802 -24.0999 10.25
      vertex 6.47542 -23.7764 10.25
    endloop
  endfacet
  facet normal 0 0 1
    outer loop
      vertex 7.72542 -25.0264 10.25
      vertex 6.38489 -29.1553 10.25
      vertex 6.80463 -29.4015 10.25
    endloop
  endfacet
  facet normal 0 0 1
    outer loop
      vertex 6.64289 -23.1514 10.25
      vertex 2.18631 -16.6067 10.25
      vertex 6.51802 -23.4529 10.25
    endloop
  endfacet
  facet normal -0 0 1
    outer loop
      vertex 0 -16.75 10.25
      vertex 6.51802 -23.4529 10.25
      vertex 2.18631 -16.6067 10.25
    endloop
  endfacet
  facet normal 0 0 1
    outer loop
      vertex 6.51802 -23.4529 10.25
      vertex 0 -16.75 10.25
      vertex 6.47542 -23.7764 10.25
    endloop
  endfacet
  facet normal -0 0 1
    outer loop
      vertex -6.14307 -20.6596 10.25
      vertex 6.47542 -23.7764 10.25
      vertex 0 -16.75 10.25
    endloop
  endfacet
  facet normal 0 0 1
    outer loop
      vertex -6.14307 -20.6596 10.25
      vertex 0 -16.75 10.25
      vertex -2.18631 -16.6067 10.25
    endloop
  endfacet
  facet normal 0 0 1
    outer loop
      vertex -6.14307 -20.6596 10.25
      vertex -2.18631 -16.6067 10.25
      vertex -4.33522 -16.1793 10.25
    endloop
  endfacet
  facet normal 0 0 1
    outer loop
      vertex 6.51802 -24.0999 10.25
      vertex -6.14307 -20.6596 10.25
      vertex 6.38489 -29.1553 10.25
    endloop
  endfacet
  facet normal 0 0 1
    outer loop
      vertex -4.33522 -16.1793 10.25
      vertex -6.27812 -20.5762 10.25
      vertex -6.14307 -20.6596 10.25
    endloop
  endfacet
  facet normal 0 0 1
    outer loop
      vertex -4.33522 -16.1793 10.25
      vertex -6.33562 -20.544 10.25
      vertex -6.27812 -20.5762 10.25
    endloop
  endfacet
  facet normal 0 0 1
    outer loop
      vertex -6.76985 -20.3744 10.25
      vertex -4.33522 -16.1793 10.25
      vertex -6.40995 -15.475 10.25
    endloop
  endfacet
  facet normal 0 0 1
    outer loop
      vertex -4.33522 -16.1793 10.25
      vertex -6.57103 -20.4346 10.25
      vertex -6.33562 -20.544 10.25
    endloop
  endfacet
  facet normal 0 0 1
    outer loop
      vertex -4.33522 -16.1793 10.25
      vertex -6.76985 -20.3744 10.25
      vertex -6.57103 -20.4346 10.25
    endloop
  endfacet
  facet normal 0 0 1
    outer loop
      vertex -6.40995 -15.475 10.25
      vertex -6.99732 -20.3369 10.25
      vertex -6.76985 -20.3744 10.25
    endloop
  endfacet
  facet normal 0 0 1
    outer loop
      vertex -6.40995 -15.475 10.25
      vertex -7.03349 -20.3333 10.25
      vertex -6.99732 -20.3369 10.25
    endloop
  endfacet
  facet normal 0 0 1
    outer loop
      vertex -6.40995 -15.475 10.25
      vertex -7.15505 -20.3254 10.25
      vertex -7.03349 -20.3333 10.25
    endloop
  endfacet
  facet normal 0 0 1
    outer loop
      vertex -8.375 -14.5059 10.25
      vertex -7.15505 -20.3254 10.25
      vertex -6.40995 -15.475 10.25
    endloop
  endfacet
  facet normal 0 0 1
    outer loop
      vertex -10.1968 -13.2887 10.25
      vertex -7.15505 -20.3254 10.25
      vertex -8.375 -14.5059 10.25
    endloop
  endfacet
  facet normal 0 0 1
    outer loop
      vertex -22.3025 -19.8342 10.25
      vertex -10.1968 -13.2887 10.25
      vertex -11.844 -11.844 10.25
    endloop
  endfacet
  facet normal 0 0 1
    outer loop
      vertex -22.3025 -19.8342 10.25
      vertex -11.844 -11.844 10.25
      vertex -13.2887 -10.1968 10.25
    endloop
  endfacet
  facet normal 0 0 1
    outer loop
      vertex -25.7553 -15.0819 10.25
      vertex -13.2887 -10.1968 10.25
      vertex -14.5059 -8.375 10.25
    endloop
  endfacet
  facet normal -0 0 1
    outer loop
      vertex -19.1143 13.0317 10.25
      vertex -14.5059 8.375 10.25
      vertex -18.8112 13.2804 10.25
    endloop
  endfacet
  facet normal -0 0 1
    outer loop
      vertex -19.4601 12.8469 10.25
      vertex -14.5059 8.375 10.25
      vertex -19.1143 13.0317 10.25
    endloop
  endfacet
  facet normal 0 0 1
    outer loop
      vertex -14.5059 8.375 10.25
      vertex -19.4601 12.8469 10.25
      vertex -15.475 6.40995 10.25
    endloop
  endfacet
  facet normal -0 0 1
    outer loop
      vertex -19.8352 12.7331 10.25
      vertex -15.475 6.40995 10.25
      vertex -19.4601 12.8469 10.25
    endloop
  endfacet
  facet normal -0 0 1
    outer loop
      vertex -20.2254 12.6946 10.25
      vertex -15.475 6.40995 10.25
      vertex -19.8352 12.7331 10.25
    endloop
  endfacet
  facet normal 0 0 1
    outer loop
      vertex -20.6156 12.7331 10.25
      vertex -15.475 6.40995 10.25
      vertex -20.2254 12.6946 10.25
    endloop
  endfacet
  facet normal 0 0 1
    outer loop
      vertex -15.475 6.40995 10.25
      vertex -20.6156 12.7331 10.25
      vertex -16.1793 4.33522 10.25
    endloop
  endfacet
  facet normal -0 0 1
    outer loop
      vertex -21.4692 0.142403 10.25
      vertex -16.75 0 10.25
      vertex -16.6067 2.18631 10.25
    endloop
  endfacet
  facet normal 0 0 1
    outer loop
      vertex -21.4964 -0.322937 10.25
      vertex -16.75 0 10.25
      vertex -21.4651 -0.065177 10.25
    endloop
  endfacet
  facet normal 0 0 1
    outer loop
      vertex -21.4692 0.142403 10.25
      vertex -16.1793 4.33522 10.25
      vertex -20.6156 12.7331 10.25
    endloop
  endfacet
  facet normal 0 0 1
    outer loop
      vertex -21.4692 0.142403 10.25
      vertex -16.6067 2.18631 10.25
      vertex -16.1793 4.33522 10.25
    endloop
  endfacet
  facet normal 0 0 1
    outer loop
      vertex -21.4692 0.142403 10.25
      vertex -20.6156 12.7331 10.25
      vertex -20.9908 12.8469 10.25
    endloop
  endfacet
  facet normal 0 0 1
    outer loop
      vertex -21.5416 0.523607 10.25
      vertex -20.9908 12.8469 10.25
      vertex -21.3366 13.0317 10.25
    endloop
  endfacet
  facet normal 0 0 1
    outer loop
      vertex -21.5092 -0.387391 10.25
      vertex -16.75 0 10.25
      vertex -21.4964 -0.322937 10.25
    endloop
  endfacet
  facet normal 0 0 1
    outer loop
      vertex -21.5468 -0.541544 10.25
      vertex -16.75 0 10.25
      vertex -21.5092 -0.387391 10.25
    endloop
  endfacet
  facet normal 0 0 1
    outer loop
      vertex -16.75 0 10.25
      vertex -21.5468 -0.541544 10.25
      vertex -16.6067 -2.18631 10.25
    endloop
  endfacet
  facet normal 0 0 1
    outer loop
      vertex -16.6067 -2.18631 10.25
      vertex -21.5468 -0.541544 10.25
      vertex -16.1793 -4.33522 10.25
    endloop
  endfacet
  facet normal 0 0 1
    outer loop
      vertex -16.1793 -4.33522 10.25
      vertex -21.5468 -0.541544 10.25
      vertex -15.475 -6.40995 10.25
    endloop
  endfacet
  facet normal 0 0 1
    outer loop
      vertex -25.7553 -15.0819 10.25
      vertex -15.475 -6.40995 10.25
      vertex -21.5468 -0.541544 10.25
    endloop
  endfacet
  facet normal 0 0 1
    outer loop
      vertex -15.475 -6.40995 10.25
      vertex -25.7553 -15.0819 10.25
      vertex -14.5059 -8.375 10.25
    endloop
  endfacet
  facet normal 0 0 1
    outer loop
      vertex -10.1968 -13.2887 10.25
      vertex -22.3025 -19.8342 10.25
      vertex -7.15505 -20.3254 10.25
    endloop
  endfacet
  facet normal 0 0 1
    outer loop
      vertex -13.2887 -10.1968 10.25
      vertex -25.7553 -15.0819 10.25
      vertex -22.3025 -19.8342 10.25
    endloop
  endfacet
  facet normal 0 0 1
    outer loop
      vertex -22.3025 -19.8342 10.25
      vertex -25.7553 -15.0819 10.25
      vertex -22.741 -19.7939 10.25
    endloop
  endfacet
  facet normal 0 0 1
    outer loop
      vertex -22.741 -19.7939 10.25
      vertex -25.7553 -15.0819 10.25
      vertex -23.2162 -19.6895 10.25
    endloop
  endfacet
  facet normal 0 0 1
    outer loop
      vertex -23.2162 -19.6895 10.25
      vertex -25.7553 -15.0819 10.25
      vertex -23.6738 -19.5239 10.25
    endloop
  endfacet
  facet normal 0 0 1
    outer loop
      vertex -23.6738 -19.5239 10.25
      vertex -25.7553 -15.0819 10.25
      vertex -24.1058 -19.3 10.25
    endloop
  endfacet
  facet normal 0 0 1
    outer loop
      vertex -24.1058 -19.3 10.25
      vertex -25.7553 -15.0819 10.25
      vertex -24.5049 -19.0217 10.25
    endloop
  endfacet
  facet normal 0 0 1
    outer loop
      vertex -24.5049 -19.0217 10.25
      vertex -25.7553 -15.0819 10.25
      vertex -24.8643 -18.6936 10.25
    endloop
  endfacet
  facet normal 0 0 1
    outer loop
      vertex -24.8643 -18.6936 10.25
      vertex -25.7553 -15.0819 10.25
      vertex -25.1778 -18.3214 10.25
    endloop
  endfacet
  facet normal 0 0 1
    outer loop
      vertex -25.1778 -18.3214 10.25
      vertex -25.7553 -15.0819 10.25
      vertex -25.44 -17.9115 10.25
    endloop
  endfacet
  facet normal 0 0 1
    outer loop
      vertex -25.44 -17.9115 10.25
      vertex -25.7553 -15.0819 10.25
      vertex -25.6465 -17.4709 10.25
    endloop
  endfacet
  facet normal 0 0 1
    outer loop
      vertex -25.7553 -15.0819 10.25
      vertex -25.7937 -17.0071 10.25
      vertex -25.6465 -17.4709 10.25
    endloop
  endfacet
  facet normal -0 0 1
    outer loop
      vertex -25.8597 -15.5571 10.25
      vertex -25.7937 -17.0071 10.25
      vertex -25.7553 -15.0819 10.25
    endloop
  endfacet
  facet normal 0 0 1
    outer loop
      vertex -25.8597 -15.5571 10.25
      vertex -25.8791 -16.5281 10.25
      vertex -25.7937 -17.0071 10.25
    endloop
  endfacet
  facet normal 0 -0 1
    outer loop
      vertex -25.8791 -16.5281 10.25
      vertex -25.8597 -15.5571 10.25
      vertex -25.9012 -16.042 10.25
    endloop
  endfacet
  facet normal 0.172808 -0.662891 0.728501
    outer loop
      vertex 9.86395 -31.9676 8.05
      vertex 10.3703 -31.8356 8.05
      vertex 9.64435 -29.6071 10.25
    endloop
  endfacet
  facet normal 0.17274 -0.662902 0.728506
    outer loop
      vertex 9.86395 -31.9676 8.05
      vertex 9.64435 -29.6071 10.25
      vertex 9.17348 -29.7298 10.25
    endloop
  endfacet
  facet normal 0.257924 -0.634919 0.728253
    outer loop
      vertex 10.3703 -31.8356 8.05
      vertex 10.855 -31.6387 8.05
      vertex 9.64435 -29.6071 10.25
    endloop
  endfacet
  facet normal 0.257866 -0.634948 0.728248
    outer loop
      vertex 10.855 -31.6387 8.05
      vertex 10.0952 -29.424 10.25
      vertex 9.64435 -29.6071 10.25
    endloop
  endfacet
  facet normal 0.341434 -0.600845 0.722778
    outer loop
      vertex 10.855 -31.6387 8.05
      vertex 11.3099 -31.3802 8.05
      vertex 10.0952 -29.424 10.25
    endloop
  endfacet
  facet normal 0.341463 -0.600827 0.722779
    outer loop
      vertex 11.3099 -31.3802 8.05
      vertex 10.5182 -29.1836 10.25
      vertex 10.0952 -29.424 10.25
    endloop
  endfacet
  facet normal 0.423773 -0.560154 0.711789
    outer loop
      vertex 11.3099 -31.3802 8.05
      vertex 11.7272 -31.0645 8.05
      vertex 10.5182 -29.1836 10.25
    endloop
  endfacet
  facet normal 0.423765 -0.56016 0.711789
    outer loop
      vertex 11.7272 -31.0645 8.05
      vertex 10.9063 -28.89 10.25
      vertex 10.5182 -29.1836 10.25
    endloop
  endfacet
  facet normal 0.505121 -0.512132 0.694675
    outer loop
      vertex 11.7272 -31.0645 8.05
      vertex 12.0997 -30.6971 8.05
      vertex 10.9063 -28.89 10.25
    endloop
  endfacet
  facet normal 0.505156 -0.512104 0.694671
    outer loop
      vertex 12.0997 -30.6971 8.05
      vertex 11.2527 -28.5483 10.25
      vertex 10.9063 -28.89 10.25
    endloop
  endfacet
  facet normal 0.585449 -0.455712 0.670504
    outer loop
      vertex 12.0997 -30.6971 8.05
      vertex 12.4211 -30.2842 8.05
      vertex 11.2527 -28.5483 10.25
    endloop
  endfacet
  facet normal 0.585453 -0.455708 0.670503
    outer loop
      vertex 12.4211 -30.2842 8.05
      vertex 11.5516 -28.1643 10.25
      vertex 11.2527 -28.5483 10.25
    endloop
  endfacet
  facet normal 0.664253 -0.389603 0.637948
    outer loop
      vertex 12.4211 -30.2842 8.05
      vertex 12.6858 -29.8329 8.05
      vertex 11.5516 -28.1643 10.25
    endloop
  endfacet
  facet normal 0.664221 -0.389638 0.637959
    outer loop
      vertex 12.6858 -29.8329 8.05
      vertex 11.7978 -27.7446 10.25
      vertex 11.5516 -28.1643 10.25
    endloop
  endfacet
  facet normal 0.73659 -0.31648 0.597726
    outer loop
      vertex 12.6858 -29.8329 8.05
      vertex 12.8727 -29.3979 8.05
      vertex 11.7978 -27.7446 10.25
    endloop
  endfacet
  facet normal 0.736629 -0.316427 0.597705
    outer loop
      vertex 12.8727 -29.3979 8.05
      vertex 11.9716 -27.34 10.25
      vertex 11.7978 -27.7446 10.25
    endloop
  endfacet
  facet normal 0.769445 -0.277886 0.575094
    outer loop
      vertex 12.8727 -29.3979 8.05
      vertex 18.4082 -14.0705 8.05
      vertex 11.9716 -27.34 10.25
    endloop
  endfacet
  facet normal 0.769447 -0.277887 0.575091
    outer loop
      vertex 18.4082 -14.0705 8.05
      vertex 17.1196 -13.0856 10.25
      vertex 11.9716 -27.34 10.25
    endloop
  endfacet
  facet normal 0.757347 -0.30219 0.578884
    outer loop
      vertex 18.4082 -14.0705 8.05
      vertex 18.4566 -13.9492 8.05
      vertex 17.1196 -13.0856 10.25
    endloop
  endfacet
  facet normal 0.75737 -0.302142 0.578879
    outer loop
      vertex 18.4566 -13.9492 8.05
      vertex 17.1646 -12.9728 10.25
      vertex 17.1196 -13.0856 10.25
    endloop
  endfacet
  facet normal 0.744986 -0.325802 0.582107
    outer loop
      vertex 18.4566 -13.9492 8.05
      vertex 18.4723 -13.9133 8.05
      vertex 17.1646 -12.9728 10.25
    endloop
  endfacet
  facet normal 0.74505 -0.325681 0.582093
    outer loop
      vertex 18.4723 -13.9133 8.05
      vertex 17.1792 -12.9394 10.25
      vertex 17.1646 -12.9728 10.25
    endloop
  endfacet
  facet normal 0.71888 -0.372003 0.587217
    outer loop
      vertex 18.4723 -13.9133 8.05
      vertex 18.5863 -13.693 8.05
      vertex 17.1792 -12.9394 10.25
    endloop
  endfacet
  facet normal 0.718925 -0.371918 0.587217
    outer loop
      vertex 18.5863 -13.693 8.05
      vertex 17.2852 -12.7345 10.25
      vertex 17.1792 -12.9394 10.25
    endloop
  endfacet
  facet normal 0.661463 -0.460603 0.591871
    outer loop
      vertex 18.5863 -13.693 8.05
      vertex 18.7138 -13.5099 8.05
      vertex 17.2852 -12.7345 10.25
    endloop
  endfacet
  facet normal 0.66144 -0.460639 0.591869
    outer loop
      vertex 18.7138 -13.5099 8.05
      vertex 17.4038 -12.5642 10.25
      vertex 17.2852 -12.7345 10.25
    endloop
  endfacet
  facet normal 0.591761 -0.550401 0.588964
    outer loop
      vertex 18.7138 -13.5099 8.05
      vertex 18.9041 -13.3053 8.05
      vertex 17.5808 -12.3739 10.25
    endloop
  endfacet
  facet normal 0.59176 -0.550402 0.588964
    outer loop
      vertex 18.7138 -13.5099 8.05
      vertex 17.5808 -12.3739 10.25
      vertex 17.4038 -12.5642 10.25
    endloop
  endfacet
  facet normal 0.551177 -0.596054 0.583886
    outer loop
      vertex 18.9041 -13.3053 8.05
      vertex 18.9559 -13.2574 8.05
      vertex 17.6289 -12.3294 10.25
    endloop
  endfacet
  facet normal 0.551313 -0.595913 0.583902
    outer loop
      vertex 18.9041 -13.3053 8.05
      vertex 17.6289 -12.3294 10.25
      vertex 17.5808 -12.3739 10.25
    endloop
  endfacet
  facet normal 0.526923 -0.62134 0.579904
    outer loop
      vertex 18.9559 -13.2574 8.05
      vertex 19.0862 -13.1469 8.05
      vertex 17.7502 -12.2266 10.25
    endloop
  endfacet
  facet normal 0.526731 -0.621522 0.579884
    outer loop
      vertex 18.9559 -13.2574 8.05
      vertex 17.7502 -12.2266 10.25
      vertex 17.6289 -12.3294 10.25
    endloop
  endfacet
  facet normal 0.50206 -0.645915 0.57509
    outer loop
      vertex 31.937 -3.15816 8.05
      vertex 29.7014 -2.93709 10.25
      vertex 19.0862 -13.1469 8.05
    endloop
  endfacet
  facet normal 0.502062 -0.645916 0.575087
    outer loop
      vertex 19.0862 -13.1469 8.05
      vertex 29.7014 -2.93709 10.25
      vertex 17.7502 -12.2266 10.25
    endloop
  endfacet
  facet normal 0.531251 -0.59818 0.599961
    outer loop
      vertex 31.937 -3.15816 8.05
      vertex 32.3282 -2.81073 8.05
      vertex 30.0652 -2.61398 10.25
    endloop
  endfacet
  facet normal 0.531262 -0.598165 0.599966
    outer loop
      vertex 31.937 -3.15816 8.05
      vertex 30.0652 -2.61398 10.25
      vertex 29.7014 -2.93709 10.25
    endloop
  endfacet
  facet normal 0.579946 -0.502203 0.641448
    outer loop
      vertex 32.3282 -2.81073 8.05
      vertex 32.6707 -2.41521 8.05
      vertex 30.3838 -2.24614 10.25
    endloop
  endfacet
  facet normal 0.579903 -0.502276 0.641429
    outer loop
      vertex 32.3282 -2.81073 8.05
      vertex 30.3838 -2.24614 10.25
      vertex 30.0652 -2.61398 10.25
    endloop
  endfacet
  facet normal 0.617436 -0.407045 0.673117
    outer loop
      vertex 32.6707 -2.41521 8.05
      vertex 32.9587 -1.97835 8.05
      vertex 30.6516 -1.83986 10.25
    endloop
  endfacet
  facet normal 0.617458 -0.406998 0.673125
    outer loop
      vertex 32.6707 -2.41521 8.05
      vertex 30.6516 -1.83986 10.25
      vertex 30.3838 -2.24614 10.25
    endloop
  endfacet
  facet normal 0.645442 -0.313322 0.696587
    outer loop
      vertex 32.9587 -1.97835 8.05
      vertex 33.1872 -1.50764 8.05
      vertex 30.8641 -1.40211 10.25
    endloop
  endfacet
  facet normal 0.645442 -0.313322 0.696587
    outer loop
      vertex 32.9587 -1.97835 8.05
      vertex 30.8641 -1.40211 10.25
      vertex 30.6516 -1.83986 10.25
    endloop
  endfacet
  facet normal 0.665285 -0.221096 0.713101
    outer loop
      vertex 33.1872 -1.50764 8.05
      vertex 33.3522 -1.01115 8.05
      vertex 31.0176 -0.940372 10.25
    endloop
  endfacet
  facet normal 0.665265 -0.221161 0.713099
    outer loop
      vertex 33.1872 -1.50764 8.05
      vertex 31.0176 -0.940372 10.25
      vertex 30.8641 -1.40211 10.25
    endloop
  endfacet
  facet normal 0.677843 -0.130479 0.723536
    outer loop
      vertex 33.3522 -1.01115 8.05
      vertex 33.4511 -0.49736 8.05
      vertex 31.1095 -0.462544 10.25
    endloop
  endfacet
  facet normal 0.677866 -0.130373 0.723533
    outer loop
      vertex 33.3522 -1.01115 8.05
      vertex 31.1095 -0.462544 10.25
      vertex 31.0176 -0.940372 10.25
    endloop
  endfacet
  facet normal 0.683838 -0.0405871 0.728504
    outer loop
      vertex 33.4511 -0.49736 8.05
      vertex 33.4821 0.0249481 8.05
      vertex 31.1383 0.023201 10.25
    endloop
  endfacet
  facet normal 0.683844 -0.0405454 0.728501
    outer loop
      vertex 33.4511 -0.49736 8.05
      vertex 31.1383 0.023201 10.25
      vertex 31.1095 -0.462544 10.25
    endloop
  endfacet
  facet normal 0.68354 0.0491161 0.728258
    outer loop
      vertex 33.4821 0.0249481 8.05
      vertex 33.4446 0.546829 8.05
      vertex 31.1383 0.023201 10.25
    endloop
  endfacet
  facet normal 0.683557 0.0490116 0.72825
    outer loop
      vertex 31.1383 0.023201 10.25
      vertex 33.4446 0.546829 8.05
      vertex 31.1035 0.508551 10.25
    endloop
  endfacet
  facet normal 0.676941 0.139078 0.722778
    outer loop
      vertex 33.4446 0.546829 8.05
      vertex 33.3393 1.05936 8.05
      vertex 31.1035 0.508551 10.25
    endloop
  endfacet
  facet normal 0.67695 0.13904 0.722777
    outer loop
      vertex 31.1035 0.508551 10.25
      vertex 33.3393 1.05936 8.05
      vertex 31.0056 0.985201 10.25
    endloop
  endfacet
  facet normal 0.663716 0.229831 0.711799
    outer loop
      vertex 33.3393 1.05936 8.05
      vertex 33.1681 1.55376 8.05
      vertex 31.0056 0.985201 10.25
    endloop
  endfacet
  facet normal 0.663683 0.229942 0.711795
    outer loop
      vertex 31.0056 0.985201 10.25
      vertex 33.1681 1.55376 8.05
      vertex 30.8463 1.44499 10.25
    endloop
  endfacet
  facet normal 0.643124 0.322236 0.694662
    outer loop
      vertex 33.1681 1.55376 8.05
      vertex 32.9337 2.02158 8.05
      vertex 30.8463 1.44499 10.25
    endloop
  endfacet
  facet normal 0.643168 0.322124 0.694674
    outer loop
      vertex 30.8463 1.44499 10.25
      vertex 32.9337 2.02158 8.05
      vertex 30.6284 1.88006 10.25
    endloop
  endfacet
  facet normal 0.614308 0.416042 0.670474
    outer loop
      vertex 32.9337 2.02158 8.05
      vertex 32.6403 2.4548 8.05
      vertex 30.6284 1.88006 10.25
    endloop
  endfacet
  facet normal 0.614292 0.416074 0.670468
    outer loop
      vertex 30.6284 1.88006 10.25
      vertex 32.6403 2.4548 8.05
      vertex 30.3555 2.28297 10.25
    endloop
  endfacet
  facet normal 0.575819 0.511323 0.637951
    outer loop
      vertex 32.6403 2.4548 8.05
      vertex 32.2929 2.84602 8.05
      vertex 30.3555 2.28297 10.25
    endloop
  endfacet
  facet normal 0.575806 0.511345 0.637945
    outer loop
      vertex 30.3555 2.28297 10.25
      vertex 32.2929 2.84602 8.05
      vertex 30.0324 2.6468 10.25
    endloop
  endfacet
  facet normal 0.528617 0.602726 0.597734
    outer loop
      vertex 32.2929 2.84602 8.05
      vertex 31.937 3.15816 8.05
      vertex 30.0324 2.6468 10.25
    endloop
  endfacet
  facet normal 0.528608 0.602739 0.597729
    outer loop
      vertex 30.0324 2.6468 10.25
      vertex 31.937 3.15816 8.05
      vertex 29.7014 2.93709 10.25
    endloop
  endfacet
  facet normal 0.502059 0.645918 0.575089
    outer loop
      vertex 29.7014 2.93709 10.25
      vertex 31.937 3.15816 8.05
      vertex 19.0704 13.1591 8.05
    endloop
  endfacet
  facet normal 0.502066 0.645923 0.575076
    outer loop
      vertex 29.7014 2.93709 10.25
      vertex 19.0704 13.1591 8.05
      vertex 17.7355 12.238 10.25
    endloop
  endfacet
  facet normal 0.521408 0.626938 0.578863
    outer loop
      vertex 19.0704 13.1591 8.05
      vertex 18.97 13.2426 8.05
      vertex 17.7355 12.238 10.25
    endloop
  endfacet
  facet normal 0.521114 0.627217 0.578826
    outer loop
      vertex 17.7355 12.238 10.25
      vertex 18.97 13.2426 8.05
      vertex 17.6421 12.3156 10.25
    endloop
  endfacet
  facet normal 0.539836 0.608091 0.582067
    outer loop
      vertex 18.97 13.2426 8.05
      vertex 18.9406 13.2687 8.05
      vertex 17.6421 12.3156 10.25
    endloop
  endfacet
  facet normal 0.539551 0.608383 0.582026
    outer loop
      vertex 17.6421 12.3156 10.25
      vertex 18.9406 13.2687 8.05
      vertex 17.6147 12.3399 10.25
    endloop
  endfacet
  facet normal 0.575928 0.568754 0.587219
    outer loop
      vertex 18.9406 13.2687 8.05
      vertex 18.7662 13.4453 8.05
      vertex 17.6147 12.3399 10.25
    endloop
  endfacet
  facet normal 0.576023 0.568656 0.58722
    outer loop
      vertex 17.6147 12.3399 10.25
      vertex 18.7662 13.4453 8.05
      vertex 17.4526 12.5041 10.25
    endloop
  endfacet
  facet normal 0.642526 0.486685 0.591859
    outer loop
      vertex 18.7662 13.4453 8.05
      vertex 18.6316 13.623 8.05
      vertex 17.4526 12.5041 10.25
    endloop
  endfacet
  facet normal 0.642541 0.486667 0.591858
    outer loop
      vertex 17.4526 12.5041 10.25
      vertex 18.6316 13.623 8.05
      vertex 17.3274 12.6694 10.25
    endloop
  endfacet
  facet normal 0.706379 0.392626 0.588959
    outer loop
      vertex 18.6316 13.623 8.05
      vertex 18.4957 13.8675 8.05
      vertex 17.201 12.8967 10.25
    endloop
  endfacet
  facet normal 0.706302 0.39277 0.588956
    outer loop
      vertex 17.3274 12.6694 10.25
      vertex 18.6316 13.623 8.05
      vertex 17.201 12.8967 10.25
    endloop
  endfacet
  facet normal 0.737033 0.340346 0.583907
    outer loop
      vertex 18.4957 13.8675 8.05
      vertex 18.4661 13.9316 8.05
      vertex 17.1735 12.9564 10.25
    endloop
  endfacet
  facet normal 0.737394 0.339671 0.583844
    outer loop
      vertex 17.201 12.8967 10.25
      vertex 18.4957 13.8675 8.05
      vertex 17.1735 12.9564 10.25
    endloop
  endfacet
  facet normal 0.753703 0.309224 0.579924
    outer loop
      vertex 18.4661 13.9316 8.05
      vertex 18.4014 14.0893 8.05
      vertex 17.1133 13.103 10.25
    endloop
  endfacet
  facet normal 0.753593 0.309456 0.579944
    outer loop
      vertex 17.1735 12.9564 10.25
      vertex 18.4661 13.9316 8.05
      vertex 17.1133 13.103 10.25
    endloop
  endfacet
  facet normal 0.769442 0.277889 0.575097
    outer loop
      vertex 18.4014 14.0893 8.05
      vertex 12.8726 29.3979 8.05
      vertex 11.9715 27.34 10.25
    endloop
  endfacet
  facet normal 0.769444 0.277891 0.575093
    outer loop
      vertex 17.1133 13.103 10.25
      vertex 18.4014 14.0893 8.05
      vertex 11.9715 27.34 10.25
    endloop
  endfacet
  facet normal 0.733106 0.320371 0.599931
    outer loop
      vertex 12.8726 29.3979 8.05
      vertex 12.6631 29.8773 8.05
      vertex 11.7767 27.7859 10.25
    endloop
  endfacet
  facet normal 0.733162 0.320296 0.599904
    outer loop
      vertex 11.9715 27.34 10.25
      vertex 12.8726 29.3979 8.05
      vertex 11.7767 27.7859 10.25
    endloop
  endfacet
  facet normal 0.656876 0.396325 0.641436
    outer loop
      vertex 12.6631 29.8773 8.05
      vertex 12.3928 30.3253 8.05
      vertex 11.5253 28.2025 10.25
    endloop
  endfacet
  facet normal 0.656835 0.396371 0.64145
    outer loop
      vertex 11.7767 27.7859 10.25
      vertex 12.6631 29.8773 8.05
      vertex 11.5253 28.2025 10.25
    endloop
  endfacet
  facet normal 0.577907 0.461449 0.673119
    outer loop
      vertex 12.3928 30.3253 8.05
      vertex 12.0663 30.7342 8.05
      vertex 11.2217 28.5828 10.25
    endloop
  endfacet
  facet normal 0.577962 0.461397 0.673107
    outer loop
      vertex 11.5253 28.2025 10.25
      vertex 12.3928 30.3253 8.05
      vertex 11.2217 28.5828 10.25
    endloop
  endfacet
  facet normal 0.497355 0.517101 0.696595
    outer loop
      vertex 12.0663 30.7342 8.05
      vertex 11.6892 31.0969 8.05
      vertex 10.871 28.9202 10.25
    endloop
  endfacet
  facet normal 0.497431 0.51704 0.696586
    outer loop
      vertex 11.2217 28.5828 10.25
      vertex 12.0663 30.7342 8.05
      vertex 10.871 28.9202 10.25
    endloop
  endfacet
  facet normal 0.416073 0.564278 0.713074
    outer loop
      vertex 11.6892 31.0969 8.05
      vertex 11.2681 31.4074 8.05
      vertex 10.4793 29.2089 10.25
    endloop
  endfacet
  facet normal 0.415956 0.564358 0.713078
    outer loop
      vertex 10.871 28.9202 10.25
      vertex 11.6892 31.0969 8.05
      vertex 10.4793 29.2089 10.25
    endloop
  endfacet
  facet normal 0.333518 0.60437 0.723535
    outer loop
      vertex 11.2681 31.4074 8.05
      vertex 10.81 31.6602 8.05
      vertex 10.0533 29.444 10.25
    endloop
  endfacet
  facet normal 0.333533 0.604361 0.723536
    outer loop
      vertex 10.4793 29.2089 10.25
      vertex 11.2681 31.4074 8.05
      vertex 10.0533 29.444 10.25
    endloop
  endfacet
  facet normal 0.249812 0.637884 0.72849
    outer loop
      vertex 10.81 31.6602 8.05
      vertex 10.3228 31.851 8.05
      vertex 9.60019 29.6215 10.25
    endloop
  endfacet
  facet normal 0.249871 0.637854 0.728496
    outer loop
      vertex 10.0533 29.444 10.25
      vertex 10.81 31.6602 8.05
      vertex 9.60019 29.6215 10.25
    endloop
  endfacet
  facet normal 0.164633 0.665249 0.728244
    outer loop
      vertex 10.3228 31.851 8.05
      vertex 9.81487 31.9767 8.05
      vertex 9.60019 29.6215 10.25
    endloop
  endfacet
  facet normal 0.164497 0.665271 0.728255
    outer loop
      vertex 9.60019 29.6215 10.25
      vertex 9.81487 31.9767 8.05
      vertex 9.12782 29.7383 10.25
    endloop
  endfacet
  facet normal 0.0768704 0.686788 0.722782
    outer loop
      vertex 9.81487 31.9767 8.05
      vertex 9.29489 32.0349 8.05
      vertex 9.12782 29.7383 10.25
    endloop
  endfacet
  facet normal 0.0769762 0.686778 0.72278
    outer loop
      vertex 9.12782 29.7383 10.25
      vertex 9.29489 32.0349 8.05
      vertex 8.64425 29.7925 10.25
    endloop
  endfacet
  facet normal -0.0135585 0.702263 0.711788
    outer loop
      vertex 9.29489 32.0349 8.05
      vertex 8.77176 32.0248 8.05
      vertex 8.64425 29.7925 10.25
    endloop
  endfacet
  facet normal -0.0135686 0.702264 0.711788
    outer loop
      vertex 8.64425 29.7925 10.25
      vertex 8.77176 32.0248 8.05
      vertex 8.15774 29.7831 10.25
    endloop
  endfacet
  facet normal -0.107648 0.711231 0.694667
    outer loop
      vertex 8.77176 32.0248 8.05
      vertex 8.25443 31.9465 8.05
      vertex 8.15774 29.7831 10.25
    endloop
  endfacet
  facet normal -0.107764 0.711224 0.694656
    outer loop
      vertex 8.15774 29.7831 10.25
      vertex 8.25443 31.9465 8.05
      vertex 7.67661 29.7102 10.25
    endloop
  endfacet
  facet normal -0.205887 0.712791 0.670477
    outer loop
      vertex 8.25443 31.9465 8.05
      vertex 7.75174 31.8013 8.05
      vertex 7.67661 29.7102 10.25
    endloop
  endfacet
  facet normal -0.205839 0.712798 0.670485
    outer loop
      vertex 7.67661 29.7102 10.25
      vertex 7.75174 31.8013 8.05
      vertex 7.20912 29.5752 10.25
    endloop
  endfacet
  facet normal -0.308349 0.705641 0.637959
    outer loop
      vertex 7.75174 31.8013 8.05
      vertex 7.27231 31.5918 8.05
      vertex 7.20912 29.5752 10.25
    endloop
  endfacet
  facet normal -0.308298 0.705652 0.637971
    outer loop
      vertex 7.20912 29.5752 10.25
      vertex 7.27231 31.5918 8.05
      vertex 6.76325 29.3804 10.25
    endloop
  endfacet
  facet normal -0.409983 0.688978 0.597682
    outer loop
      vertex 7.27231 31.5918 8.05
      vertex 6.86546 31.3497 8.05
      vertex 6.76325 29.3804 10.25
    endloop
  endfacet
  facet normal -0.409902 0.689003 0.597708
    outer loop
      vertex 6.76325 29.3804 10.25
      vertex 6.86546 31.3497 8.05
      vertex 6.38488 29.1553 10.25
    endloop
  endfacet
  facet normal -0.459163 0.677098 0.575072
    outer loop
      vertex 6.38488 29.1553 10.25
      vertex 6.86546 31.3497 8.05
      vertex -6.62199 22.2034 8.05
    endloop
  endfacet
  facet normal -0.459161 0.677092 0.57508
    outer loop
      vertex -6.15845 20.6492 10.25
      vertex 6.38488 29.1553 10.25
      vertex -6.62199 22.2034 8.05
    endloop
  endfacet
  facet normal -0.434965 0.689703 0.578891
    outer loop
      vertex -6.15845 20.6492 10.25
      vertex -6.62199 22.2034 8.05
      vertex -6.73251 22.1337 8.05
    endloop
  endfacet
  facet normal -0.43534 0.6895 0.578852
    outer loop
      vertex -6.26124 20.5843 10.25
      vertex -6.15845 20.6492 10.25
      vertex -6.73251 22.1337 8.05
    endloop
  endfacet
  facet normal -0.411748 0.701206 0.582042
    outer loop
      vertex -6.26124 20.5843 10.25
      vertex -6.73251 22.1337 8.05
      vertex -6.76657 22.1137 8.05
    endloop
  endfacet
  facet normal -0.411806 0.701178 0.582036
    outer loop
      vertex -6.29291 20.5657 10.25
      vertex -6.26124 20.5843 10.25
      vertex -6.76657 22.1137 8.05
    endloop
  endfacet
  facet normal -0.363089 0.723433 0.587207
    outer loop
      vertex -6.29291 20.5657 10.25
      vertex -6.76657 22.1137 8.05
      vertex -6.98793 22.0026 8.05
    endloop
  endfacet
  facet normal -0.362749 0.723601 0.587209
    outer loop
      vertex -6.49877 20.4625 10.25
      vertex -6.29291 20.5657 10.25
      vertex -6.98793 22.0026 8.05
    endloop
  endfacet
  facet normal -0.264189 0.761527 0.591845
    outer loop
      vertex -6.49877 20.4625 10.25
      vertex -6.98793 22.0026 8.05
      vertex -7.19893 21.9294 8.05
    endloop
  endfacet
  facet normal -0.264612 0.761361 0.591869
    outer loop
      vertex -6.695 20.3943 10.25
      vertex -6.49877 20.4625 10.25
      vertex -7.19893 21.9294 8.05
    endloop
  endfacet
  facet normal -0.155094 0.79315 0.588947
    outer loop
      vertex -6.94992 20.3445 10.25
      vertex -7.19893 21.9294 8.05
      vertex -7.47304 21.8758 8.05
    endloop
  endfacet
  facet normal -0.154951 0.793176 0.58895
    outer loop
      vertex -6.94992 20.3445 10.25
      vertex -6.695 20.3943 10.25
      vertex -7.19893 21.9294 8.05
    endloop
  endfacet
  facet normal -0.0964078 0.806038 0.583959
    outer loop
      vertex -7.01524 20.3367 10.25
      vertex -7.47304 21.8758 8.05
      vertex -7.54327 21.8674 8.05
    endloop
  endfacet
  facet normal -0.096254 0.806066 0.583946
    outer loop
      vertex -7.01524 20.3367 10.25
      vertex -6.94992 20.3445 10.25
      vertex -7.47304 21.8758 8.05
    endloop
  endfacet
  facet normal -0.0610893 0.812393 0.579902
    outer loop
      vertex -7.17354 20.3248 10.25
      vertex -7.54327 21.8674 8.05
      vertex -7.71349 21.8546 8.05
    endloop
  endfacet
  facet normal -0.0610708 0.812395 0.5799
    outer loop
      vertex -7.17354 20.3248 10.25
      vertex -7.01524 20.3367 10.25
      vertex -7.54327 21.8674 8.05
    endloop
  endfacet
  facet normal -0.0265136 0.817661 0.575089
    outer loop
      vertex -22.3025 19.8342 10.25
      vertex -7.71349 21.8546 8.05
      vertex -23.9812 21.3271 8.05
    endloop
  endfacet
  facet normal -0.0265152 0.817666 0.575083
    outer loop
      vertex -7.17354 20.3248 10.25
      vertex -7.71349 21.8546 8.05
      vertex -22.3025 19.8342 10.25
    endloop
  endfacet
  facet normal -0.0781379 0.796212 0.599951
    outer loop
      vertex -22.7868 19.7866 10.25
      vertex -23.9812 21.3271 8.05
      vertex -24.5019 21.276 8.05
    endloop
  endfacet
  facet normal -0.0782529 0.796174 0.599987
    outer loop
      vertex -22.7868 19.7866 10.25
      vertex -22.3025 19.8342 10.25
      vertex -23.9812 21.3271 8.05
    endloop
  endfacet
  facet normal -0.174032 0.747151 0.641466
    outer loop
      vertex -23.2607 19.6763 10.25
      vertex -24.5019 21.276 8.05
      vertex -25.0115 21.1573 8.05
    endloop
  endfacet
  facet normal -0.173911 0.747204 0.641437
    outer loop
      vertex -23.2607 19.6763 10.25
      vertex -22.7868 19.7866 10.25
      vertex -24.5019 21.276 8.05
    endloop
  endfacet
  facet normal -0.260314 0.692191 0.673133
    outer loop
      vertex -23.7162 19.505 10.25
      vertex -25.0115 21.1573 8.05
      vertex -25.5013 20.9731 8.05
    endloop
  endfacet
  facet normal -0.260313 0.692192 0.673133
    outer loop
      vertex -23.7162 19.505 10.25
      vertex -23.2607 19.6763 10.25
      vertex -25.0115 21.1573 8.05
    endloop
  endfacet
  facet normal -0.338027 0.632859 0.696583
    outer loop
      vertex -24.1454 19.2758 10.25
      vertex -25.5013 20.9731 8.05
      vertex -25.9628 20.7266 8.05
    endloop
  endfacet
  facet normal -0.337975 0.632893 0.696577
    outer loop
      vertex -24.1454 19.2758 10.25
      vertex -23.7162 19.505 10.25
      vertex -25.5013 20.9731 8.05
    endloop
  endfacet
  facet normal -0.408153 0.57002 0.713084
    outer loop
      vertex -24.541 18.9925 10.25
      vertex -25.9628 20.7266 8.05
      vertex -26.3882 20.422 8.05
    endloop
  endfacet
  facet normal -0.408188 0.569993 0.713085
    outer loop
      vertex -24.541 18.9925 10.25
      vertex -24.1454 19.2758 10.25
      vertex -25.9628 20.7266 8.05
    endloop
  endfacet
  facet normal -0.471746 0.503935 0.723537
    outer loop
      vertex -24.8963 18.6599 10.25
      vertex -26.3882 20.422 8.05
      vertex -26.7702 20.0644 8.05
    endloop
  endfacet
  facet normal -0.471742 0.503938 0.723537
    outer loop
      vertex -24.8963 18.6599 10.25
      vertex -24.541 18.9925 10.25
      vertex -26.3882 20.422 8.05
    endloop
  endfacet
  facet normal -0.529427 0.434751 0.728491
    outer loop
      vertex -25.2051 18.2839 10.25
      vertex -26.7702 20.0644 8.05
      vertex -27.1022 19.6601 8.05
    endloop
  endfacet
  facet normal -0.529397 0.434781 0.728494
    outer loop
      vertex -25.2051 18.2839 10.25
      vertex -24.8963 18.6599 10.25
      vertex -26.7702 20.0644 8.05
    endloop
  endfacet
  facet normal -0.581807 0.362156 0.728247
    outer loop
      vertex -25.2051 18.2839 10.25
      vertex -27.1022 19.6601 8.05
      vertex -27.3787 19.2159 8.05
    endloop
  endfacet
  facet normal -0.581864 0.362045 0.728257
    outer loop
      vertex -25.4622 17.8707 10.25
      vertex -25.2051 18.2839 10.25
      vertex -27.3787 19.2159 8.05
    endloop
  endfacet
  facet normal -0.629395 0.28538 0.722786
    outer loop
      vertex -25.4622 17.8707 10.25
      vertex -27.3787 19.2159 8.05
      vertex -27.5948 18.7393 8.05
    endloop
  endfacet
  facet normal -0.6294 0.285368 0.722786
    outer loop
      vertex -25.6631 17.4276 10.25
      vertex -25.4622 17.8707 10.25
      vertex -27.5948 18.7393 8.05
    endloop
  endfacet
  facet normal -0.672088 0.20407 0.711796
    outer loop
      vertex -25.6631 17.4276 10.25
      vertex -27.5948 18.7393 8.05
      vertex -27.7468 18.2387 8.05
    endloop
  endfacet
  facet normal -0.672076 0.204105 0.711797
    outer loop
      vertex -25.8045 16.962 10.25
      vertex -25.6631 17.4276 10.25
      vertex -27.7468 18.2387 8.05
    endloop
  endfacet
  facet normal -0.709673 0.117408 0.694679
    outer loop
      vertex -25.8045 16.962 10.25
      vertex -27.7468 18.2387 8.05
      vertex -27.8322 17.7225 8.05
    endloop
  endfacet
  facet normal -0.709684 0.117369 0.694675
    outer loop
      vertex -25.8839 16.4819 10.25
      vertex -25.8045 16.962 10.25
      vertex -27.8322 17.7225 8.05
    endloop
  endfacet
  facet normal -0.741504 0.0245278 0.6705
    outer loop
      vertex -25.8839 16.4819 10.25
      vertex -27.8322 17.7225 8.05
      vertex -27.8495 17.1995 8.05
    endloop
  endfacet
  facet normal -0.7415 0.0245489 0.670504
    outer loop
      vertex -25.9 15.9956 10.25
      vertex -25.8839 16.4819 10.25
      vertex -27.8495 17.1995 8.05
    endloop
  endfacet
  facet normal -0.766416 -0.075361 0.637909
    outer loop
      vertex -27.7983 16.6788 8.05
      vertex -25.9 15.9956 10.25
      vertex -27.8495 17.1995 8.05
    endloop
  endfacet
  facet normal -0.766398 -0.075168 0.637953
    outer loop
      vertex -25.8525 15.5113 10.25
      vertex -25.9 15.9956 10.25
      vertex -27.7983 16.6788 8.05
    endloop
  endfacet
  facet normal -0.781937 -0.176812 0.597756
    outer loop
      vertex -27.6939 16.2171 8.05
      vertex -25.8525 15.5113 10.25
      vertex -27.7983 16.6788 8.05
    endloop
  endfacet
  facet normal -0.781939 -0.177002 0.597697
    outer loop
      vertex -25.7553 15.0819 10.25
      vertex -25.8525 15.5113 10.25
      vertex -27.6939 16.2171 8.05
    endloop
  endfacet
  facet normal -0.785831 -0.22745 0.575096
    outer loop
      vertex -23.163 0.563019 8.05
      vertex -25.7553 15.0819 10.25
      vertex -27.6939 16.2171 8.05
    endloop
  endfacet
  facet normal -0.785838 -0.22745 0.575088
    outer loop
      vertex -23.163 0.563019 8.05
      vertex -21.5416 0.523607 10.25
      vertex -25.7553 15.0819 10.25
    endloop
  endfacet
  facet normal -0.790261 -0.20114 0.578819
    outer loop
      vertex -23.1308 0.436508 8.05
      vertex -21.5416 0.523607 10.25
      vertex -23.163 0.563019 8.05
    endloop
  endfacet
  facet normal -0.790196 -0.201486 0.578786
    outer loop
      vertex -21.5116 0.405952 10.25
      vertex -21.5416 0.523607 10.25
      vertex -23.1308 0.436508 8.05
    endloop
  endfacet
  facet normal -0.794137 -0.174801 0.582057
    outer loop
      vertex -23.1224 0.398346 8.05
      vertex -21.5116 0.405952 10.25
      vertex -23.1308 0.436508 8.05
    endloop
  endfacet
  facet normal -0.794487 -0.172369 0.582305
    outer loop
      vertex -21.5039 0.370461 10.25
      vertex -21.5116 0.405952 10.25
      vertex -23.1224 0.398346 8.05
    endloop
  endfacet
  facet normal -0.800278 -0.121401 0.587211
    outer loop
      vertex -23.0852 0.153122 8.05
      vertex -21.5039 0.370461 10.25
      vertex -23.1224 0.398346 8.05
    endloop
  endfacet
  facet normal -0.800226 -0.121758 0.587209
    outer loop
      vertex -21.4692 0.142403 10.25
      vertex -21.5039 0.370461 10.25
      vertex -23.0852 0.153122 8.05
    endloop
  endfacet
  facet normal -0.80587 -0.016247 0.591869
    outer loop
      vertex -23.0807 -0.0700836 8.05
      vertex -21.4692 0.142403 10.25
      vertex -23.0852 0.153122 8.05
    endloop
  endfacet
  facet normal -0.80589 -0.0159175 0.591852
    outer loop
      vertex -21.4651 -0.065177 10.25
      vertex -21.4692 0.142403 10.25
      vertex -23.0807 -0.0700836 8.05
    endloop
  endfacet
  facet normal -0.802261 0.0975472 0.588949
    outer loop
      vertex -21.4964 -0.322937 10.25
      vertex -23.0807 -0.0700836 8.05
      vertex -23.1144 -0.347244 8.05
    endloop
  endfacet
  facet normal -0.802278 0.0974213 0.588947
    outer loop
      vertex -21.4964 -0.322937 10.25
      vertex -21.4651 -0.065177 10.25
      vertex -23.0807 -0.0700836 8.05
    endloop
  endfacet
  facet normal -0.79623 0.158543 0.583851
    outer loop
      vertex -21.5092 -0.387391 10.25
      vertex -23.1144 -0.347244 8.05
      vertex -23.1282 -0.41655 8.05
    endloop
  endfacet
  facet normal -0.796286 0.158135 0.583885
    outer loop
      vertex -21.5092 -0.387391 10.25
      vertex -21.4964 -0.322937 10.25
      vertex -23.1144 -0.347244 8.05
    endloop
  endfacet
  facet normal -0.791509 0.192916 0.579911
    outer loop
      vertex -21.5468 -0.541544 10.25
      vertex -23.1282 -0.41655 8.05
      vertex -23.1686 -0.582306 8.05
    endloop
  endfacet
  facet normal -0.791483 0.193053 0.579901
    outer loop
      vertex -21.5468 -0.541544 10.25
      vertex -21.5092 -0.387391 10.25
      vertex -23.1282 -0.41655 8.05
    endloop
  endfacet
  facet normal -0.785831 0.227449 0.575096
    outer loop
      vertex -25.7553 -15.0819 10.25
      vertex -23.1686 -0.582306 8.05
      vertex -27.6939 -16.2171 8.05
    endloop
  endfacet
  facet normal -0.785836 0.227449 0.57509
    outer loop
      vertex -21.5468 -0.541544 10.25
      vertex -23.1686 -0.582306 8.05
      vertex -25.7553 -15.0819 10.25
    endloop
  endfacet
  facet normal -0.78139 0.171569 0.599995
    outer loop
      vertex -25.8597 -15.5571 10.25
      vertex -27.6939 -16.2171 8.05
      vertex -27.8061 -16.7281 8.05
    endloop
  endfacet
  facet normal -0.78139 0.171669 0.599966
    outer loop
      vertex -25.8597 -15.5571 10.25
      vertex -25.7553 -15.0819 10.25
      vertex -27.6939 -16.2171 8.05
    endloop
  endfacet
  facet normal -0.764389 0.0655442 0.641416
    outer loop
      vertex -25.9012 -16.042 10.25
      vertex -27.8061 -16.7281 8.05
      vertex -27.8508 -17.2494 8.05
    endloop
  endfacet
  facet normal -0.764376 0.0654189 0.641444
    outer loop
      vertex -25.9012 -16.042 10.25
      vertex -25.8597 -15.5571 10.25
      vertex -27.8061 -16.7281 8.05
    endloop
  endfacet
  facet normal -0.738762 -0.0336379 0.673127
    outer loop
      vertex -27.827 -17.7721 8.05
      vertex -25.8791 -16.5281 10.25
      vertex -27.8508 -17.2494 8.05
    endloop
  endfacet
  facet normal -0.738771 -0.0335874 0.673119
    outer loop
      vertex -25.8791 -16.5281 10.25
      vertex -25.9012 -16.042 10.25
      vertex -27.8508 -17.2494 8.05
    endloop
  endfacet
  facet normal -0.706304 -0.126013 0.696603
    outer loop
      vertex -27.7351 -18.2872 8.05
      vertex -25.7937 -17.0071 10.25
      vertex -27.827 -17.7721 8.05
    endloop
  endfacet
  facet normal -0.706326 -0.12593 0.696595
    outer loop
      vertex -25.7937 -17.0071 10.25
      vertex -25.8791 -16.5281 10.25
      vertex -27.827 -17.7721 8.05
    endloop
  endfacet
  facet normal -0.668263 -0.211989 0.713082
    outer loop
      vertex -27.5769 -18.7859 8.05
      vertex -25.6465 -17.4709 10.25
      vertex -27.7351 -18.2872 8.05
    endloop
  endfacet
  facet normal -0.66823 -0.212082 0.713085
    outer loop
      vertex -25.6465 -17.4709 10.25
      vertex -25.7937 -17.0071 10.25
      vertex -27.7351 -18.2872 8.05
    endloop
  endfacet
  facet normal -0.625038 -0.292942 0.723542
    outer loop
      vertex -27.5769 -18.7859 8.05
      vertex -25.44 -17.9115 10.25
      vertex -25.6465 -17.4709 10.25
    endloop
  endfacet
  facet normal -0.625067 -0.292876 0.723544
    outer loop
      vertex -25.44 -17.9115 10.25
      vertex -27.5769 -18.7859 8.05
      vertex -27.3549 -19.2597 8.05
    endloop
  endfacet
  facet normal -0.577058 -0.369171 0.728503
    outer loop
      vertex -27.0729 -19.7005 8.05
      vertex -25.1778 -18.3214 10.25
      vertex -27.3549 -19.2597 8.05
    endloop
  endfacet
  facet normal -0.577076 -0.369137 0.728506
    outer loop
      vertex -25.1778 -18.3214 10.25
      vertex -25.44 -17.9115 10.25
      vertex -27.3549 -19.2597 8.05
    endloop
  endfacet
  facet normal -0.524087 -0.441564 0.728254
    outer loop
      vertex -26.7358 -20.1006 8.05
      vertex -25.1778 -18.3214 10.25
      vertex -27.0729 -19.7005 8.05
    endloop
  endfacet
  facet normal -0.524158 -0.441493 0.728246
    outer loop
      vertex -24.8643 -18.6936 10.25
      vertex -25.1778 -18.3214 10.25
      vertex -26.7358 -20.1006 8.05
    endloop
  endfacet
  facet normal -0.46597 -0.510348 0.722784
    outer loop
      vertex -26.3494 -20.4534 8.05
      vertex -24.8643 -18.6936 10.25
      vertex -26.7358 -20.1006 8.05
    endloop
  endfacet
  facet normal -0.465933 -0.510382 0.722785
    outer loop
      vertex -24.5049 -19.0217 10.25
      vertex -24.8643 -18.6936 10.25
      vertex -26.3494 -20.4534 8.05
    endloop
  endfacet
  facet normal -0.40177 -0.576143 0.711786
    outer loop
      vertex -25.9202 -20.7527 8.05
      vertex -24.5049 -19.0217 10.25
      vertex -26.3494 -20.4534 8.05
    endloop
  endfacet
  facet normal -0.401761 -0.576151 0.711786
    outer loop
      vertex -24.1058 -19.3 10.25
      vertex -24.5049 -19.0217 10.25
      vertex -25.9202 -20.7527 8.05
    endloop
  endfacet
  facet normal -0.330954 -0.638671 0.694672
    outer loop
      vertex -25.4557 -20.9934 8.05
      vertex -24.1058 -19.3 10.25
      vertex -25.9202 -20.7527 8.05
    endloop
  endfacet
  facet normal -0.330999 -0.638641 0.694678
    outer loop
      vertex -23.6738 -19.5239 10.25
      vertex -24.1058 -19.3 10.25
      vertex -25.4557 -20.9934 8.05
    endloop
  endfacet
  facet normal -0.252528 -0.697606 0.670505
    outer loop
      vertex -24.9637 -21.1715 8.05
      vertex -23.6738 -19.5239 10.25
      vertex -25.4557 -20.9934 8.05
    endloop
  endfacet
  facet normal -0.252467 -0.697638 0.670493
    outer loop
      vertex -23.2162 -19.6895 10.25
      vertex -23.6738 -19.5239 10.25
      vertex -24.9637 -21.1715 8.05
    endloop
  endfacet
  facet normal -0.165262 -0.752143 0.637942
    outer loop
      vertex -24.4526 -21.2838 8.05
      vertex -23.2162 -19.6895 10.25
      vertex -24.9637 -21.1715 8.05
    endloop
  endfacet
  facet normal -0.165245 -0.75215 0.637937
    outer loop
      vertex -22.741 -19.7939 10.25
      vertex -23.2162 -19.6895 10.25
      vertex -24.4526 -21.2838 8.05
    endloop
  endfacet
  facet normal -0.0733315 -0.798348 0.597715
    outer loop
      vertex -23.9812 -21.3271 8.05
      vertex -22.741 -19.7939 10.25
      vertex -24.4526 -21.2838 8.05
    endloop
  endfacet
  facet normal -0.0733703 -0.798335 0.597728
    outer loop
      vertex -22.3025 -19.8342 10.25
      vertex -22.741 -19.7939 10.25
      vertex -23.9812 -21.3271 8.05
    endloop
  endfacet
  facet normal -0.0265164 -0.81766 0.57509
    outer loop
      vertex -7.6936 -21.8553 8.05
      vertex -22.3025 -19.8342 10.25
      vertex -23.9812 -21.3271 8.05
    endloop
  endfacet
  facet normal -0.0265149 -0.817656 0.575096
    outer loop
      vertex -7.6936 -21.8553 8.05
      vertex -7.15505 -20.3254 10.25
      vertex -22.3025 -19.8342 10.25
    endloop
  endfacet
  facet normal -0.0529204 -0.81373 0.57883
    outer loop
      vertex -7.5629 -21.8638 8.05
      vertex -7.15505 -20.3254 10.25
      vertex -7.6936 -21.8553 8.05
    endloop
  endfacet
  facet normal -0.0528834 -0.813734 0.578826
    outer loop
      vertex -7.03349 -20.3333 10.25
      vertex -7.15505 -20.3254 10.25
      vertex -7.5629 -21.8638 8.05
    endloop
  endfacet
  facet normal -0.0790581 -0.809305 0.582044
    outer loop
      vertex -7.524 -21.8676 8.05
      vertex -7.03349 -20.3333 10.25
      vertex -7.5629 -21.8638 8.05
    endloop
  endfacet
  facet normal -0.080525 -0.809052 0.582194
    outer loop
      vertex -6.99732 -20.3369 10.25
      vertex -7.03349 -20.3333 10.25
      vertex -7.524 -21.8676 8.05
    endloop
  endfacet
  facet normal -0.131589 -0.798675 0.587199
    outer loop
      vertex -7.2794 -21.9079 8.05
      vertex -6.99732 -20.3369 10.25
      vertex -7.524 -21.8676 8.05
    endloop
  endfacet
  facet normal -0.131665 -0.798662 0.587199
    outer loop
      vertex -6.76985 -20.3744 10.25
      vertex -6.99732 -20.3369 10.25
      vertex -7.2794 -21.9079 8.05
    endloop
  endfacet
  facet normal -0.23383 -0.771387 0.59185
    outer loop
      vertex -7.06563 -21.9727 8.05
      vertex -6.76985 -20.3744 10.25
      vertex -7.2794 -21.9079 8.05
    endloop
  endfacet
  facet normal -0.233585 -0.771451 0.591863
    outer loop
      vertex -6.57103 -20.4346 10.25
      vertex -6.76985 -20.3744 10.25
      vertex -7.06563 -21.9727 8.05
    endloop
  endfacet
  facet normal -0.340743 -0.732815 0.588963
    outer loop
      vertex -6.8125 -22.0904 8.05
      vertex -6.33562 -20.544 10.25
      vertex -7.06563 -21.9727 8.05
    endloop
  endfacet
  facet normal -0.340589 -0.732889 0.58896
    outer loop
      vertex -6.33562 -20.544 10.25
      vertex -6.57103 -20.4346 10.25
      vertex -7.06563 -21.9727 8.05
    endloop
  endfacet
  facet normal -0.396445 -0.708444 0.583899
    outer loop
      vertex -6.75067 -22.125 8.05
      vertex -6.27812 -20.5762 10.25
      vertex -6.8125 -22.0904 8.05
    endloop
  endfacet
  facet normal -0.396668 -0.708336 0.583879
    outer loop
      vertex -6.27812 -20.5762 10.25
      vertex -6.33562 -20.544 10.25
      vertex -6.8125 -22.0904 8.05
    endloop
  endfacet
  facet normal -0.428125 -0.693113 0.579917
    outer loop
      vertex -6.60545 -22.2147 8.05
      vertex -6.14307 -20.6596 10.25
      vertex -6.75067 -22.125 8.05
    endloop
  endfacet
  facet normal -0.428055 -0.693151 0.579923
    outer loop
      vertex -6.14307 -20.6596 10.25
      vertex -6.27812 -20.5762 10.25
      vertex -6.75067 -22.125 8.05
    endloop
  endfacet
  facet normal -0.459156 -0.677087 0.575091
    outer loop
      vertex 6.86548 -31.3498 8.05
      vertex 6.38489 -29.1553 10.25
      vertex -6.60545 -22.2147 8.05
    endloop
  endfacet
  facet normal -0.459153 -0.677078 0.575103
    outer loop
      vertex 6.38489 -29.1553 10.25
      vertex -6.14307 -20.6596 10.25
      vertex -6.60545 -22.2147 8.05
    endloop
  endfacet
  facet normal -0.404745 -0.690101 0.599952
    outer loop
      vertex 6.86548 -31.3498 8.05
      vertex 7.3168 -31.6145 8.05
      vertex 6.80463 -29.4015 10.25
    endloop
  endfacet
  facet normal -0.404775 -0.690091 0.599943
    outer loop
      vertex 6.86548 -31.3498 8.05
      vertex 6.80463 -29.4015 10.25
      vertex 6.38489 -29.1553 10.25
    endloop
  endfacet
  facet normal -0.29838 -0.706742 0.641472
    outer loop
      vertex 7.3168 -31.6145 8.05
      vertex 7.79881 -31.818 8.05
      vertex 7.2529 -29.5907 10.25
    endloop
  endfacet
  facet normal -0.2983 -0.706759 0.64149
    outer loop
      vertex 7.3168 -31.6145 8.05
      vertex 7.2529 -29.5907 10.25
      vertex 6.80463 -29.4015 10.25
    endloop
  endfacet
  facet normal -0.19632 -0.712997 0.673122
    outer loop
      vertex 7.79881 -31.818 8.05
      vertex 8.30327 -31.9569 8.05
      vertex 7.72204 -29.7199 10.25
    endloop
  endfacet
  facet normal -0.196356 -0.712993 0.673116
    outer loop
      vertex 7.79881 -31.818 8.05
      vertex 7.72204 -29.7199 10.25
      vertex 7.2529 -29.5907 10.25
    endloop
  endfacet
  facet normal -0.0984566 -0.71067 0.696602
    outer loop
      vertex 8.30327 -31.9569 8.05
      vertex 8.82153 -32.0287 8.05
      vertex 8.20403 -29.7867 10.25
    endloop
  endfacet
  facet normal -0.098493 -0.710668 0.696599
    outer loop
      vertex 8.30327 -31.9569 8.05
      vertex 8.20403 -29.7867 10.25
      vertex 7.72204 -29.7199 10.25
    endloop
  endfacet
  facet normal -0.00482357 -0.701066 0.71308
    outer loop
      vertex 8.82153 -32.0287 8.05
      vertex 9.34476 -32.0323 8.05
      vertex 8.69062 -29.7901 10.25
    endloop
  endfacet
  facet normal -0.00489865 -0.701068 0.713077
    outer loop
      vertex 8.82153 -32.0287 8.05
      vertex 8.69062 -29.7901 10.25
      vertex 8.20403 -29.7867 10.25
    endloop
  endfacet
  facet normal 0.0853606 -0.684982 0.723542
    outer loop
      vertex 9.34476 -32.0323 8.05
      vertex 9.86395 -31.9676 8.05
      vertex 9.17348 -29.7298 10.25
    endloop
  endfacet
  facet normal 0.085539 -0.684965 0.723537
    outer loop
      vertex 9.34476 -32.0323 8.05
      vertex 9.17348 -29.7298 10.25
      vertex 8.69062 -29.7901 10.25
    endloop
  endfacet
  facet normal -0.997859 -0.0654039 0
    outer loop
      vertex 16.75 0 9.05
      vertex 16.6067 2.18631 10.25
      vertex 16.6067 2.18631 9.05
    endloop
  endfacet
  facet normal -0.997859 -0.0654039 0
    outer loop
      vertex 16.6067 2.18631 10.25
      vertex 16.75 0 9.05
      vertex 16.75 0 10.25
    endloop
  endfacet
  facet normal 0.997859 -0.0654039 0
    outer loop
      vertex -16.75 0 10.25
      vertex -16.6067 2.18631 9.05
      vertex -16.6067 2.18631 10.25
    endloop
  endfacet
  facet normal 0.997859 -0.0654039 0
    outer loop
      vertex -16.6067 2.18631 9.05
      vertex -16.75 0 10.25
      vertex -16.75 0 9.05
    endloop
  endfacet
  facet normal -0.0654039 -0.997859 0
    outer loop
      vertex 0 16.75 9.05
      vertex 2.18631 16.6067 10.25
      vertex 0 16.75 10.25
    endloop
  endfacet
  facet normal -0.0654039 -0.997859 -0
    outer loop
      vertex 2.18631 16.6067 10.25
      vertex 0 16.75 9.05
      vertex 2.18631 16.6067 9.05
    endloop
  endfacet
  facet normal 0.0654039 0.997859 -0
    outer loop
      vertex 0 -16.75 9.05
      vertex -2.18631 -16.6067 10.25
      vertex 0 -16.75 10.25
    endloop
  endfacet
  facet normal 0.0654039 0.997859 0
    outer loop
      vertex -2.18631 -16.6067 10.25
      vertex 0 -16.75 9.05
      vertex -2.18631 -16.6067 9.05
    endloop
  endfacet
  facet normal 0.751807 0.659383 0
    outer loop
      vertex -11.844 -11.844 10.25
      vertex -13.2887 -10.1968 9.05
      vertex -13.2887 -10.1968 10.25
    endloop
  endfacet
  facet normal 0.751807 0.659383 0
    outer loop
      vertex -13.2887 -10.1968 9.05
      vertex -11.844 -11.844 10.25
      vertex -11.844 -11.844 9.05
    endloop
  endfacet
  facet normal -0.751807 -0.659383 0
    outer loop
      vertex 13.2887 10.1968 9.05
      vertex 11.844 11.844 10.25
      vertex 11.844 11.844 9.05
    endloop
  endfacet
  facet normal -0.751807 -0.659383 0
    outer loop
      vertex 11.844 11.844 10.25
      vertex 13.2887 10.1968 9.05
      vertex 13.2887 10.1968 10.25
    endloop
  endfacet
  facet normal 0.659383 -0.751807 0
    outer loop
      vertex -11.844 11.844 9.05
      vertex -10.1968 13.2887 10.25
      vertex -11.844 11.844 10.25
    endloop
  endfacet
  facet normal 0.659383 -0.751807 0
    outer loop
      vertex -10.1968 13.2887 10.25
      vertex -11.844 11.844 9.05
      vertex -10.1968 13.2887 9.05
    endloop
  endfacet
  facet normal 0.321449 -0.946927 0
    outer loop
      vertex -6.40995 15.475 9.05
      vertex -4.33522 16.1793 10.25
      vertex -6.40995 15.475 10.25
    endloop
  endfacet
  facet normal 0.321449 -0.946927 0
    outer loop
      vertex -4.33522 16.1793 10.25
      vertex -6.40995 15.475 9.05
      vertex -4.33522 16.1793 9.05
    endloop
  endfacet
  facet normal -0.896865 -0.442305 0
    outer loop
      vertex 15.475 6.40995 9.05
      vertex 14.5059 8.375 10.25
      vertex 14.5059 8.375 9.05
    endloop
  endfacet
  facet normal -0.896865 -0.442305 0
    outer loop
      vertex 14.5059 8.375 10.25
      vertex 15.475 6.40995 9.05
      vertex 15.475 6.40995 10.25
    endloop
  endfacet
  facet normal -0.980789 -0.195071 0
    outer loop
      vertex 16.6067 2.18631 9.05
      vertex 16.1793 4.33522 10.25
      vertex 16.1793 4.33522 9.05
    endloop
  endfacet
  facet normal -0.980789 -0.195071 0
    outer loop
      vertex 16.1793 4.33522 10.25
      vertex 16.6067 2.18631 9.05
      vertex 16.6067 2.18631 10.25
    endloop
  endfacet
  facet normal -0.831488 -0.555543 0
    outer loop
      vertex 14.5059 8.375 9.05
      vertex 13.2887 10.1968 10.25
      vertex 13.2887 10.1968 9.05
    endloop
  endfacet
  facet normal -0.831488 -0.555543 0
    outer loop
      vertex 13.2887 10.1968 10.25
      vertex 14.5059 8.375 9.05
      vertex 14.5059 8.375 10.25
    endloop
  endfacet
  facet normal -0.442305 -0.896865 0
    outer loop
      vertex 6.40995 15.475 9.05
      vertex 8.375 14.5059 10.25
      vertex 6.40995 15.475 10.25
    endloop
  endfacet
  facet normal -0.442305 -0.896865 -0
    outer loop
      vertex 8.375 14.5059 10.25
      vertex 6.40995 15.475 9.05
      vertex 8.375 14.5059 9.05
    endloop
  endfacet
  facet normal -0.321449 -0.946927 0
    outer loop
      vertex 4.33522 16.1793 9.05
      vertex 6.40995 15.475 10.25
      vertex 4.33522 16.1793 10.25
    endloop
  endfacet
  facet normal -0.321449 -0.946927 -0
    outer loop
      vertex 6.40995 15.475 10.25
      vertex 4.33522 16.1793 9.05
      vertex 6.40995 15.475 9.05
    endloop
  endfacet
  facet normal -0.555543 -0.831488 0
    outer loop
      vertex 8.375 14.5059 9.05
      vertex 10.1968 13.2887 10.25
      vertex 8.375 14.5059 10.25
    endloop
  endfacet
  facet normal -0.555543 -0.831488 -0
    outer loop
      vertex 10.1968 13.2887 10.25
      vertex 8.375 14.5059 9.05
      vertex 10.1968 13.2887 9.05
    endloop
  endfacet
  facet normal 0.896865 -0.442305 0
    outer loop
      vertex -15.475 6.40995 10.25
      vertex -14.5059 8.375 9.05
      vertex -14.5059 8.375 10.25
    endloop
  endfacet
  facet normal 0.896865 -0.442305 0
    outer loop
      vertex -14.5059 8.375 9.05
      vertex -15.475 6.40995 10.25
      vertex -15.475 6.40995 9.05
    endloop
  endfacet
  facet normal 0.946927 -0.321449 0
    outer loop
      vertex -16.1793 4.33522 10.25
      vertex -15.475 6.40995 9.05
      vertex -15.475 6.40995 10.25
    endloop
  endfacet
  facet normal 0.946927 -0.321449 0
    outer loop
      vertex -15.475 6.40995 9.05
      vertex -16.1793 4.33522 10.25
      vertex -16.1793 4.33522 9.05
    endloop
  endfacet
  facet normal 0.442305 -0.896865 0
    outer loop
      vertex -8.375 14.5059 9.05
      vertex -6.40995 15.475 10.25
      vertex -8.375 14.5059 10.25
    endloop
  endfacet
  facet normal 0.442305 -0.896865 0
    outer loop
      vertex -6.40995 15.475 10.25
      vertex -8.375 14.5059 9.05
      vertex -6.40995 15.475 9.05
    endloop
  endfacet
  facet normal 0.195071 -0.980789 0
    outer loop
      vertex -4.33522 16.1793 9.05
      vertex -2.18631 16.6067 10.25
      vertex -4.33522 16.1793 10.25
    endloop
  endfacet
  facet normal 0.195071 -0.980789 0
    outer loop
      vertex -2.18631 16.6067 10.25
      vertex -4.33522 16.1793 9.05
      vertex -2.18631 16.6067 9.05
    endloop
  endfacet
  facet normal -0.442305 0.896865 0
    outer loop
      vertex 8.375 -14.5059 9.05
      vertex 6.40995 -15.475 10.25
      vertex 8.375 -14.5059 10.25
    endloop
  endfacet
  facet normal -0.442305 0.896865 0
    outer loop
      vertex 6.40995 -15.475 10.25
      vertex 8.375 -14.5059 9.05
      vertex 6.40995 -15.475 9.05
    endloop
  endfacet
  facet normal 0.321449 0.946927 -0
    outer loop
      vertex -4.33522 -16.1793 9.05
      vertex -6.40995 -15.475 10.25
      vertex -4.33522 -16.1793 10.25
    endloop
  endfacet
  facet normal 0.321449 0.946927 0
    outer loop
      vertex -6.40995 -15.475 10.25
      vertex -4.33522 -16.1793 9.05
      vertex -6.40995 -15.475 9.05
    endloop
  endfacet
  facet normal 0.896865 0.442305 0
    outer loop
      vertex -14.5059 -8.375 10.25
      vertex -15.475 -6.40995 9.05
      vertex -15.475 -6.40995 10.25
    endloop
  endfacet
  facet normal 0.896865 0.442305 0
    outer loop
      vertex -15.475 -6.40995 9.05
      vertex -14.5059 -8.375 10.25
      vertex -14.5059 -8.375 9.05
    endloop
  endfacet
  facet normal 0 0 -1
    outer loop
      vertex 16.75 0 9.05
      vertex 19.3 0 9.05
      vertex 19.1349 -2.51916 9.05
    endloop
  endfacet
  facet normal 0 0 -1
    outer loop
      vertex 16.6067 -2.18631 9.05
      vertex 19.1349 -2.51916 9.05
      vertex 18.6424 -4.99521 9.05
    endloop
  endfacet
  facet normal 0 0 -1
    outer loop
      vertex 19.3 0 9.05
      vertex 16.75 0 9.05
      vertex 19.1349 2.51916 9.05
    endloop
  endfacet
  facet normal 0 0 -1
    outer loop
      vertex 16.1793 -4.33522 9.05
      vertex 18.6424 -4.99521 9.05
      vertex 17.8309 -7.38579 9.05
    endloop
  endfacet
  facet normal 0 0 -1
    outer loop
      vertex 16.6067 2.18631 9.05
      vertex 19.1349 2.51916 9.05
      vertex 16.75 0 9.05
    endloop
  endfacet
  facet normal -0 0 -1
    outer loop
      vertex 19.1349 2.51916 9.05
      vertex 16.6067 2.18631 9.05
      vertex 18.6424 4.99521 9.05
    endloop
  endfacet
  facet normal 0 0 -1
    outer loop
      vertex 15.475 -6.40995 9.05
      vertex 17.8309 -7.38579 9.05
      vertex 16.7143 -9.65 9.05
    endloop
  endfacet
  facet normal 0 0 -1
    outer loop
      vertex 19.1349 -2.51916 9.05
      vertex 16.6067 -2.18631 9.05
      vertex 16.75 0 9.05
    endloop
  endfacet
  facet normal 0 0 -1
    outer loop
      vertex 18.6424 -4.99521 9.05
      vertex 16.1793 -4.33522 9.05
      vertex 16.6067 -2.18631 9.05
    endloop
  endfacet
  facet normal 0 0 -1
    outer loop
      vertex 17.8309 -7.38579 9.05
      vertex 15.475 -6.40995 9.05
      vertex 16.1793 -4.33522 9.05
    endloop
  endfacet
  facet normal 0 0 -1
    outer loop
      vertex 14.5059 -8.375 9.05
      vertex 16.7143 -9.65 9.05
      vertex 15.3117 -11.7491 9.05
    endloop
  endfacet
  facet normal 0 0 -1
    outer loop
      vertex 16.7143 -9.65 9.05
      vertex 14.5059 -8.375 9.05
      vertex 15.475 -6.40995 9.05
    endloop
  endfacet
  facet normal 0 0 -1
    outer loop
      vertex 13.2887 -10.1968 9.05
      vertex 15.3117 -11.7491 9.05
      vertex 13.6472 -13.6472 9.05
    endloop
  endfacet
  facet normal 0 0 -1
    outer loop
      vertex 15.3117 -11.7491 9.05
      vertex 13.2887 -10.1968 9.05
      vertex 14.5059 -8.375 9.05
    endloop
  endfacet
  facet normal 0 0 -1
    outer loop
      vertex 13.6472 -13.6472 9.05
      vertex 11.844 -11.844 9.05
      vertex 13.2887 -10.1968 9.05
    endloop
  endfacet
  facet normal 0 0 -1
    outer loop
      vertex 11.7491 -15.3117 9.05
      vertex 11.844 -11.844 9.05
      vertex 13.6472 -13.6472 9.05
    endloop
  endfacet
  facet normal 0 0 -1
    outer loop
      vertex 11.7491 -15.3117 9.05
      vertex 10.1968 -13.2887 9.05
      vertex 11.844 -11.844 9.05
    endloop
  endfacet
  facet normal 0 0 -1
    outer loop
      vertex 9.65 -16.7143 9.05
      vertex 10.1968 -13.2887 9.05
      vertex 11.7491 -15.3117 9.05
    endloop
  endfacet
  facet normal 0 0 -1
    outer loop
      vertex 9.65 -16.7143 9.05
      vertex 8.375 -14.5059 9.05
      vertex 10.1968 -13.2887 9.05
    endloop
  endfacet
  facet normal 0 0 -1
    outer loop
      vertex 7.38579 -17.8309 9.05
      vertex 8.375 -14.5059 9.05
      vertex 9.65 -16.7143 9.05
    endloop
  endfacet
  facet normal 0 0 -1
    outer loop
      vertex 7.38579 -17.8309 9.05
      vertex 6.40995 -15.475 9.05
      vertex 8.375 -14.5059 9.05
    endloop
  endfacet
  facet normal 0 0 -1
    outer loop
      vertex 4.99521 -18.6424 9.05
      vertex 6.40995 -15.475 9.05
      vertex 7.38579 -17.8309 9.05
    endloop
  endfacet
  facet normal 0 0 -1
    outer loop
      vertex 4.99521 -18.6424 9.05
      vertex 4.33522 -16.1793 9.05
      vertex 6.40995 -15.475 9.05
    endloop
  endfacet
  facet normal 0 0 -1
    outer loop
      vertex 2.51916 -19.1349 9.05
      vertex 4.33522 -16.1793 9.05
      vertex 4.99521 -18.6424 9.05
    endloop
  endfacet
  facet normal 0 0 -1
    outer loop
      vertex 2.51916 -19.1349 9.05
      vertex 2.18631 -16.6067 9.05
      vertex 4.33522 -16.1793 9.05
    endloop
  endfacet
  facet normal 0 0 -1
    outer loop
      vertex 0 -19.3 9.05
      vertex 2.18631 -16.6067 9.05
      vertex 2.51916 -19.1349 9.05
    endloop
  endfacet
  facet normal 0 0 -1
    outer loop
      vertex 0 -19.3 9.05
      vertex 0 -16.75 9.05
      vertex 2.18631 -16.6067 9.05
    endloop
  endfacet
  facet normal 0 0 -1
    outer loop
      vertex 0 -19.3 9.05
      vertex -2.18631 -16.6067 9.05
      vertex 0 -16.75 9.05
    endloop
  endfacet
  facet normal 0 0 -1
    outer loop
      vertex -2.51916 -19.1349 9.05
      vertex -2.18631 -16.6067 9.05
      vertex 0 -19.3 9.05
    endloop
  endfacet
  facet normal 0 0 -1
    outer loop
      vertex -2.51916 -19.1349 9.05
      vertex -4.33522 -16.1793 9.05
      vertex -2.18631 -16.6067 9.05
    endloop
  endfacet
  facet normal 0 0 -1
    outer loop
      vertex -4.99521 -18.6424 9.05
      vertex -4.33522 -16.1793 9.05
      vertex -2.51916 -19.1349 9.05
    endloop
  endfacet
  facet normal 0 0 -1
    outer loop
      vertex -4.99521 -18.6424 9.05
      vertex -6.40995 -15.475 9.05
      vertex -4.33522 -16.1793 9.05
    endloop
  endfacet
  facet normal 0 0 -1
    outer loop
      vertex -7.38579 -17.8309 9.05
      vertex -6.40995 -15.475 9.05
      vertex -4.99521 -18.6424 9.05
    endloop
  endfacet
  facet normal 0 0 -1
    outer loop
      vertex -7.38579 -17.8309 9.05
      vertex -8.375 -14.5059 9.05
      vertex -6.40995 -15.475 9.05
    endloop
  endfacet
  facet normal 0 0 -1
    outer loop
      vertex -9.65 -16.7143 9.05
      vertex -8.375 -14.5059 9.05
      vertex -7.38579 -17.8309 9.05
    endloop
  endfacet
  facet normal 0 0 -1
    outer loop
      vertex -10.4033 -16.2109 9.05
      vertex -8.375 -14.5059 9.05
      vertex -9.65 -16.7143 9.05
    endloop
  endfacet
  facet normal -0 0 -1
    outer loop
      vertex -8.375 -14.5059 9.05
      vertex -10.4033 -16.2109 9.05
      vertex -10.1968 -13.2887 9.05
    endloop
  endfacet
  facet normal 0 0 -1
    outer loop
      vertex -10.4033 -16.2109 9.05
      vertex -11.844 -11.844 9.05
      vertex -10.1968 -13.2887 9.05
    endloop
  endfacet
  facet normal 0 0 -1
    outer loop
      vertex -15.5446 -19.9463 9.05
      vertex -11.844 -11.844 9.05
      vertex -10.4033 -16.2109 9.05
    endloop
  endfacet
  facet normal -0 0 -1
    outer loop
      vertex -11.844 -11.844 9.05
      vertex -15.5446 -19.9463 9.05
      vertex -13.2887 -10.1968 9.05
    endloop
  endfacet
  facet normal 0 0 -1
    outer loop
      vertex -23.7736 -8.62006 9.05
      vertex -13.2887 -10.1968 9.05
      vertex -15.5446 -19.9463 9.05
    endloop
  endfacet
  facet normal 0 0 -1
    outer loop
      vertex -13.2887 -10.1968 9.05
      vertex -23.7736 -8.62006 9.05
      vertex -14.5059 -8.375 9.05
    endloop
  endfacet
  facet normal 0 -0 -1
    outer loop
      vertex -18.6603 -4.90503 9.05
      vertex -14.5059 -8.375 9.05
      vertex -23.7736 -8.62006 9.05
    endloop
  endfacet
  facet normal 0 0 -1
    outer loop
      vertex -15.475 -6.40995 9.05
      vertex -18.6603 -4.90503 9.05
      vertex -16.1793 -4.33522 9.05
    endloop
  endfacet
  facet normal -0 0 -1
    outer loop
      vertex -16.1793 -4.33522 9.05
      vertex -18.6603 -4.90503 9.05
      vertex -16.6067 -2.18631 9.05
    endloop
  endfacet
  facet normal 0 0 -1
    outer loop
      vertex -19.1349 -2.51916 9.05
      vertex -16.6067 -2.18631 9.05
      vertex -18.6603 -4.90503 9.05
    endloop
  endfacet
  facet normal -0 0 -1
    outer loop
      vertex -16.6067 -2.18631 9.05
      vertex -19.1349 -2.51916 9.05
      vertex -16.75 0 9.05
    endloop
  endfacet
  facet normal 0 0 -1
    outer loop
      vertex -16.75 0 9.05
      vertex -18.6424 4.99521 9.05
      vertex -17.8309 7.38579 9.05
    endloop
  endfacet
  facet normal 0 0 -1
    outer loop
      vertex -14.5059 -8.375 9.05
      vertex -18.6603 -4.90503 9.05
      vertex -15.475 -6.40995 9.05
    endloop
  endfacet
  facet normal 0 0 -1
    outer loop
      vertex 16.1793 4.33522 9.05
      vertex 18.6424 4.99521 9.05
      vertex 16.6067 2.18631 9.05
    endloop
  endfacet
  facet normal -0 0 -1
    outer loop
      vertex 18.6424 4.99521 9.05
      vertex 16.1793 4.33522 9.05
      vertex 17.8309 7.38579 9.05
    endloop
  endfacet
  facet normal 0 0 -1
    outer loop
      vertex 15.475 6.40995 9.05
      vertex 17.8309 7.38579 9.05
      vertex 16.1793 4.33522 9.05
    endloop
  endfacet
  facet normal -0 0 -1
    outer loop
      vertex 17.8309 7.38579 9.05
      vertex 15.475 6.40995 9.05
      vertex 16.7143 9.65 9.05
    endloop
  endfacet
  facet normal 0 0 -1
    outer loop
      vertex 14.5059 8.375 9.05
      vertex 16.7143 9.65 9.05
      vertex 15.475 6.40995 9.05
    endloop
  endfacet
  facet normal -0 0 -1
    outer loop
      vertex 16.7143 9.65 9.05
      vertex 14.5059 8.375 9.05
      vertex 15.3117 11.7491 9.05
    endloop
  endfacet
  facet normal 0 0 -1
    outer loop
      vertex 13.2887 10.1968 9.05
      vertex 15.3117 11.7491 9.05
      vertex 14.5059 8.375 9.05
    endloop
  endfacet
  facet normal -0 0 -1
    outer loop
      vertex 15.3117 11.7491 9.05
      vertex 13.2887 10.1968 9.05
      vertex 13.6472 13.6472 9.05
    endloop
  endfacet
  facet normal 0 0 -1
    outer loop
      vertex 11.844 11.844 9.05
      vertex 13.6472 13.6472 9.05
      vertex 13.2887 10.1968 9.05
    endloop
  endfacet
  facet normal 0 0 -1
    outer loop
      vertex 11.844 11.844 9.05
      vertex 11.7491 15.3117 9.05
      vertex 13.6472 13.6472 9.05
    endloop
  endfacet
  facet normal 0 0 -1
    outer loop
      vertex 10.1968 13.2887 9.05
      vertex 11.7491 15.3117 9.05
      vertex 11.844 11.844 9.05
    endloop
  endfacet
  facet normal 0 0 -1
    outer loop
      vertex 10.1968 13.2887 9.05
      vertex 9.65 16.7143 9.05
      vertex 11.7491 15.3117 9.05
    endloop
  endfacet
  facet normal 0 0 -1
    outer loop
      vertex 8.375 14.5059 9.05
      vertex 9.65 16.7143 9.05
      vertex 10.1968 13.2887 9.05
    endloop
  endfacet
  facet normal 0 0 -1
    outer loop
      vertex 8.375 14.5059 9.05
      vertex 7.38579 17.8309 9.05
      vertex 9.65 16.7143 9.05
    endloop
  endfacet
  facet normal 0 0 -1
    outer loop
      vertex 6.40995 15.475 9.05
      vertex 7.38579 17.8309 9.05
      vertex 8.375 14.5059 9.05
    endloop
  endfacet
  facet normal 0 0 -1
    outer loop
      vertex 6.40995 15.475 9.05
      vertex 4.99521 18.6424 9.05
      vertex 7.38579 17.8309 9.05
    endloop
  endfacet
  facet normal 0 0 -1
    outer loop
      vertex 4.33522 16.1793 9.05
      vertex 4.99521 18.6424 9.05
      vertex 6.40995 15.475 9.05
    endloop
  endfacet
  facet normal 0 0 -1
    outer loop
      vertex 4.33522 16.1793 9.05
      vertex 2.51916 19.1349 9.05
      vertex 4.99521 18.6424 9.05
    endloop
  endfacet
  facet normal 0 0 -1
    outer loop
      vertex 2.18631 16.6067 9.05
      vertex 2.51916 19.1349 9.05
      vertex 4.33522 16.1793 9.05
    endloop
  endfacet
  facet normal 0 0 -1
    outer loop
      vertex 0 16.75 9.05
      vertex 2.51916 19.1349 9.05
      vertex 2.18631 16.6067 9.05
    endloop
  endfacet
  facet normal 0 0 -1
    outer loop
      vertex 0 16.75 9.05
      vertex 0 19.3 9.05
      vertex 2.51916 19.1349 9.05
    endloop
  endfacet
  facet normal 0 0 -1
    outer loop
      vertex -2.18631 16.6067 9.05
      vertex 0 19.3 9.05
      vertex 0 16.75 9.05
    endloop
  endfacet
  facet normal 0 0 -1
    outer loop
      vertex -2.18631 16.6067 9.05
      vertex -2.51916 19.1349 9.05
      vertex 0 19.3 9.05
    endloop
  endfacet
  facet normal 0 0 -1
    outer loop
      vertex -4.33522 16.1793 9.05
      vertex -2.51916 19.1349 9.05
      vertex -2.18631 16.6067 9.05
    endloop
  endfacet
  facet normal 0 0 -1
    outer loop
      vertex -4.33522 16.1793 9.05
      vertex -4.99521 18.6424 9.05
      vertex -2.51916 19.1349 9.05
    endloop
  endfacet
  facet normal 0 0 -1
    outer loop
      vertex -6.40995 15.475 9.05
      vertex -4.99521 18.6424 9.05
      vertex -4.33522 16.1793 9.05
    endloop
  endfacet
  facet normal 0 0 -1
    outer loop
      vertex -6.40995 15.475 9.05
      vertex -7.38579 17.8309 9.05
      vertex -4.99521 18.6424 9.05
    endloop
  endfacet
  facet normal 0 0 -1
    outer loop
      vertex -8.375 14.5059 9.05
      vertex -7.38579 17.8309 9.05
      vertex -6.40995 15.475 9.05
    endloop
  endfacet
  facet normal 0 0 -1
    outer loop
      vertex -8.375 14.5059 9.05
      vertex -9.65 16.7143 9.05
      vertex -7.38579 17.8309 9.05
    endloop
  endfacet
  facet normal 0 0 -1
    outer loop
      vertex -10.1968 13.2887 9.05
      vertex -9.65 16.7143 9.05
      vertex -8.375 14.5059 9.05
    endloop
  endfacet
  facet normal 0 0 -1
    outer loop
      vertex -10.1968 13.2887 9.05
      vertex -11.7491 15.3117 9.05
      vertex -9.65 16.7143 9.05
    endloop
  endfacet
  facet normal 0 0 -1
    outer loop
      vertex -11.844 11.844 9.05
      vertex -11.7491 15.3117 9.05
      vertex -10.1968 13.2887 9.05
    endloop
  endfacet
  facet normal 0 0 -1
    outer loop
      vertex -13.6472 13.6472 9.05
      vertex -11.844 11.844 9.05
      vertex -13.2887 10.1968 9.05
    endloop
  endfacet
  facet normal 0 0 -1
    outer loop
      vertex -11.844 11.844 9.05
      vertex -13.6472 13.6472 9.05
      vertex -11.7491 15.3117 9.05
    endloop
  endfacet
  facet normal 0 0 -1
    outer loop
      vertex -15.3117 11.7491 9.05
      vertex -13.2887 10.1968 9.05
      vertex -14.5059 8.375 9.05
    endloop
  endfacet
  facet normal 0 0 -1
    outer loop
      vertex -13.2887 10.1968 9.05
      vertex -15.3117 11.7491 9.05
      vertex -13.6472 13.6472 9.05
    endloop
  endfacet
  facet normal 0 0 -1
    outer loop
      vertex -16.7143 9.65 9.05
      vertex -14.5059 8.375 9.05
      vertex -15.475 6.40995 9.05
    endloop
  endfacet
  facet normal 0 0 -1
    outer loop
      vertex -17.8309 7.38579 9.05
      vertex -15.475 6.40995 9.05
      vertex -16.1793 4.33522 9.05
    endloop
  endfacet
  facet normal 0 0 -1
    outer loop
      vertex -17.8309 7.38579 9.05
      vertex -16.1793 4.33522 9.05
      vertex -16.6067 2.18631 9.05
    endloop
  endfacet
  facet normal 0 0 -1
    outer loop
      vertex -14.5059 8.375 9.05
      vertex -16.7143 9.65 9.05
      vertex -15.3117 11.7491 9.05
    endloop
  endfacet
  facet normal 0 0 -1
    outer loop
      vertex -17.8309 7.38579 9.05
      vertex -16.6067 2.18631 9.05
      vertex -16.75 0 9.05
    endloop
  endfacet
  facet normal 0 0 -1
    outer loop
      vertex -15.475 6.40995 9.05
      vertex -17.8309 7.38579 9.05
      vertex -16.7143 9.65 9.05
    endloop
  endfacet
  facet normal 0 0 -1
    outer loop
      vertex -19.3 0 9.05
      vertex -16.75 0 9.05
      vertex -19.1349 -2.51916 9.05
    endloop
  endfacet
  facet normal 0 0 -1
    outer loop
      vertex -16.75 0 9.05
      vertex -19.1349 2.51916 9.05
      vertex -18.6424 4.99521 9.05
    endloop
  endfacet
  facet normal 0 0 -1
    outer loop
      vertex -16.75 0 9.05
      vertex -19.3 0 9.05
      vertex -19.1349 2.51916 9.05
    endloop
  endfacet
  facet normal -0.946927 -0.321449 0
    outer loop
      vertex 16.1793 4.33522 9.05
      vertex 15.475 6.40995 10.25
      vertex 15.475 6.40995 9.05
    endloop
  endfacet
  facet normal -0.946927 -0.321449 0
    outer loop
      vertex 15.475 6.40995 10.25
      vertex 16.1793 4.33522 9.05
      vertex 16.1793 4.33522 10.25
    endloop
  endfacet
  facet normal -0.195071 -0.980789 0
    outer loop
      vertex 2.18631 16.6067 9.05
      vertex 4.33522 16.1793 10.25
      vertex 2.18631 16.6067 10.25
    endloop
  endfacet
  facet normal -0.195071 -0.980789 -0
    outer loop
      vertex 4.33522 16.1793 10.25
      vertex 2.18631 16.6067 9.05
      vertex 4.33522 16.1793 9.05
    endloop
  endfacet
  facet normal -0.659383 -0.751807 0
    outer loop
      vertex 10.1968 13.2887 9.05
      vertex 11.844 11.844 10.25
      vertex 10.1968 13.2887 10.25
    endloop
  endfacet
  facet normal -0.659383 -0.751807 -0
    outer loop
      vertex 11.844 11.844 10.25
      vertex 10.1968 13.2887 9.05
      vertex 11.844 11.844 9.05
    endloop
  endfacet
  facet normal 0.831488 -0.555543 0
    outer loop
      vertex -14.5059 8.375 10.25
      vertex -13.2887 10.1968 9.05
      vertex -13.2887 10.1968 10.25
    endloop
  endfacet
  facet normal 0.831488 -0.555543 0
    outer loop
      vertex -13.2887 10.1968 9.05
      vertex -14.5059 8.375 10.25
      vertex -14.5059 8.375 9.05
    endloop
  endfacet
  facet normal 0.751807 -0.659383 0
    outer loop
      vertex -13.2887 10.1968 10.25
      vertex -11.844 11.844 9.05
      vertex -11.844 11.844 10.25
    endloop
  endfacet
  facet normal 0.751807 -0.659383 0
    outer loop
      vertex -11.844 11.844 9.05
      vertex -13.2887 10.1968 10.25
      vertex -13.2887 10.1968 9.05
    endloop
  endfacet
  facet normal 0.980789 -0.195071 0
    outer loop
      vertex -16.6067 2.18631 10.25
      vertex -16.1793 4.33522 9.05
      vertex -16.1793 4.33522 10.25
    endloop
  endfacet
  facet normal 0.980789 -0.195071 0
    outer loop
      vertex -16.1793 4.33522 9.05
      vertex -16.6067 2.18631 10.25
      vertex -16.6067 2.18631 9.05
    endloop
  endfacet
  facet normal 0.555543 -0.831488 0
    outer loop
      vertex -10.1968 13.2887 9.05
      vertex -8.375 14.5059 10.25
      vertex -10.1968 13.2887 10.25
    endloop
  endfacet
  facet normal 0.555543 -0.831488 0
    outer loop
      vertex -8.375 14.5059 10.25
      vertex -10.1968 13.2887 9.05
      vertex -8.375 14.5059 9.05
    endloop
  endfacet
  facet normal 0.0654039 -0.997859 0
    outer loop
      vertex -2.18631 16.6067 9.05
      vertex 0 16.75 10.25
      vertex -2.18631 16.6067 10.25
    endloop
  endfacet
  facet normal 0.0654039 -0.997859 0
    outer loop
      vertex 0 16.75 10.25
      vertex -2.18631 16.6067 9.05
      vertex 0 16.75 9.05
    endloop
  endfacet
  facet normal -0.997859 0.0654039 0
    outer loop
      vertex 16.6067 -2.18631 9.05
      vertex 16.75 0 10.25
      vertex 16.75 0 9.05
    endloop
  endfacet
  facet normal -0.997859 0.0654039 0
    outer loop
      vertex 16.75 0 10.25
      vertex 16.6067 -2.18631 9.05
      vertex 16.6067 -2.18631 10.25
    endloop
  endfacet
  facet normal -0.0654039 0.997859 0
    outer loop
      vertex 2.18631 -16.6067 9.05
      vertex 0 -16.75 10.25
      vertex 2.18631 -16.6067 10.25
    endloop
  endfacet
  facet normal -0.0654039 0.997859 0
    outer loop
      vertex 0 -16.75 10.25
      vertex 2.18631 -16.6067 9.05
      vertex 0 -16.75 9.05
    endloop
  endfacet
  facet normal -0.321449 0.946927 0
    outer loop
      vertex 6.40995 -15.475 9.05
      vertex 4.33522 -16.1793 10.25
      vertex 6.40995 -15.475 10.25
    endloop
  endfacet
  facet normal -0.321449 0.946927 0
    outer loop
      vertex 4.33522 -16.1793 10.25
      vertex 6.40995 -15.475 9.05
      vertex 4.33522 -16.1793 9.05
    endloop
  endfacet
  facet normal -0.555543 0.831488 0
    outer loop
      vertex 10.1968 -13.2887 9.05
      vertex 8.375 -14.5059 10.25
      vertex 10.1968 -13.2887 10.25
    endloop
  endfacet
  facet normal -0.555543 0.831488 0
    outer loop
      vertex 8.375 -14.5059 10.25
      vertex 10.1968 -13.2887 9.05
      vertex 8.375 -14.5059 9.05
    endloop
  endfacet
  facet normal -0.946927 0.321449 0
    outer loop
      vertex 15.475 -6.40995 9.05
      vertex 16.1793 -4.33522 10.25
      vertex 16.1793 -4.33522 9.05
    endloop
  endfacet
  facet normal -0.946927 0.321449 0
    outer loop
      vertex 16.1793 -4.33522 10.25
      vertex 15.475 -6.40995 9.05
      vertex 15.475 -6.40995 10.25
    endloop
  endfacet
  facet normal -0.751807 0.659383 0
    outer loop
      vertex 11.844 -11.844 9.05
      vertex 13.2887 -10.1968 10.25
      vertex 13.2887 -10.1968 9.05
    endloop
  endfacet
  facet normal -0.751807 0.659383 0
    outer loop
      vertex 13.2887 -10.1968 10.25
      vertex 11.844 -11.844 9.05
      vertex 11.844 -11.844 10.25
    endloop
  endfacet
  facet normal 0.659383 0.751807 -0
    outer loop
      vertex -10.1968 -13.2887 9.05
      vertex -11.844 -11.844 10.25
      vertex -10.1968 -13.2887 10.25
    endloop
  endfacet
  facet normal 0.659383 0.751807 0
    outer loop
      vertex -11.844 -11.844 10.25
      vertex -10.1968 -13.2887 9.05
      vertex -11.844 -11.844 9.05
    endloop
  endfacet
  facet normal 0.442305 0.896865 -0
    outer loop
      vertex -6.40995 -15.475 9.05
      vertex -8.375 -14.5059 10.25
      vertex -6.40995 -15.475 10.25
    endloop
  endfacet
  facet normal 0.442305 0.896865 0
    outer loop
      vertex -8.375 -14.5059 10.25
      vertex -6.40995 -15.475 9.05
      vertex -8.375 -14.5059 9.05
    endloop
  endfacet
  facet normal 0.195071 0.980789 -0
    outer loop
      vertex -2.18631 -16.6067 9.05
      vertex -4.33522 -16.1793 10.25
      vertex -2.18631 -16.6067 10.25
    endloop
  endfacet
  facet normal 0.195071 0.980789 0
    outer loop
      vertex -4.33522 -16.1793 10.25
      vertex -2.18631 -16.6067 9.05
      vertex -4.33522 -16.1793 9.05
    endloop
  endfacet
  facet normal 0.831488 0.555543 0
    outer loop
      vertex -13.2887 -10.1968 10.25
      vertex -14.5059 -8.375 9.05
      vertex -14.5059 -8.375 10.25
    endloop
  endfacet
  facet normal 0.831488 0.555543 0
    outer loop
      vertex -14.5059 -8.375 9.05
      vertex -13.2887 -10.1968 10.25
      vertex -13.2887 -10.1968 9.05
    endloop
  endfacet
  facet normal 0.946927 0.321449 0
    outer loop
      vertex -15.475 -6.40995 10.25
      vertex -16.1793 -4.33522 9.05
      vertex -16.1793 -4.33522 10.25
    endloop
  endfacet
  facet normal 0.946927 0.321449 0
    outer loop
      vertex -16.1793 -4.33522 9.05
      vertex -15.475 -6.40995 10.25
      vertex -15.475 -6.40995 9.05
    endloop
  endfacet
  facet normal 0.997859 0.0654039 0
    outer loop
      vertex -16.6067 -2.18631 10.25
      vertex -16.75 0 9.05
      vertex -16.75 0 10.25
    endloop
  endfacet
  facet normal 0.997859 0.0654039 0
    outer loop
      vertex -16.75 0 9.05
      vertex -16.6067 -2.18631 10.25
      vertex -16.6067 -2.18631 9.05
    endloop
  endfacet
  facet normal -0.195071 0.980789 0
    outer loop
      vertex 4.33522 -16.1793 9.05
      vertex 2.18631 -16.6067 10.25
      vertex 4.33522 -16.1793 10.25
    endloop
  endfacet
  facet normal -0.195071 0.980789 0
    outer loop
      vertex 2.18631 -16.6067 10.25
      vertex 4.33522 -16.1793 9.05
      vertex 2.18631 -16.6067 9.05
    endloop
  endfacet
  facet normal -0.659383 0.751807 0
    outer loop
      vertex 11.844 -11.844 9.05
      vertex 10.1968 -13.2887 10.25
      vertex 11.844 -11.844 10.25
    endloop
  endfacet
  facet normal -0.659383 0.751807 0
    outer loop
      vertex 10.1968 -13.2887 10.25
      vertex 11.844 -11.844 9.05
      vertex 10.1968 -13.2887 9.05
    endloop
  endfacet
  facet normal -0.896865 0.442305 0
    outer loop
      vertex 14.5059 -8.375 9.05
      vertex 15.475 -6.40995 10.25
      vertex 15.475 -6.40995 9.05
    endloop
  endfacet
  facet normal -0.896865 0.442305 0
    outer loop
      vertex 15.475 -6.40995 10.25
      vertex 14.5059 -8.375 9.05
      vertex 14.5059 -8.375 10.25
    endloop
  endfacet
  facet normal -0.980789 0.195071 0
    outer loop
      vertex 16.1793 -4.33522 9.05
      vertex 16.6067 -2.18631 10.25
      vertex 16.6067 -2.18631 9.05
    endloop
  endfacet
  facet normal -0.980789 0.195071 0
    outer loop
      vertex 16.6067 -2.18631 10.25
      vertex 16.1793 -4.33522 9.05
      vertex 16.1793 -4.33522 10.25
    endloop
  endfacet
  facet normal 0.555543 0.831488 -0
    outer loop
      vertex -8.375 -14.5059 9.05
      vertex -10.1968 -13.2887 10.25
      vertex -8.375 -14.5059 10.25
    endloop
  endfacet
  facet normal 0.555543 0.831488 0
    outer loop
      vertex -10.1968 -13.2887 10.25
      vertex -8.375 -14.5059 9.05
      vertex -10.1968 -13.2887 9.05
    endloop
  endfacet
  facet normal 0.980789 0.195071 0
    outer loop
      vertex -16.1793 -4.33522 10.25
      vertex -16.6067 -2.18631 9.05
      vertex -16.6067 -2.18631 10.25
    endloop
  endfacet
  facet normal 0.980789 0.195071 0
    outer loop
      vertex -16.6067 -2.18631 9.05
      vertex -16.1793 -4.33522 10.25
      vertex -16.1793 -4.33522 9.05
    endloop
  endfacet
  facet normal -0.831488 0.555543 0
    outer loop
      vertex 13.2887 -10.1968 9.05
      vertex 14.5059 -8.375 10.25
      vertex 14.5059 -8.375 9.05
    endloop
  endfacet
  facet normal -0.831488 0.555543 0
    outer loop
      vertex 14.5059 -8.375 10.25
      vertex 13.2887 -10.1968 9.05
      vertex 13.2887 -10.1968 10.25
    endloop
  endfacet
  facet normal -0.997859 -0.0653974 0
    outer loop
      vertex 19.3 0 8.05
      vertex 19.1349 2.51916 9.05
      vertex 19.1349 2.51916 8.05
    endloop
  endfacet
  facet normal -0.997859 -0.0653974 0
    outer loop
      vertex 19.1349 2.51916 9.05
      vertex 19.3 0 8.05
      vertex 19.3 0 9.05
    endloop
  endfacet
  facet normal 0.997859 -0.0653974 0
    outer loop
      vertex -19.3 0 9.05
      vertex -19.1349 2.51916 8.05
      vertex -19.1349 2.51916 9.05
    endloop
  endfacet
  facet normal 0.997859 -0.0653974 0
    outer loop
      vertex -19.1349 2.51916 8.05
      vertex -19.3 0 9.05
      vertex -19.3 0 8.05
    endloop
  endfacet
  facet normal 0.0653974 -0.997859 0
    outer loop
      vertex -2.51916 19.1349 8.05
      vertex 0 19.3 9.05
      vertex -2.51916 19.1349 9.05
    endloop
  endfacet
  facet normal 0.0653974 -0.997859 0
    outer loop
      vertex 0 19.3 9.05
      vertex -2.51916 19.1349 8.05
      vertex 0 19.3 8.05
    endloop
  endfacet
  facet normal -0.0653974 0.997859 0
    outer loop
      vertex 2.51916 -19.1349 8.05
      vertex 0 -19.3 9.05
      vertex 2.51916 -19.1349 9.05
    endloop
  endfacet
  facet normal -0.0653974 0.997859 0
    outer loop
      vertex 0 -19.3 9.05
      vertex 2.51916 -19.1349 8.05
      vertex 0 -19.3 8.05
    endloop
  endfacet
  facet normal -0.659326 -0.751857 0
    outer loop
      vertex 11.7491 15.3117 8.05
      vertex 13.6472 13.6472 9.05
      vertex 11.7491 15.3117 9.05
    endloop
  endfacet
  facet normal -0.659326 -0.751857 -0
    outer loop
      vertex 13.6472 13.6472 9.05
      vertex 11.7491 15.3117 8.05
      vertex 13.6472 13.6472 8.05
    endloop
  endfacet
  facet normal 0.659326 -0.751857 0
    outer loop
      vertex -13.6472 13.6472 8.05
      vertex -11.7491 15.3117 9.05
      vertex -13.6472 13.6472 9.05
    endloop
  endfacet
  facet normal 0.659326 -0.751857 0
    outer loop
      vertex -11.7491 15.3117 9.05
      vertex -13.6472 13.6472 8.05
      vertex -11.7491 15.3117 8.05
    endloop
  endfacet
  facet normal 0.321442 -0.946929 0
    outer loop
      vertex -7.38579 17.8309 8.05
      vertex -4.99521 18.6424 9.05
      vertex -7.38579 17.8309 9.05
    endloop
  endfacet
  facet normal 0.321442 -0.946929 0
    outer loop
      vertex -4.99521 18.6424 9.05
      vertex -7.38579 17.8309 8.05
      vertex -4.99521 18.6424 8.05
    endloop
  endfacet
  facet normal -0.831465 0.555577 0
    outer loop
      vertex 15.3117 -11.7491 8.05
      vertex 16.7143 -9.65 9.05
      vertex 16.7143 -9.65 8.05
    endloop
  endfacet
  facet normal -0.831465 0.555577 0
    outer loop
      vertex 16.7143 -9.65 9.05
      vertex 15.3117 -11.7491 8.05
      vertex 15.3117 -11.7491 9.05
    endloop
  endfacet
  facet normal -0.89687 -0.442294 0
    outer loop
      vertex 17.8309 7.38579 8.05
      vertex 16.7143 9.65 9.05
      vertex 16.7143 9.65 8.05
    endloop
  endfacet
  facet normal -0.89687 -0.442294 0
    outer loop
      vertex 16.7143 9.65 9.05
      vertex 17.8309 7.38579 8.05
      vertex 17.8309 7.38579 9.05
    endloop
  endfacet
  facet normal -0.980787 -0.195084 0
    outer loop
      vertex 19.1349 2.51916 8.05
      vertex 18.6424 4.99521 9.05
      vertex 18.6424 4.99521 8.05
    endloop
  endfacet
  facet normal -0.980787 -0.195084 0
    outer loop
      vertex 18.6424 4.99521 9.05
      vertex 19.1349 2.51916 8.05
      vertex 19.1349 2.51916 9.05
    endloop
  endfacet
  facet normal -0.321442 -0.946929 0
    outer loop
      vertex 4.99521 18.6424 8.05
      vertex 7.38579 17.8309 9.05
      vertex 4.99521 18.6424 9.05
    endloop
  endfacet
  facet normal -0.321442 -0.946929 -0
    outer loop
      vertex 7.38579 17.8309 9.05
      vertex 4.99521 18.6424 8.05
      vertex 7.38579 17.8309 8.05
    endloop
  endfacet
  facet normal -0.195084 -0.980787 0
    outer loop
      vertex 2.51916 19.1349 8.05
      vertex 4.99521 18.6424 9.05
      vertex 2.51916 19.1349 9.05
    endloop
  endfacet
  facet normal -0.195084 -0.980787 -0
    outer loop
      vertex 4.99521 18.6424 9.05
      vertex 2.51916 19.1349 8.05
      vertex 4.99521 18.6424 8.05
    endloop
  endfacet
  facet normal -0.555577 -0.831465 0
    outer loop
      vertex 9.65 16.7143 8.05
      vertex 11.7491 15.3117 9.05
      vertex 9.65 16.7143 9.05
    endloop
  endfacet
  facet normal -0.555577 -0.831465 -0
    outer loop
      vertex 11.7491 15.3117 9.05
      vertex 9.65 16.7143 8.05
      vertex 11.7491 15.3117 8.05
    endloop
  endfacet
  facet normal 0.89687 -0.442294 0
    outer loop
      vertex -17.8309 7.38579 9.05
      vertex -16.7143 9.65 8.05
      vertex -16.7143 9.65 9.05
    endloop
  endfacet
  facet normal 0.89687 -0.442294 0
    outer loop
      vertex -16.7143 9.65 8.05
      vertex -17.8309 7.38579 9.05
      vertex -17.8309 7.38579 8.05
    endloop
  endfacet
  facet normal 0.442294 -0.89687 0
    outer loop
      vertex -9.65 16.7143 8.05
      vertex -7.38579 17.8309 9.05
      vertex -9.65 16.7143 9.05
    endloop
  endfacet
  facet normal 0.442294 -0.89687 0
    outer loop
      vertex -7.38579 17.8309 9.05
      vertex -9.65 16.7143 8.05
      vertex -7.38579 17.8309 8.05
    endloop
  endfacet
  facet normal 0.195084 -0.980787 0
    outer loop
      vertex -4.99521 18.6424 8.05
      vertex -2.51916 19.1349 9.05
      vertex -4.99521 18.6424 9.05
    endloop
  endfacet
  facet normal 0.195084 -0.980787 0
    outer loop
      vertex -2.51916 19.1349 9.05
      vertex -4.99521 18.6424 8.05
      vertex -2.51916 19.1349 8.05
    endloop
  endfacet
  facet normal -0.980787 0.195084 0
    outer loop
      vertex 18.6424 -4.99521 8.05
      vertex 19.1349 -2.51916 9.05
      vertex 19.1349 -2.51916 8.05
    endloop
  endfacet
  facet normal -0.980787 0.195084 0
    outer loop
      vertex 19.1349 -2.51916 9.05
      vertex 18.6424 -4.99521 8.05
      vertex 18.6424 -4.99521 9.05
    endloop
  endfacet
  facet normal 0 -0 1
    outer loop
      vertex -15.5446 -19.9463 4.25
      vertex -14.8242 -19.4229 4.25
      vertex -15.9515 -19.3863 4.25
    endloop
  endfacet
  facet normal 0 -0 1
    outer loop
      vertex -23.3668 -9.18003 4.25
      vertex -23.0532 -8.09665 4.25
      vertex -23.7736 -8.62006 4.25
    endloop
  endfacet
  facet normal -0.195084 0.980787 0
    outer loop
      vertex 4.99521 -18.6424 8.05
      vertex 2.51916 -19.1349 9.05
      vertex 4.99521 -18.6424 9.05
    endloop
  endfacet
  facet normal -0.195084 0.980787 0
    outer loop
      vertex 2.51916 -19.1349 9.05
      vertex 4.99521 -18.6424 8.05
      vertex 2.51916 -19.1349 8.05
    endloop
  endfacet
  facet normal -0.946929 -0.321442 0
    outer loop
      vertex 18.6424 4.99521 8.05
      vertex 17.8309 7.38579 9.05
      vertex 17.8309 7.38579 8.05
    endloop
  endfacet
  facet normal -0.946929 -0.321442 0
    outer loop
      vertex 17.8309 7.38579 9.05
      vertex 18.6424 4.99521 8.05
      vertex 18.6424 4.99521 9.05
    endloop
  endfacet
  facet normal -0.751857 -0.659326 0
    outer loop
      vertex 15.3117 11.7491 8.05
      vertex 13.6472 13.6472 9.05
      vertex 13.6472 13.6472 8.05
    endloop
  endfacet
  facet normal -0.751857 -0.659326 0
    outer loop
      vertex 13.6472 13.6472 9.05
      vertex 15.3117 11.7491 8.05
      vertex 15.3117 11.7491 9.05
    endloop
  endfacet
  facet normal -0.831465 -0.555577 0
    outer loop
      vertex 16.7143 9.65 8.05
      vertex 15.3117 11.7491 9.05
      vertex 15.3117 11.7491 8.05
    endloop
  endfacet
  facet normal -0.831465 -0.555577 0
    outer loop
      vertex 15.3117 11.7491 9.05
      vertex 16.7143 9.65 8.05
      vertex 16.7143 9.65 9.05
    endloop
  endfacet
  facet normal -0.0653974 -0.997859 0
    outer loop
      vertex 0 19.3 8.05
      vertex 2.51916 19.1349 9.05
      vertex 0 19.3 9.05
    endloop
  endfacet
  facet normal -0.0653974 -0.997859 -0
    outer loop
      vertex 2.51916 19.1349 9.05
      vertex 0 19.3 8.05
      vertex 2.51916 19.1349 8.05
    endloop
  endfacet
  facet normal -0.442294 -0.89687 0
    outer loop
      vertex 7.38579 17.8309 8.05
      vertex 9.65 16.7143 9.05
      vertex 7.38579 17.8309 9.05
    endloop
  endfacet
  facet normal -0.442294 -0.89687 -0
    outer loop
      vertex 9.65 16.7143 9.05
      vertex 7.38579 17.8309 8.05
      vertex 9.65 16.7143 8.05
    endloop
  endfacet
  facet normal 0.831465 -0.555577 0
    outer loop
      vertex -16.7143 9.65 9.05
      vertex -15.3117 11.7491 8.05
      vertex -15.3117 11.7491 9.05
    endloop
  endfacet
  facet normal 0.831465 -0.555577 0
    outer loop
      vertex -15.3117 11.7491 8.05
      vertex -16.7143 9.65 9.05
      vertex -16.7143 9.65 8.05
    endloop
  endfacet
  facet normal 0.751857 -0.659326 0
    outer loop
      vertex -15.3117 11.7491 9.05
      vertex -13.6472 13.6472 8.05
      vertex -13.6472 13.6472 9.05
    endloop
  endfacet
  facet normal 0.751857 -0.659326 0
    outer loop
      vertex -13.6472 13.6472 8.05
      vertex -15.3117 11.7491 9.05
      vertex -15.3117 11.7491 8.05
    endloop
  endfacet
  facet normal 0.946929 -0.321442 0
    outer loop
      vertex -18.6424 4.99521 9.05
      vertex -17.8309 7.38579 8.05
      vertex -17.8309 7.38579 9.05
    endloop
  endfacet
  facet normal 0.946929 -0.321442 0
    outer loop
      vertex -17.8309 7.38579 8.05
      vertex -18.6424 4.99521 9.05
      vertex -18.6424 4.99521 8.05
    endloop
  endfacet
  facet normal 0.980787 -0.195084 0
    outer loop
      vertex -19.1349 2.51916 9.05
      vertex -18.6424 4.99521 8.05
      vertex -18.6424 4.99521 9.05
    endloop
  endfacet
  facet normal 0.980787 -0.195084 0
    outer loop
      vertex -18.6424 4.99521 8.05
      vertex -19.1349 2.51916 9.05
      vertex -19.1349 2.51916 8.05
    endloop
  endfacet
  facet normal 0.555577 -0.831465 0
    outer loop
      vertex -11.7491 15.3117 8.05
      vertex -9.65 16.7143 9.05
      vertex -11.7491 15.3117 9.05
    endloop
  endfacet
  facet normal 0.555577 -0.831465 0
    outer loop
      vertex -9.65 16.7143 9.05
      vertex -11.7491 15.3117 8.05
      vertex -9.65 16.7143 8.05
    endloop
  endfacet
  facet normal -0.997859 0.0653974 0
    outer loop
      vertex 19.1349 -2.51916 8.05
      vertex 19.3 0 9.05
      vertex 19.3 0 8.05
    endloop
  endfacet
  facet normal -0.997859 0.0653974 0
    outer loop
      vertex 19.3 0 9.05
      vertex 19.1349 -2.51916 8.05
      vertex 19.1349 -2.51916 9.05
    endloop
  endfacet
  facet normal -0.555577 0.831465 0
    outer loop
      vertex 11.7491 -15.3117 8.05
      vertex 9.65 -16.7143 9.05
      vertex 11.7491 -15.3117 9.05
    endloop
  endfacet
  facet normal -0.555577 0.831465 0
    outer loop
      vertex 9.65 -16.7143 9.05
      vertex 11.7491 -15.3117 8.05
      vertex 9.65 -16.7143 8.05
    endloop
  endfacet
  facet normal -0.751857 0.659326 0
    outer loop
      vertex 13.6472 -13.6472 8.05
      vertex 15.3117 -11.7491 9.05
      vertex 15.3117 -11.7491 8.05
    endloop
  endfacet
  facet normal -0.751857 0.659326 0
    outer loop
      vertex 15.3117 -11.7491 9.05
      vertex 13.6472 -13.6472 8.05
      vertex 13.6472 -13.6472 9.05
    endloop
  endfacet
  facet normal 0.997859 0.0653974 0
    outer loop
      vertex -19.1349 -2.51916 9.05
      vertex -19.3 0 8.05
      vertex -19.3 0 9.05
    endloop
  endfacet
  facet normal 0.997859 0.0653974 0
    outer loop
      vertex -19.3 0 8.05
      vertex -19.1349 -2.51916 9.05
      vertex -19.1349 -2.51916 8.05
    endloop
  endfacet
  facet normal -0.89687 0.442294 0
    outer loop
      vertex 16.7143 -9.65 8.05
      vertex 17.8309 -7.38579 9.05
      vertex 17.8309 -7.38579 8.05
    endloop
  endfacet
  facet normal -0.89687 0.442294 0
    outer loop
      vertex 17.8309 -7.38579 9.05
      vertex 16.7143 -9.65 8.05
      vertex 16.7143 -9.65 9.05
    endloop
  endfacet
  facet normal 0.980784 0.195099 0
    outer loop
      vertex -18.6603 -4.90503 9.05
      vertex -19.1349 -2.51916 8.05
      vertex -19.1349 -2.51916 9.05
    endloop
  endfacet
  facet normal 0.980784 0.195099 0
    outer loop
      vertex -19.1349 -2.51916 8.05
      vertex -18.6603 -4.90503 9.05
      vertex -18.6603 -4.90503 8.05
    endloop
  endfacet
  facet normal -0.442294 0.89687 0
    outer loop
      vertex 9.65 -16.7143 8.05
      vertex 7.38579 -17.8309 9.05
      vertex 9.65 -16.7143 9.05
    endloop
  endfacet
  facet normal -0.442294 0.89687 0
    outer loop
      vertex 7.38579 -17.8309 9.05
      vertex 9.65 -16.7143 8.05
      vertex 7.38579 -17.8309 8.05
    endloop
  endfacet
  facet normal -0.321442 0.946929 0
    outer loop
      vertex 7.38579 -17.8309 8.05
      vertex 4.99521 -18.6424 9.05
      vertex 7.38579 -17.8309 9.05
    endloop
  endfacet
  facet normal -0.321442 0.946929 0
    outer loop
      vertex 4.99521 -18.6424 9.05
      vertex 7.38579 -17.8309 8.05
      vertex 4.99521 -18.6424 8.05
    endloop
  endfacet
  facet normal -0.659326 0.751857 0
    outer loop
      vertex 13.6472 -13.6472 8.05
      vertex 11.7491 -15.3117 9.05
      vertex 13.6472 -13.6472 9.05
    endloop
  endfacet
  facet normal -0.659326 0.751857 0
    outer loop
      vertex 11.7491 -15.3117 9.05
      vertex 13.6472 -13.6472 8.05
      vertex 11.7491 -15.3117 8.05
    endloop
  endfacet
  facet normal -0.946929 0.321442 0
    outer loop
      vertex 17.8309 -7.38579 8.05
      vertex 18.6424 -4.99521 9.05
      vertex 18.6424 -4.99521 8.05
    endloop
  endfacet
  facet normal -0.946929 0.321442 0
    outer loop
      vertex 18.6424 -4.99521 9.05
      vertex 17.8309 -7.38579 8.05
      vertex 17.8309 -7.38579 9.05
    endloop
  endfacet
  facet normal 0.0653974 0.997859 -0
    outer loop
      vertex 0 -19.3 8.05
      vertex -2.51916 -19.1349 9.05
      vertex 0 -19.3 9.05
    endloop
  endfacet
  facet normal 0.0653974 0.997859 0
    outer loop
      vertex -2.51916 -19.1349 9.05
      vertex 0 -19.3 8.05
      vertex -2.51916 -19.1349 8.05
    endloop
  endfacet
  facet normal 0.195084 0.980787 -0
    outer loop
      vertex -2.51916 -19.1349 8.05
      vertex -4.99521 -18.6424 9.05
      vertex -2.51916 -19.1349 9.05
    endloop
  endfacet
  facet normal 0.195084 0.980787 0
    outer loop
      vertex -4.99521 -18.6424 9.05
      vertex -2.51916 -19.1349 8.05
      vertex -4.99521 -18.6424 8.05
    endloop
  endfacet
  facet normal 0.442294 0.89687 -0
    outer loop
      vertex -7.38579 -17.8309 8.05
      vertex -9.65 -16.7143 9.05
      vertex -7.38579 -17.8309 9.05
    endloop
  endfacet
  facet normal 0.442294 0.89687 0
    outer loop
      vertex -9.65 -16.7143 9.05
      vertex -7.38579 -17.8309 8.05
      vertex -9.65 -16.7143 8.05
    endloop
  endfacet
  facet normal 0.321442 0.946929 -0
    outer loop
      vertex -4.99521 -18.6424 8.05
      vertex -7.38579 -17.8309 9.05
      vertex -4.99521 -18.6424 9.05
    endloop
  endfacet
  facet normal 0.321442 0.946929 0
    outer loop
      vertex -7.38579 -17.8309 9.05
      vertex -4.99521 -18.6424 8.05
      vertex -7.38579 -17.8309 8.05
    endloop
  endfacet
  facet normal 0.555617 0.831438 -0
    outer loop
      vertex -9.65 -16.7143 8.05
      vertex -10.4033 -16.2109 9.05
      vertex -9.65 -16.7143 9.05
    endloop
  endfacet
  facet normal 0.555617 0.831438 0
    outer loop
      vertex -10.4033 -16.2109 9.05
      vertex -9.65 -16.7143 8.05
      vertex -10.4033 -16.2109 8.05
    endloop
  endfacet
  facet normal 0.809046 0.587746 0
    outer loop
      vertex -23.7736 -8.62006 9.05
      vertex -23.3668 -9.18003 8.05
      vertex -23.7736 -8.62006 4.25
    endloop
  endfacet
  facet normal 0.809017 0.587786 -3.44735e-05
    outer loop
      vertex -23.7736 -8.62006 9.05
      vertex -15.9515 -19.3863 8.05
      vertex -23.3668 -9.18003 8.05
    endloop
  endfacet
  facet normal 0.809017 0.587785 -2.90754e-05
    outer loop
      vertex -15.5446 -19.9463 9.05
      vertex -15.9515 -19.3863 8.05
      vertex -23.7736 -8.62006 9.05
    endloop
  endfacet
  facet normal 0.808992 0.587819 -0
    outer loop
      vertex -15.5446 -19.9463 4.25
      vertex -15.9515 -19.3863 8.05
      vertex -15.5446 -19.9463 9.05
    endloop
  endfacet
  facet normal 0.808992 0.587819 0
    outer loop
      vertex -15.9515 -19.3863 8.05
      vertex -15.5446 -19.9463 4.25
      vertex -15.9515 -19.3863 4.25
    endloop
  endfacet
  facet normal 0.809046 0.587746 0
    outer loop
      vertex -23.7736 -8.62006 4.25
      vertex -23.3668 -9.18003 8.05
      vertex -23.3668 -9.18003 4.25
    endloop
  endfacet
  facet normal 0.587785 -0.809017 -7.07884e-06
    outer loop
      vertex -23.7736 -8.62006 9.05
      vertex -23.0532 -8.09665 8.05
      vertex -18.6603 -4.90503 9.05
    endloop
  endfacet
  facet normal 0.587792 -0.809012 0
    outer loop
      vertex -23.7736 -8.62006 4.25
      vertex -23.0532 -8.09665 8.05
      vertex -23.7736 -8.62006 9.05
    endloop
  endfacet
  facet normal 0.587792 -0.809012 0
    outer loop
      vertex -23.0532 -8.09665 8.05
      vertex -23.7736 -8.62006 4.25
      vertex -23.0532 -8.09665 4.25
    endloop
  endfacet
  facet normal 0.587784 -0.809018 0
    outer loop
      vertex -18.6603 -4.90503 9.05
      vertex -23.0532 -8.09665 8.05
      vertex -18.6603 -4.90503 8.05
    endloop
  endfacet
  facet normal -0.587789 0.809015 0
    outer loop
      vertex -14.8242 -19.4229 8.05
      vertex -10.4033 -16.2109 9.05
      vertex -10.4033 -16.2109 8.05
    endloop
  endfacet
  facet normal -0.587788 0.809015 -4.05035e-06
    outer loop
      vertex -10.4033 -16.2109 9.05
      vertex -14.8242 -19.4229 8.05
      vertex -15.5446 -19.9463 9.05
    endloop
  endfacet
  facet normal -0.587784 0.809018 0
    outer loop
      vertex -15.5446 -19.9463 4.25
      vertex -14.8242 -19.4229 8.05
      vertex -14.8242 -19.4229 4.25
    endloop
  endfacet
  facet normal -0.587784 0.809018 0
    outer loop
      vertex -14.8242 -19.4229 8.05
      vertex -15.5446 -19.9463 4.25
      vertex -15.5446 -19.9463 9.05
    endloop
  endfacet
  facet normal 0 0 -1
    outer loop
      vertex -16.7143 9.65 8.05
      vertex -19.8352 12.7331 8.05
      vertex -19.4601 12.8469 8.05
    endloop
  endfacet
  facet normal 0 -0 -1
    outer loop
      vertex -20.9908 12.8469 8.05
      vertex -19.1349 2.51916 8.05
      vertex -21.0497 1.17468 8.05
    endloop
  endfacet
  facet normal 0 0 -1
    outer loop
      vertex -20.9907 -0.937393 8.05
      vertex -19.3 0 8.05
      vertex -19.1349 -2.51916 8.05
    endloop
  endfacet
  facet normal 0 0 -1
    outer loop
      vertex -19.1349 2.51916 8.05
      vertex -20.2254 12.6946 8.05
      vertex -19.8352 12.7331 8.05
    endloop
  endfacet
  facet normal -0 0 -1
    outer loop
      vertex -19.3 0 8.05
      vertex -20.8811 -0.0261841 8.05
      vertex -20.8856 0.197021 8.05
    endloop
  endfacet
  facet normal 0 0 -1
    outer loop
      vertex -21.0553 -1.19397 8.05
      vertex -19.1349 -2.51916 8.05
      vertex -18.6603 -4.90503 8.05
    endloop
  endfacet
  facet normal 0 0 -1
    outer loop
      vertex -19.3 0 8.05
      vertex -20.8968 -0.335434 8.05
      vertex -20.8811 -0.0261841 8.05
    endloop
  endfacet
  facet normal 0 0 -1
    outer loop
      vertex -19.3 0 8.05
      vertex -20.9304 -0.612595 8.05
      vertex -20.8968 -0.335434 8.05
    endloop
  endfacet
  facet normal 0 0 -1
    outer loop
      vertex -19.3 0 8.05
      vertex -20.9567 -0.776688 8.05
      vertex -20.9304 -0.612595 8.05
    endloop
  endfacet
  facet normal 0 0 -1
    outer loop
      vertex -19.3 0 8.05
      vertex -20.9705 -0.845993 8.05
      vertex -20.9567 -0.776688 8.05
    endloop
  endfacet
  facet normal 0 0 -1
    outer loop
      vertex -19.3 0 8.05
      vertex -20.9907 -0.937393 8.05
      vertex -20.9705 -0.845993 8.05
    endloop
  endfacet
  facet normal 0 0 -1
    outer loop
      vertex -19.1349 -2.51916 8.05
      vertex -21.0311 -1.10315 8.05
      vertex -20.9907 -0.937393 8.05
    endloop
  endfacet
  facet normal 0 0 -1
    outer loop
      vertex -19.1349 -2.51916 8.05
      vertex -21.0553 -1.19397 8.05
      vertex -21.0311 -1.10315 8.05
    endloop
  endfacet
  facet normal 0 -0 -1
    outer loop
      vertex -21.0553 -1.19397 8.05
      vertex -18.6603 -4.90503 8.05
      vertex -23.0532 -8.09665 8.05
    endloop
  endfacet
  facet normal 0 0 -1
    outer loop
      vertex -13.6472 13.6472 8.05
      vertex -18.2639 14.3045 8.05
      vertex -18.2254 14.6946 8.05
    endloop
  endfacet
  facet normal 0 0 -1
    outer loop
      vertex -16.7143 9.65 8.05
      vertex -18.3777 13.9293 8.05
      vertex -18.2639 14.3045 8.05
    endloop
  endfacet
  facet normal 0 0 -1
    outer loop
      vertex -16.7143 9.65 8.05
      vertex -18.5625 13.5835 8.05
      vertex -18.3777 13.9293 8.05
    endloop
  endfacet
  facet normal 0 0 -1
    outer loop
      vertex -19.8352 12.7331 8.05
      vertex -17.8309 7.38579 8.05
      vertex -18.6424 4.99521 8.05
    endloop
  endfacet
  facet normal 0 0 -1
    outer loop
      vertex -16.7143 9.65 8.05
      vertex -18.8112 13.2804 8.05
      vertex -18.5625 13.5835 8.05
    endloop
  endfacet
  facet normal 0 0 -1
    outer loop
      vertex -16.7143 9.65 8.05
      vertex -19.1143 13.0317 8.05
      vertex -18.8112 13.2804 8.05
    endloop
  endfacet
  facet normal 0 0 -1
    outer loop
      vertex -19.8352 12.7331 8.05
      vertex -18.6424 4.99521 8.05
      vertex -19.1349 2.51916 8.05
    endloop
  endfacet
  facet normal 0 0 -1
    outer loop
      vertex -20.9987 0.978851 8.05
      vertex -19.1349 2.51916 8.05
      vertex -19.3 0 8.05
    endloop
  endfacet
  facet normal 0 0 -1
    outer loop
      vertex -16.7143 9.65 8.05
      vertex -19.4601 12.8469 8.05
      vertex -19.1143 13.0317 8.05
    endloop
  endfacet
  facet normal 0 0 -1
    outer loop
      vertex -19.3 0 8.05
      vertex -20.8856 0.197021 8.05
      vertex -20.9101 0.483627 8.05
    endloop
  endfacet
  facet normal 0 0 -1
    outer loop
      vertex -19.3 0 8.05
      vertex -20.9101 0.483627 8.05
      vertex -20.9474 0.728851 8.05
    endloop
  endfacet
  facet normal 0 0 -1
    outer loop
      vertex -19.3 0 8.05
      vertex -20.9474 0.728851 8.05
      vertex -20.9736 0.870041 8.05
    endloop
  endfacet
  facet normal 0 0 -1
    outer loop
      vertex -19.3 0 8.05
      vertex -20.9736 0.870041 8.05
      vertex -20.982 0.908203 8.05
    endloop
  endfacet
  facet normal 0 0 -1
    outer loop
      vertex -19.3 0 8.05
      vertex -20.982 0.908203 8.05
      vertex -20.9987 0.978851 8.05
    endloop
  endfacet
  facet normal 0 0 -1
    outer loop
      vertex -19.1349 2.51916 8.05
      vertex -20.9987 0.978851 8.05
      vertex -21.0309 1.10536 8.05
    endloop
  endfacet
  facet normal 0 0 -1
    outer loop
      vertex -19.1349 2.51916 8.05
      vertex -21.0309 1.10536 8.05
      vertex -21.0497 1.17468 8.05
    endloop
  endfacet
  facet normal 0 0 -1
    outer loop
      vertex -19.1349 2.51916 8.05
      vertex -20.6156 12.7331 8.05
      vertex -20.2254 12.6946 8.05
    endloop
  endfacet
  facet normal 0 0 -1
    outer loop
      vertex -19.1349 2.51916 8.05
      vertex -20.9908 12.8469 8.05
      vertex -20.6156 12.7331 8.05
    endloop
  endfacet
  facet normal 0 0 -1
    outer loop
      vertex -21.0497 1.17468 8.05
      vertex -21.3366 13.0317 8.05
      vertex -20.9908 12.8469 8.05
    endloop
  endfacet
  facet normal 0 0 -1
    outer loop
      vertex -21.0497 1.17468 8.05
      vertex -21.6396 13.2804 8.05
      vertex -21.3366 13.0317 8.05
    endloop
  endfacet
  facet normal 0 0 -1
    outer loop
      vertex -21.0497 1.17468 8.05
      vertex -21.8884 13.5835 8.05
      vertex -21.6396 13.2804 8.05
    endloop
  endfacet
  facet normal 0 0 -1
    outer loop
      vertex -25.5625 16.7663 8.05
      vertex -21.8884 13.5835 8.05
      vertex -21.0497 1.17468 8.05
    endloop
  endfacet
  facet normal 0 0 -1
    outer loop
      vertex -21.8884 13.5835 8.05
      vertex -25.5625 16.7663 8.05
      vertex -22.0732 13.9293 8.05
    endloop
  endfacet
  facet normal 0 0 -1
    outer loop
      vertex -22.0732 13.9293 8.05
      vertex -25.5625 16.7663 8.05
      vertex -22.187 14.3045 8.05
    endloop
  endfacet
  facet normal 0 0 -1
    outer loop
      vertex -22.187 14.3045 8.05
      vertex -25.5625 16.7663 8.05
      vertex -22.2254 14.6946 8.05
    endloop
  endfacet
  facet normal 0 0 -1
    outer loop
      vertex -22.2254 14.6946 8.05
      vertex -25.5625 16.7663 8.05
      vertex -23.838 19.1306 8.05
    endloop
  endfacet
  facet normal 0 0 -1
    outer loop
      vertex -23.838 19.1306 8.05
      vertex -25.5625 16.7663 8.05
      vertex -24.1434 19.1006 8.05
    endloop
  endfacet
  facet normal 0 0 -1
    outer loop
      vertex -25.6223 17.0304 8.05
      vertex -24.1434 19.1006 8.05
      vertex -25.5625 16.7663 8.05
    endloop
  endfacet
  facet normal 0 0 -1
    outer loop
      vertex -24.1434 19.1006 8.05
      vertex -25.6223 17.0304 8.05
      vertex -24.3721 19.0473 8.05
    endloop
  endfacet
  facet normal 0 0 -1
    outer loop
      vertex -24.3721 19.0473 8.05
      vertex -25.6223 17.0304 8.05
      vertex -24.5921 18.9646 8.05
    endloop
  endfacet
  facet normal 0 0 -1
    outer loop
      vertex -24.5921 18.9646 8.05
      vertex -25.6223 17.0304 8.05
      vertex -24.799 18.8541 8.05
    endloop
  endfacet
  facet normal 0 0 -1
    outer loop
      vertex -24.799 18.8541 8.05
      vertex -25.6223 17.0304 8.05
      vertex -24.9901 18.7173 8.05
    endloop
  endfacet
  facet normal 0 0 -1
    outer loop
      vertex -24.9901 18.7173 8.05
      vertex -25.6223 17.0304 8.05
      vertex -25.1615 18.5568 8.05
    endloop
  endfacet
  facet normal 0 0 -1
    outer loop
      vertex -25.1615 18.5568 8.05
      vertex -25.6223 17.0304 8.05
      vertex -25.3105 18.3753 8.05
    endloop
  endfacet
  facet normal 0 0 -1
    outer loop
      vertex -25.3105 18.3753 8.05
      vertex -25.6223 17.0304 8.05
      vertex -25.4346 18.1759 8.05
    endloop
  endfacet
  facet normal 0 0 -1
    outer loop
      vertex -25.4346 18.1759 8.05
      vertex -25.6223 17.0304 8.05
      vertex -25.5316 17.9621 8.05
    endloop
  endfacet
  facet normal 0 0 -1
    outer loop
      vertex -25.5316 17.9621 8.05
      vertex -25.6223 17.0304 8.05
      vertex -25.5998 17.7373 8.05
    endloop
  endfacet
  facet normal 0 0 -1
    outer loop
      vertex -25.6223 17.0304 8.05
      vertex -25.6381 17.5058 8.05
      vertex -25.5998 17.7373 8.05
    endloop
  endfacet
  facet normal 0 -0 -1
    outer loop
      vertex -25.6381 17.5058 8.05
      vertex -25.6223 17.0304 8.05
      vertex -25.6459 17.2709 8.05
    endloop
  endfacet
  facet normal 0 0 -1
    outer loop
      vertex 10.8256 -28.5892 8.05
      vertex 8.93283 -24.0999 8.05
      vertex 8.97542 -23.7764 8.05
    endloop
  endfacet
  facet normal 0 0 -1
    outer loop
      vertex 10.8256 -28.5892 8.05
      vertex 8.80796 -24.4014 8.05
      vertex 8.93283 -24.0999 8.05
    endloop
  endfacet
  facet normal 0 0 -1
    outer loop
      vertex 8.3054 -29.6438 8.05
      vertex 8.98079 -29.8298 8.05
      vertex 8.74815 -29.7975 8.05
    endloop
  endfacet
  facet normal 0 0 -1
    outer loop
      vertex 10.8256 -28.5892 8.05
      vertex 8.60931 -24.6603 8.05
      vertex 8.80796 -24.4014 8.05
    endloop
  endfacet
  facet normal 0 0 -1
    outer loop
      vertex 8.3054 -29.6438 8.05
      vertex 8.74815 -29.7975 8.05
      vertex 8.52184 -29.7352 8.05
    endloop
  endfacet
  facet normal 0 0 -1
    outer loop
      vertex 10.8256 -28.5892 8.05
      vertex 8.35042 -24.8589 8.05
      vertex 8.60931 -24.6603 8.05
    endloop
  endfacet
  facet normal 0 0 -1
    outer loop
      vertex 10.8256 -28.5892 8.05
      vertex 8.3054 -29.6438 8.05
      vertex 8.04065 -29.4885 8.05
    endloop
  endfacet
  facet normal 0 -0 -1
    outer loop
      vertex 8.04895 -24.9838 8.05
      vertex 10.8256 -28.5892 8.05
      vertex 8.04065 -29.4885 8.05
    endloop
  endfacet
  facet normal 0 0 -1
    outer loop
      vertex 10.8256 -28.5892 8.05
      vertex 8.04895 -24.9838 8.05
      vertex 8.35042 -24.8589 8.05
    endloop
  endfacet
  facet normal 0 0 -1
    outer loop
      vertex 8.04065 -29.4885 8.05
      vertex 7.72542 -25.0264 8.05
      vertex 8.04895 -24.9838 8.05
    endloop
  endfacet
  facet normal 0 0 -1
    outer loop
      vertex 8.04065 -29.4885 8.05
      vertex 7.4019 -24.9838 8.05
      vertex 7.72542 -25.0264 8.05
    endloop
  endfacet
  facet normal 0 0 -1
    outer loop
      vertex 8.04065 -29.4885 8.05
      vertex 7.10042 -24.8589 8.05
      vertex 7.4019 -24.9838 8.05
    endloop
  endfacet
  facet normal 0 0 -1
    outer loop
      vertex 8.04065 -29.4885 8.05
      vertex 6.84154 -24.6603 8.05
      vertex 7.10042 -24.8589 8.05
    endloop
  endfacet
  facet normal 0 0 -1
    outer loop
      vertex 8.04065 -29.4885 8.05
      vertex 6.64289 -24.4014 8.05
      vertex 6.84154 -24.6603 8.05
    endloop
  endfacet
  facet normal 0 0 -1
    outer loop
      vertex -5.3707 -20.3938 8.05
      vertex 6.64289 -24.4014 8.05
      vertex 8.04065 -29.4885 8.05
    endloop
  endfacet
  facet normal 0 0 -1
    outer loop
      vertex 0 -19.3 8.05
      vertex 6.47542 -23.7764 8.05
      vertex 6.51802 -24.0999 8.05
    endloop
  endfacet
  facet normal 0 0 -1
    outer loop
      vertex 6.47542 -23.7764 8.05
      vertex 2.51916 -19.1349 8.05
      vertex 4.99521 -18.6424 8.05
    endloop
  endfacet
  facet normal 0 -0 -1
    outer loop
      vertex 0 -19.3 8.05
      vertex 6.64289 -24.4014 8.05
      vertex -5.3707 -20.3938 8.05
    endloop
  endfacet
  facet normal 0 0 -1
    outer loop
      vertex 6.47542 -23.7764 8.05
      vertex 0 -19.3 8.05
      vertex 2.51916 -19.1349 8.05
    endloop
  endfacet
  facet normal 0 0 -1
    outer loop
      vertex 6.64289 -24.4014 8.05
      vertex 0 -19.3 8.05
      vertex 6.51802 -24.0999 8.05
    endloop
  endfacet
  facet normal -0 0 -1
    outer loop
      vertex 0 -19.3 8.05
      vertex -5.3707 -20.3938 8.05
      vertex -2.51916 -19.1349 8.05
    endloop
  endfacet
  facet normal -0 0 -1
    outer loop
      vertex -2.51916 -19.1349 8.05
      vertex -5.3707 -20.3938 8.05
      vertex -4.99521 -18.6424 8.05
    endloop
  endfacet
  facet normal 0 0 -1
    outer loop
      vertex -5.44954 -20.3428 8.05
      vertex -4.99521 -18.6424 8.05
      vertex -5.3707 -20.3938 8.05
    endloop
  endfacet
  facet normal 0 0 -1
    outer loop
      vertex -5.59476 -20.2531 8.05
      vertex -4.99521 -18.6424 8.05
      vertex -5.44954 -20.3428 8.05
    endloop
  endfacet
  facet normal 0 0 -1
    outer loop
      vertex -5.67578 -20.2054 8.05
      vertex -4.99521 -18.6424 8.05
      vertex -5.59476 -20.2531 8.05
    endloop
  endfacet
  facet normal 0 0 -1
    outer loop
      vertex -5.73761 -20.1708 8.05
      vertex -4.99521 -18.6424 8.05
      vertex -5.67578 -20.2054 8.05
    endloop
  endfacet
  facet normal 0 0 -1
    outer loop
      vertex -5.88516 -20.0954 8.05
      vertex -4.99521 -18.6424 8.05
      vertex -5.73761 -20.1708 8.05
    endloop
  endfacet
  facet normal 0 0 -1
    outer loop
      vertex -6.13829 -19.9777 8.05
      vertex -4.99521 -18.6424 8.05
      vertex -5.88516 -20.0954 8.05
    endloop
  endfacet
  facet normal 0 0 -1
    outer loop
      vertex -6.42767 -19.8672 8.05
      vertex -4.99521 -18.6424 8.05
      vertex -6.13829 -19.9777 8.05
    endloop
  endfacet
  facet normal 0 0 -1
    outer loop
      vertex -6.64145 -19.8025 8.05
      vertex -4.99521 -18.6424 8.05
      vertex -6.42767 -19.8672 8.05
    endloop
  endfacet
  facet normal 0 0 -1
    outer loop
      vertex -7.38579 -17.8309 8.05
      vertex -6.64145 -19.8025 8.05
      vertex -6.92177 -19.7372 8.05
    endloop
  endfacet
  facet normal 0 0 -1
    outer loop
      vertex -7.38579 -17.8309 8.05
      vertex -6.92177 -19.7372 8.05
      vertex -7.16637 -19.6969 8.05
    endloop
  endfacet
  facet normal 0 0 -1
    outer loop
      vertex -7.38579 -17.8309 8.05
      vertex -7.16637 -19.6969 8.05
      vertex -7.30927 -19.6781 8.05
    endloop
  endfacet
  facet normal 0 0 -1
    outer loop
      vertex -7.38579 -17.8309 8.05
      vertex -7.30927 -19.6781 8.05
      vertex -7.34816 -19.6743 8.05
    endloop
  endfacet
  facet normal 0 0 -1
    outer loop
      vertex -6.64145 -19.8025 8.05
      vertex -7.38579 -17.8309 8.05
      vertex -4.99521 -18.6424 8.05
    endloop
  endfacet
  facet normal 0 0 -1
    outer loop
      vertex -7.41963 -19.6685 8.05
      vertex -7.38579 -17.8309 8.05
      vertex -7.34816 -19.6743 8.05
    endloop
  endfacet
  facet normal 0 0 -1
    outer loop
      vertex -7.55034 -19.66 8.05
      vertex -7.38579 -17.8309 8.05
      vertex -7.41963 -19.6685 8.05
    endloop
  endfacet
  facet normal 0 0 -1
    outer loop
      vertex -7.6223 -19.6564 8.05
      vertex -7.38579 -17.8309 8.05
      vertex -7.55034 -19.66 8.05
    endloop
  endfacet
  facet normal 0 0 -1
    outer loop
      vertex -7.6223 -19.6564 8.05
      vertex -9.65 -16.7143 8.05
      vertex -7.38579 -17.8309 8.05
    endloop
  endfacet
  facet normal 0 0 -1
    outer loop
      vertex -14.8242 -19.4229 8.05
      vertex -9.65 -16.7143 8.05
      vertex -7.6223 -19.6564 8.05
    endloop
  endfacet
  facet normal -0 0 -1
    outer loop
      vertex -9.65 -16.7143 8.05
      vertex -14.8242 -19.4229 8.05
      vertex -10.4033 -16.2109 8.05
    endloop
  endfacet
  facet normal 0 0 -1
    outer loop
      vertex 16.3323 13.342 8.05
      vertex 11.3822 22.3033 8.05
      vertex 11.4164 22.8254 8.05
    endloop
  endfacet
  facet normal 0 0 -1
    outer loop
      vertex 16.3323 13.342 8.05
      vertex 11.2801 21.7901 8.05
      vertex 11.3822 22.3033 8.05
    endloop
  endfacet
  facet normal 0 0 -1
    outer loop
      vertex 16.3323 13.342 8.05
      vertex 11.1119 21.2946 8.05
      vertex 11.2801 21.7901 8.05
    endloop
  endfacet
  facet normal 0 0 -1
    outer loop
      vertex 11.7491 15.3117 8.05
      vertex 10.8805 20.8254 8.05
      vertex 11.1119 21.2946 8.05
    endloop
  endfacet
  facet normal 0 0 -1
    outer loop
      vertex 11.7491 15.3117 8.05
      vertex 10.5898 20.3903 8.05
      vertex 10.8805 20.8254 8.05
    endloop
  endfacet
  facet normal 0 0 -1
    outer loop
      vertex 11.7491 15.3117 8.05
      vertex 10.2448 19.9969 8.05
      vertex 10.5898 20.3903 8.05
    endloop
  endfacet
  facet normal 0 0 -1
    outer loop
      vertex 9.65 16.7143 8.05
      vertex 10.2448 19.9969 8.05
      vertex 11.7491 15.3117 8.05
    endloop
  endfacet
  facet normal 0 0 -1
    outer loop
      vertex 10.2448 19.9969 8.05
      vertex 9.65 16.7143 8.05
      vertex 9.85145 19.6519 8.05
    endloop
  endfacet
  facet normal 0 0 -1
    outer loop
      vertex 9.65 16.7143 8.05
      vertex 9.41641 19.3613 8.05
      vertex 9.85145 19.6519 8.05
    endloop
  endfacet
  facet normal 0 0 -1
    outer loop
      vertex 9.65 16.7143 8.05
      vertex 8.94714 19.1298 8.05
      vertex 9.41641 19.3613 8.05
    endloop
  endfacet
  facet normal 0 0 -1
    outer loop
      vertex 9.65 16.7143 8.05
      vertex 8.45168 18.9617 8.05
      vertex 8.94714 19.1298 8.05
    endloop
  endfacet
  facet normal 0 0 -1
    outer loop
      vertex 7.38579 17.8309 8.05
      vertex 8.45168 18.9617 8.05
      vertex 9.65 16.7143 8.05
    endloop
  endfacet
  facet normal 0 0 -1
    outer loop
      vertex 8.45168 18.9617 8.05
      vertex 7.38579 17.8309 8.05
      vertex 7.93851 18.8596 8.05
    endloop
  endfacet
  facet normal 0 0 -1
    outer loop
      vertex 7.93851 18.8596 8.05
      vertex 7.38579 17.8309 8.05
      vertex 7.41641 18.8254 8.05
    endloop
  endfacet
  facet normal 0 0 -1
    outer loop
      vertex 7.38579 17.8309 8.05
      vertex 6.8943 18.8596 8.05
      vertex 7.41641 18.8254 8.05
    endloop
  endfacet
  facet normal 0 0 -1
    outer loop
      vertex 7.38579 17.8309 8.05
      vertex 6.38113 18.9617 8.05
      vertex 6.8943 18.8596 8.05
    endloop
  endfacet
  facet normal 0 0 -1
    outer loop
      vertex 4.99521 18.6424 8.05
      vertex 6.38113 18.9617 8.05
      vertex 7.38579 17.8309 8.05
    endloop
  endfacet
  facet normal -0 0 -1
    outer loop
      vertex 6.38113 18.9617 8.05
      vertex 4.99521 18.6424 8.05
      vertex 5.88567 19.1298 8.05
    endloop
  endfacet
  facet normal -0 0 -1
    outer loop
      vertex 5.88567 19.1298 8.05
      vertex 4.99521 18.6424 8.05
      vertex 5.41641 19.3613 8.05
    endloop
  endfacet
  facet normal 0 0 -1
    outer loop
      vertex 4.99521 18.6424 8.05
      vertex 4.98136 19.6519 8.05
      vertex 5.41641 19.3613 8.05
    endloop
  endfacet
  facet normal 0 0 -1
    outer loop
      vertex 4.99521 18.6424 8.05
      vertex 4.58798 19.9969 8.05
      vertex 4.98136 19.6519 8.05
    endloop
  endfacet
  facet normal 0 0 -1
    outer loop
      vertex 2.51916 19.1349 8.05
      vertex 4.58798 19.9969 8.05
      vertex 4.99521 18.6424 8.05
    endloop
  endfacet
  facet normal -0 0 -1
    outer loop
      vertex 4.58798 19.9969 8.05
      vertex 2.51916 19.1349 8.05
      vertex 4.24299 20.3903 8.05
    endloop
  endfacet
  facet normal -0 0 -1
    outer loop
      vertex 4.24299 20.3903 8.05
      vertex 2.51916 19.1349 8.05
      vertex 3.95231 20.8254 8.05
    endloop
  endfacet
  facet normal -0 0 -1
    outer loop
      vertex 3.5527 21.7901 8.05
      vertex 0 19.3 8.05
      vertex 3.45063 22.3033 8.05
    endloop
  endfacet
  facet normal 0 0 -1
    outer loop
      vertex 0 19.3 8.05
      vertex 3.5527 21.7901 8.05
      vertex 2.51916 19.1349 8.05
    endloop
  endfacet
  facet normal -0 0 -1
    outer loop
      vertex 3.72089 21.2946 8.05
      vertex 2.51916 19.1349 8.05
      vertex 3.5527 21.7901 8.05
    endloop
  endfacet
  facet normal -0 0 -1
    outer loop
      vertex 3.95231 20.8254 8.05
      vertex 2.51916 19.1349 8.05
      vertex 3.72089 21.2946 8.05
    endloop
  endfacet
  facet normal 0 0 -1
    outer loop
      vertex 23.4351 -0.535157 8.05
      vertex 19.3 0 8.05
      vertex 23.4 0 8.05
    endloop
  endfacet
  facet normal 0 0 -1
    outer loop
      vertex 23.5397 -1.06116 8.05
      vertex 19.3 0 8.05
      vertex 23.4351 -0.535157 8.05
    endloop
  endfacet
  facet normal 0 0 -1
    outer loop
      vertex 19.1349 -2.51916 8.05
      vertex 23.5397 -1.06116 8.05
      vertex 23.7121 -1.569 8.05
    endloop
  endfacet
  facet normal 0 0 -1
    outer loop
      vertex 19.1349 -2.51916 8.05
      vertex 23.7121 -1.569 8.05
      vertex 23.9493 -2.05 8.05
    endloop
  endfacet
  facet normal 0 0 -1
    outer loop
      vertex 19.1349 -2.51916 8.05
      vertex 23.9493 -2.05 8.05
      vertex 24.2472 -2.49592 8.05
    endloop
  endfacet
  facet normal 0 0 -1
    outer loop
      vertex 18.6424 -4.99521 8.05
      vertex 24.2472 -2.49592 8.05
      vertex 24.6009 -2.89914 8.05
    endloop
  endfacet
  facet normal 0 0 -1
    outer loop
      vertex 18.6424 -4.99521 8.05
      vertex 24.6009 -2.89914 8.05
      vertex 25.0041 -3.25275 8.05
    endloop
  endfacet
  facet normal 0 0 -1
    outer loop
      vertex 18.6424 -4.99521 8.05
      vertex 25.0041 -3.25275 8.05
      vertex 25.45 -3.5507 8.05
    endloop
  endfacet
  facet normal -0 0 -1
    outer loop
      vertex 23.5397 -1.06116 8.05
      vertex 19.1349 -2.51916 8.05
      vertex 19.3 0 8.05
    endloop
  endfacet
  facet normal 0 0 -1
    outer loop
      vertex 17.8309 -7.38579 8.05
      vertex 25.45 -3.5507 8.05
      vertex 25.931 -3.78791 8.05
    endloop
  endfacet
  facet normal 0 0 -1
    outer loop
      vertex 17.7361 -11.4099 8.05
      vertex 25.931 -3.78791 8.05
      vertex 26.4388 -3.9603 8.05
    endloop
  endfacet
  facet normal 0 0 -1
    outer loop
      vertex 17.7361 -11.4099 8.05
      vertex 26.4388 -3.9603 8.05
      vertex 26.9648 -4.06492 8.05
    endloop
  endfacet
  facet normal 0 0 -1
    outer loop
      vertex 24.2472 -2.49592 8.05
      vertex 18.6424 -4.99521 8.05
      vertex 19.1349 -2.51916 8.05
    endloop
  endfacet
  facet normal 0 0 -1
    outer loop
      vertex 17.7361 -11.4099 8.05
      vertex 26.9648 -4.06492 8.05
      vertex 27.1684 -4.07827 8.05
    endloop
  endfacet
  facet normal 0 0 -1
    outer loop
      vertex 25.45 -3.5507 8.05
      vertex 17.8309 -7.38579 8.05
      vertex 18.6424 -4.99521 8.05
    endloop
  endfacet
  facet normal 0 0 -1
    outer loop
      vertex 25.931 -3.78791 8.05
      vertex 17.7361 -11.4099 8.05
      vertex 17.8309 -7.38579 8.05
    endloop
  endfacet
  facet normal 0 0 -1
    outer loop
      vertex 16.7143 -9.65 8.05
      vertex 17.7361 -11.4099 8.05
      vertex 17.6632 -11.4691 8.05
    endloop
  endfacet
  facet normal 0 0 -1
    outer loop
      vertex 16.7143 -9.65 8.05
      vertex 17.6632 -11.4691 8.05
      vertex 17.5328 -11.5797 8.05
    endloop
  endfacet
  facet normal 0 0 -1
    outer loop
      vertex 16.7143 -9.65 8.05
      vertex 17.5328 -11.5797 8.05
      vertex 17.4626 -11.6418 8.05
    endloop
  endfacet
  facet normal 0 0 -1
    outer loop
      vertex 16.7143 -9.65 8.05
      vertex 17.4626 -11.6418 8.05
      vertex 17.4109 -11.6897 8.05
    endloop
  endfacet
  facet normal 0 0 -1
    outer loop
      vertex 16.7143 -9.65 8.05
      vertex 17.4109 -11.6897 8.05
      vertex 17.2933 -11.8069 8.05
    endloop
  endfacet
  facet normal 0 0 -1
    outer loop
      vertex 15.3117 -11.7491 8.05
      vertex 17.2933 -11.8069 8.05
      vertex 17.103 -12.0115 8.05
    endloop
  endfacet
  facet normal 0 0 -1
    outer loop
      vertex 15.3117 -11.7491 8.05
      vertex 17.103 -12.0115 8.05
      vertex 16.9085 -12.2525 8.05
    endloop
  endfacet
  facet normal 0 0 -1
    outer loop
      vertex 15.3117 -11.7491 8.05
      vertex 16.9085 -12.2525 8.05
      vertex 16.781 -12.4356 8.05
    endloop
  endfacet
  facet normal 0 0 -1
    outer loop
      vertex 17.7361 -11.4099 8.05
      vertex 16.7143 -9.65 8.05
      vertex 17.8309 -7.38579 8.05
    endloop
  endfacet
  facet normal 0 0 -1
    outer loop
      vertex 15.3117 -11.7491 8.05
      vertex 16.781 -12.4356 8.05
      vertex 16.6323 -12.682 8.05
    endloop
  endfacet
  facet normal 0 0 -1
    outer loop
      vertex 15.3117 -11.7491 8.05
      vertex 16.6323 -12.682 8.05
      vertex 16.5183 -12.9024 8.05
    endloop
  endfacet
  facet normal 0 0 -1
    outer loop
      vertex 15.3117 -11.7491 8.05
      vertex 16.5183 -12.9024 8.05
      vertex 16.4567 -13.0315 8.05
    endloop
  endfacet
  facet normal 0 0 -1
    outer loop
      vertex 15.3117 -11.7491 8.05
      vertex 16.4567 -13.0315 8.05
      vertex 16.441 -13.0674 8.05
    endloop
  endfacet
  facet normal 0 0 -1
    outer loop
      vertex 15.3117 -11.7491 8.05
      vertex 16.441 -13.0674 8.05
      vertex 16.4128 -13.1348 8.05
    endloop
  endfacet
  facet normal 0 0 -1
    outer loop
      vertex 15.3117 -11.7491 8.05
      vertex 16.4128 -13.1348 8.05
      vertex 16.3645 -13.2561 8.05
    endloop
  endfacet
  facet normal 0 0 -1
    outer loop
      vertex 15.3117 -11.7491 8.05
      vertex 16.3645 -13.2561 8.05
      vertex 16.339 -13.3232 8.05
    endloop
  endfacet
  facet normal 0 0 -1
    outer loop
      vertex 17.2933 -11.8069 8.05
      vertex 15.3117 -11.7491 8.05
      vertex 16.7143 -9.65 8.05
    endloop
  endfacet
  facet normal -0 0 -1
    outer loop
      vertex 16.339 -13.3232 8.05
      vertex 13.6472 -13.6472 8.05
      vertex 15.3117 -11.7491 8.05
    endloop
  endfacet
  facet normal 0 0 -1
    outer loop
      vertex 16.339 -13.3232 8.05
      vertex 11.7491 -15.3117 8.05
      vertex 13.6472 -13.6472 8.05
    endloop
  endfacet
  facet normal 0 0 -1
    outer loop
      vertex 8.97542 -23.7764 8.05
      vertex 16.339 -13.3232 8.05
      vertex 10.8256 -28.5892 8.05
    endloop
  endfacet
  facet normal 0 0 -1
    outer loop
      vertex 8.3054 -29.6438 8.05
      vertex 10.7186 -28.8383 8.05
      vertex 8.98079 -29.8298 8.05
    endloop
  endfacet
  facet normal 0 0 -1
    outer loop
      vertex 8.98079 -29.8298 8.05
      vertex 10.7186 -28.8383 8.05
      vertex 10.5964 -29.0468 8.05
    endloop
  endfacet
  facet normal 0 0 -1
    outer loop
      vertex 8.98079 -29.8298 8.05
      vertex 10.5964 -29.0468 8.05
      vertex 10.4521 -29.2321 8.05
    endloop
  endfacet
  facet normal 0 0 -1
    outer loop
      vertex 8.98079 -29.8298 8.05
      vertex 10.4521 -29.2321 8.05
      vertex 10.2849 -29.3971 8.05
    endloop
  endfacet
  facet normal 0 0 -1
    outer loop
      vertex 8.98079 -29.8298 8.05
      vertex 10.2849 -29.3971 8.05
      vertex 10.0977 -29.5387 8.05
    endloop
  endfacet
  facet normal 0 0 -1
    outer loop
      vertex 8.98079 -29.8298 8.05
      vertex 10.0977 -29.5387 8.05
      vertex 9.89342 -29.6548 8.05
    endloop
  endfacet
  facet normal 0 0 -1
    outer loop
      vertex 8.98079 -29.8298 8.05
      vertex 9.89342 -29.6548 8.05
      vertex 9.67593 -29.7431 8.05
    endloop
  endfacet
  facet normal 0 0 -1
    outer loop
      vertex 8.93283 -23.4529 8.05
      vertex 16.339 -13.3232 8.05
      vertex 8.97542 -23.7764 8.05
    endloop
  endfacet
  facet normal 0 0 -1
    outer loop
      vertex 8.98079 -29.8298 8.05
      vertex 9.67593 -29.7431 8.05
      vertex 9.44862 -29.8023 8.05
    endloop
  endfacet
  facet normal 0 0 -1
    outer loop
      vertex 8.98079 -29.8298 8.05
      vertex 9.44862 -29.8023 8.05
      vertex 9.21567 -29.8314 8.05
    endloop
  endfacet
  facet normal -0 0 -1
    outer loop
      vertex 10.7186 -28.8383 8.05
      vertex 8.3054 -29.6438 8.05
      vertex 10.8256 -28.5892 8.05
    endloop
  endfacet
  facet normal 0 0 -1
    outer loop
      vertex 16.339 -13.3232 8.05
      vertex 8.93283 -23.4529 8.05
      vertex 11.7491 -15.3117 8.05
    endloop
  endfacet
  facet normal 0 0 -1
    outer loop
      vertex 8.80796 -23.1514 8.05
      vertex 11.7491 -15.3117 8.05
      vertex 8.93283 -23.4529 8.05
    endloop
  endfacet
  facet normal 0 0 -1
    outer loop
      vertex 11.7491 -15.3117 8.05
      vertex 8.80796 -23.1514 8.05
      vertex 9.65 -16.7143 8.05
    endloop
  endfacet
  facet normal 0 0 -1
    outer loop
      vertex 8.60931 -22.8925 8.05
      vertex 9.65 -16.7143 8.05
      vertex 8.80796 -23.1514 8.05
    endloop
  endfacet
  facet normal 0 0 -1
    outer loop
      vertex 8.35042 -22.6939 8.05
      vertex 9.65 -16.7143 8.05
      vertex 8.60931 -22.8925 8.05
    endloop
  endfacet
  facet normal 0 0 -1
    outer loop
      vertex 7.38579 -17.8309 8.05
      vertex 8.35042 -22.6939 8.05
      vertex 8.04895 -22.569 8.05
    endloop
  endfacet
  facet normal 0 0 -1
    outer loop
      vertex 7.38579 -17.8309 8.05
      vertex 8.04895 -22.569 8.05
      vertex 7.72542 -22.5264 8.05
    endloop
  endfacet
  facet normal 0 0 -1
    outer loop
      vertex 7.38579 -17.8309 8.05
      vertex 7.72542 -22.5264 8.05
      vertex 7.4019 -22.569 8.05
    endloop
  endfacet
  facet normal 0 0 -1
    outer loop
      vertex 8.35042 -22.6939 8.05
      vertex 7.38579 -17.8309 8.05
      vertex 9.65 -16.7143 8.05
    endloop
  endfacet
  facet normal 0 0 -1
    outer loop
      vertex 4.99521 -18.6424 8.05
      vertex 7.4019 -22.569 8.05
      vertex 7.10042 -22.6939 8.05
    endloop
  endfacet
  facet normal 0 0 -1
    outer loop
      vertex 4.99521 -18.6424 8.05
      vertex 7.10042 -22.6939 8.05
      vertex 6.84154 -22.8925 8.05
    endloop
  endfacet
  facet normal 0 0 -1
    outer loop
      vertex 4.99521 -18.6424 8.05
      vertex 6.84154 -22.8925 8.05
      vertex 6.64289 -23.1514 8.05
    endloop
  endfacet
  facet normal 0 0 -1
    outer loop
      vertex 4.99521 -18.6424 8.05
      vertex 6.64289 -23.1514 8.05
      vertex 6.51802 -23.4529 8.05
    endloop
  endfacet
  facet normal 0 0 -1
    outer loop
      vertex 7.4019 -22.569 8.05
      vertex 4.99521 -18.6424 8.05
      vertex 7.38579 -17.8309 8.05
    endloop
  endfacet
  facet normal 0 0 -1
    outer loop
      vertex 4.99521 -18.6424 8.05
      vertex 6.51802 -23.4529 8.05
      vertex 6.47542 -23.7764 8.05
    endloop
  endfacet
  facet normal 0 0 -1
    outer loop
      vertex 19.3 0 8.05
      vertex 23.4351 0.535157 8.05
      vertex 23.4 0 8.05
    endloop
  endfacet
  facet normal 0 0 -1
    outer loop
      vertex 19.3 0 8.05
      vertex 23.5397 1.06116 8.05
      vertex 23.4351 0.535157 8.05
    endloop
  endfacet
  facet normal 0 0 -1
    outer loop
      vertex 19.1349 2.51916 8.05
      vertex 23.5397 1.06116 8.05
      vertex 19.3 0 8.05
    endloop
  endfacet
  facet normal 0 0 -1
    outer loop
      vertex 23.5397 1.06116 8.05
      vertex 19.1349 2.51916 8.05
      vertex 23.7121 1.569 8.05
    endloop
  endfacet
  facet normal 0 0 -1
    outer loop
      vertex 23.7121 1.569 8.05
      vertex 19.1349 2.51916 8.05
      vertex 23.9493 2.05 8.05
    endloop
  endfacet
  facet normal 0 0 -1
    outer loop
      vertex 23.9493 2.05 8.05
      vertex 19.1349 2.51916 8.05
      vertex 24.2472 2.49592 8.05
    endloop
  endfacet
  facet normal 0 0 -1
    outer loop
      vertex 18.6424 4.99521 8.05
      vertex 24.2472 2.49592 8.05
      vertex 19.1349 2.51916 8.05
    endloop
  endfacet
  facet normal 0 0 -1
    outer loop
      vertex 24.2472 2.49592 8.05
      vertex 18.6424 4.99521 8.05
      vertex 24.6009 2.89914 8.05
    endloop
  endfacet
  facet normal 0 0 -1
    outer loop
      vertex 24.6009 2.89914 8.05
      vertex 18.6424 4.99521 8.05
      vertex 25.0041 3.25275 8.05
    endloop
  endfacet
  facet normal 0 0 -1
    outer loop
      vertex 25.0041 3.25275 8.05
      vertex 18.6424 4.99521 8.05
      vertex 25.45 3.5507 8.05
    endloop
  endfacet
  facet normal 0 0 -1
    outer loop
      vertex 17.8309 7.38579 8.05
      vertex 25.45 3.5507 8.05
      vertex 18.6424 4.99521 8.05
    endloop
  endfacet
  facet normal 0 0 -1
    outer loop
      vertex 25.45 3.5507 8.05
      vertex 17.8309 7.38579 8.05
      vertex 25.931 3.78791 8.05
    endloop
  endfacet
  facet normal 0 0 -1
    outer loop
      vertex 17.7203 11.4221 8.05
      vertex 25.931 3.78791 8.05
      vertex 17.8309 7.38579 8.05
    endloop
  endfacet
  facet normal 0 0 -1
    outer loop
      vertex 25.931 3.78791 8.05
      vertex 17.7203 11.4221 8.05
      vertex 26.4388 3.9603 8.05
    endloop
  endfacet
  facet normal 0 0 -1
    outer loop
      vertex 26.4388 3.9603 8.05
      vertex 17.7203 11.4221 8.05
      vertex 26.9648 4.06492 8.05
    endloop
  endfacet
  facet normal 0 0 -1
    outer loop
      vertex 26.9648 4.06492 8.05
      vertex 17.7203 11.4221 8.05
      vertex 27.1684 4.07826 8.05
    endloop
  endfacet
  facet normal 0 0 -1
    outer loop
      vertex 16.7143 9.65 8.05
      vertex 17.7203 11.4221 8.05
      vertex 17.8309 7.38579 8.05
    endloop
  endfacet
  facet normal -0 0 -1
    outer loop
      vertex 17.7203 11.4221 8.05
      vertex 16.7143 9.65 8.05
      vertex 17.6641 11.4673 8.05
    endloop
  endfacet
  facet normal -0 0 -1
    outer loop
      vertex 17.6641 11.4673 8.05
      vertex 16.7143 9.65 8.05
      vertex 17.5637 11.5508 8.05
    endloop
  endfacet
  facet normal -0 0 -1
    outer loop
      vertex 17.5637 11.5508 8.05
      vertex 16.7143 9.65 8.05
      vertex 17.5091 11.5977 8.05
    endloop
  endfacet
  facet normal -0 0 -1
    outer loop
      vertex 17.5091 11.5977 8.05
      vertex 16.7143 9.65 8.05
      vertex 17.4797 11.6238 8.05
    endloop
  endfacet
  facet normal -0 0 -1
    outer loop
      vertex 17.4797 11.6238 8.05
      vertex 16.7143 9.65 8.05
      vertex 17.3753 11.7228 8.05
    endloop
  endfacet
  facet normal -0 0 -1
    outer loop
      vertex 17.3753 11.7228 8.05
      vertex 16.7143 9.65 8.05
      vertex 17.201 11.8993 8.05
    endloop
  endfacet
  facet normal 0 0 -1
    outer loop
      vertex 15.3117 11.7491 8.05
      vertex 17.201 11.8993 8.05
      vertex 16.7143 9.65 8.05
    endloop
  endfacet
  facet normal -0 0 -1
    outer loop
      vertex 17.201 11.8993 8.05
      vertex 15.3117 11.7491 8.05
      vertex 17.0125 12.1169 8.05
    endloop
  endfacet
  facet normal -0 0 -1
    outer loop
      vertex 17.0125 12.1169 8.05
      vertex 15.3117 11.7491 8.05
      vertex 16.8779 12.2947 8.05
    endloop
  endfacet
  facet normal -0 0 -1
    outer loop
      vertex 16.8779 12.2947 8.05
      vertex 15.3117 11.7491 8.05
      vertex 16.7088 12.554 8.05
    endloop
  endfacet
  facet normal -0 0 -1
    outer loop
      vertex 16.7088 12.554 8.05
      vertex 15.3117 11.7491 8.05
      vertex 16.5729 12.7984 8.05
    endloop
  endfacet
  facet normal -0 0 -1
    outer loop
      vertex 16.5729 12.7984 8.05
      vertex 15.3117 11.7491 8.05
      vertex 16.4977 12.9465 8.05
    endloop
  endfacet
  facet normal -0 0 -1
    outer loop
      vertex 16.4977 12.9465 8.05
      vertex 15.3117 11.7491 8.05
      vertex 16.4682 13.0106 8.05
    endloop
  endfacet
  facet normal -0 0 -1
    outer loop
      vertex 16.4682 13.0106 8.05
      vertex 15.3117 11.7491 8.05
      vertex 16.4307 13.0967 8.05
    endloop
  endfacet
  facet normal -0 0 -1
    outer loop
      vertex 16.4307 13.0967 8.05
      vertex 15.3117 11.7491 8.05
      vertex 16.366 13.2544 8.05
    endloop
  endfacet
  facet normal -0 0 -1
    outer loop
      vertex 16.366 13.2544 8.05
      vertex 15.3117 11.7491 8.05
      vertex 16.3323 13.342 8.05
    endloop
  endfacet
  facet normal 0 0 -1
    outer loop
      vertex 13.6472 13.6472 8.05
      vertex 16.3323 13.342 8.05
      vertex 15.3117 11.7491 8.05
    endloop
  endfacet
  facet normal 0 0 -1
    outer loop
      vertex 11.7491 15.3117 8.05
      vertex 16.3323 13.342 8.05
      vertex 13.6472 13.6472 8.05
    endloop
  endfacet
  facet normal 0 0 -1
    outer loop
      vertex 11.1119 21.2946 8.05
      vertex 16.3323 13.342 8.05
      vertex 11.7491 15.3117 8.05
    endloop
  endfacet
  facet normal 0 0 -1
    outer loop
      vertex 11.3822 23.3475 8.05
      vertex 16.3323 13.342 8.05
      vertex 11.4164 22.8254 8.05
    endloop
  endfacet
  facet normal 0 0 -1
    outer loop
      vertex 11.2801 23.8606 8.05
      vertex 16.3323 13.342 8.05
      vertex 11.3822 23.3475 8.05
    endloop
  endfacet
  facet normal 0 0 -1
    outer loop
      vertex 10.8279 28.5828 8.05
      vertex 11.2801 23.8606 8.05
      vertex 11.1119 24.3561 8.05
    endloop
  endfacet
  facet normal 0 0 -1
    outer loop
      vertex 11.2801 23.8606 8.05
      vertex 10.8279 28.5828 8.05
      vertex 16.3323 13.342 8.05
    endloop
  endfacet
  facet normal 0 0 -1
    outer loop
      vertex 10.8805 24.8254 8.05
      vertex 10.8279 28.5828 8.05
      vertex 11.1119 24.3561 8.05
    endloop
  endfacet
  facet normal 0 0 -1
    outer loop
      vertex 10.5898 25.2604 8.05
      vertex 10.8279 28.5828 8.05
      vertex 10.8805 24.8254 8.05
    endloop
  endfacet
  facet normal 0 0 -1
    outer loop
      vertex 10.2448 25.6538 8.05
      vertex 10.8279 28.5828 8.05
      vertex 10.5898 25.2604 8.05
    endloop
  endfacet
  facet normal 0 0 -1
    outer loop
      vertex 9.85145 25.9988 8.05
      vertex 10.8279 28.5828 8.05
      vertex 10.2448 25.6538 8.05
    endloop
  endfacet
  facet normal 0 0 -1
    outer loop
      vertex 9.41641 26.2895 8.05
      vertex 10.8279 28.5828 8.05
      vertex 9.85145 25.9988 8.05
    endloop
  endfacet
  facet normal 0 0 -1
    outer loop
      vertex 8.94714 26.5209 8.05
      vertex 10.8279 28.5828 8.05
      vertex 9.41641 26.2895 8.05
    endloop
  endfacet
  facet normal -0 0 -1
    outer loop
      vertex 10.8279 28.5828 8.05
      vertex 8.94714 26.5209 8.05
      vertex 10.705 28.8642 8.05
    endloop
  endfacet
  facet normal -0 0 -1
    outer loop
      vertex 10.705 28.8642 8.05
      vertex 8.94714 26.5209 8.05
      vertex 10.5836 29.0653 8.05
    endloop
  endfacet
  facet normal -0 0 -1
    outer loop
      vertex 10.5836 29.0653 8.05
      vertex 8.94714 26.5209 8.05
      vertex 10.4371 29.2487 8.05
    endloop
  endfacet
  facet normal -0 0 -1
    outer loop
      vertex 10.4371 29.2487 8.05
      vertex 8.94714 26.5209 8.05
      vertex 10.2679 29.4116 8.05
    endloop
  endfacet
  facet normal 0 0 -1
    outer loop
      vertex 8.45168 26.6891 8.05
      vertex 10.2679 29.4116 8.05
      vertex 8.94714 26.5209 8.05
    endloop
  endfacet
  facet normal -0 0 -1
    outer loop
      vertex 10.2679 29.4116 8.05
      vertex 8.45168 26.6891 8.05
      vertex 10.0789 29.5509 8.05
    endloop
  endfacet
  facet normal -0 0 -1
    outer loop
      vertex 10.0789 29.5509 8.05
      vertex 8.45168 26.6891 8.05
      vertex 9.8732 29.6644 8.05
    endloop
  endfacet
  facet normal -0 0 -1
    outer loop
      vertex 9.8732 29.6644 8.05
      vertex 8.45168 26.6891 8.05
      vertex 9.65463 29.75 8.05
    endloop
  endfacet
  facet normal -0 0 -1
    outer loop
      vertex 9.65463 29.75 8.05
      vertex 8.45168 26.6891 8.05
      vertex 9.42662 29.8064 8.05
    endloop
  endfacet
  facet normal -0 0 -1
    outer loop
      vertex 9.42662 29.8064 8.05
      vertex 8.45168 26.6891 8.05
      vertex 9.19319 29.8325 8.05
    endloop
  endfacet
  facet normal 0 0 -1
    outer loop
      vertex 9.19319 29.8325 8.05
      vertex 8.45168 26.6891 8.05
      vertex 8.95844 29.828 8.05
    endloop
  endfacet
  facet normal 0 0 -1
    outer loop
      vertex 8.95844 29.828 8.05
      vertex 8.45168 26.6891 8.05
      vertex 8.72632 29.7929 8.05
    endloop
  endfacet
  facet normal 0 0 -1
    outer loop
      vertex 8.72632 29.7929 8.05
      vertex 8.45168 26.6891 8.05
      vertex 8.50061 29.7277 8.05
    endloop
  endfacet
  facet normal 0 0 -1
    outer loop
      vertex 8.45168 26.6891 8.05
      vertex 8.27911 29.6309 8.05
      vertex 8.50061 29.7277 8.05
    endloop
  endfacet
  facet normal 0 0 -1
    outer loop
      vertex 8.45168 26.6891 8.05
      vertex 8.04637 29.4924 8.05
      vertex 8.27911 29.6309 8.05
    endloop
  endfacet
  facet normal 0 0 -1
    outer loop
      vertex 7.93851 26.7911 8.05
      vertex 8.04637 29.4924 8.05
      vertex 8.45168 26.6891 8.05
    endloop
  endfacet
  facet normal 0 0 -1
    outer loop
      vertex 7.41641 26.8254 8.05
      vertex 8.04637 29.4924 8.05
      vertex 7.93851 26.7911 8.05
    endloop
  endfacet
  facet normal 0 0 -1
    outer loop
      vertex 6.8943 26.7911 8.05
      vertex 8.04637 29.4924 8.05
      vertex 7.41641 26.8254 8.05
    endloop
  endfacet
  facet normal 0 0 -1
    outer loop
      vertex 6.38113 26.6891 8.05
      vertex 8.04637 29.4924 8.05
      vertex 6.8943 26.7911 8.05
    endloop
  endfacet
  facet normal 0 0 -1
    outer loop
      vertex 5.88567 26.5209 8.05
      vertex 8.04637 29.4924 8.05
      vertex 6.38113 26.6891 8.05
    endloop
  endfacet
  facet normal 0 0 -1
    outer loop
      vertex 5.41641 26.2895 8.05
      vertex 8.04637 29.4924 8.05
      vertex 5.88567 26.5209 8.05
    endloop
  endfacet
  facet normal 0 0 -1
    outer loop
      vertex 4.98136 25.9988 8.05
      vertex 8.04637 29.4924 8.05
      vertex 5.41641 26.2895 8.05
    endloop
  endfacet
  facet normal 0 0 -1
    outer loop
      vertex 4.58798 25.6538 8.05
      vertex 8.04637 29.4924 8.05
      vertex 4.98136 25.9988 8.05
    endloop
  endfacet
  facet normal -0 0 -1
    outer loop
      vertex 3.45063 22.3033 8.05
      vertex 0 19.3 8.05
      vertex 3.41641 22.8254 8.05
    endloop
  endfacet
  facet normal -0 0 -1
    outer loop
      vertex 3.41641 22.8254 8.05
      vertex 0 19.3 8.05
      vertex 3.45063 23.3475 8.05
    endloop
  endfacet
  facet normal 0 0 -1
    outer loop
      vertex -2.51916 19.1349 8.05
      vertex 3.45063 23.3475 8.05
      vertex 0 19.3 8.05
    endloop
  endfacet
  facet normal 0 0 -1
    outer loop
      vertex -5.38724 20.3826 8.05
      vertex 3.45063 23.3475 8.05
      vertex -2.51916 19.1349 8.05
    endloop
  endfacet
  facet normal -0 0 -1
    outer loop
      vertex 3.45063 23.3475 8.05
      vertex -5.38724 20.3826 8.05
      vertex 3.5527 23.8606 8.05
    endloop
  endfacet
  facet normal -0 0 -1
    outer loop
      vertex 3.5527 23.8606 8.05
      vertex -5.38724 20.3826 8.05
      vertex 3.72089 24.3561 8.05
    endloop
  endfacet
  facet normal -0 0 -1
    outer loop
      vertex 3.72089 24.3561 8.05
      vertex -5.38724 20.3826 8.05
      vertex 3.95231 24.8254 8.05
    endloop
  endfacet
  facet normal -0 0 -1
    outer loop
      vertex 3.95231 24.8254 8.05
      vertex -5.38724 20.3826 8.05
      vertex 4.24299 25.2604 8.05
    endloop
  endfacet
  facet normal -0 0 -1
    outer loop
      vertex 4.24299 25.2604 8.05
      vertex -5.38724 20.3826 8.05
      vertex 4.58798 25.6538 8.05
    endloop
  endfacet
  facet normal 0 0 -1
    outer loop
      vertex -5.38724 20.3826 8.05
      vertex -2.51916 19.1349 8.05
      vertex -4.99521 18.6424 8.05
    endloop
  endfacet
  facet normal -0 0 -1
    outer loop
      vertex 4.58798 25.6538 8.05
      vertex -5.38724 20.3826 8.05
      vertex 8.04637 29.4924 8.05
    endloop
  endfacet
  facet normal 0 0 -1
    outer loop
      vertex -4.99521 18.6424 8.05
      vertex -5.44749 20.3432 8.05
      vertex -5.38724 20.3826 8.05
    endloop
  endfacet
  facet normal 0 0 -1
    outer loop
      vertex -4.99521 18.6424 8.05
      vertex -5.55801 20.2734 8.05
      vertex -5.44749 20.3432 8.05
    endloop
  endfacet
  facet normal 0 0 -1
    outer loop
      vertex -4.99521 18.6424 8.05
      vertex -5.61955 20.2359 8.05
      vertex -5.55801 20.2734 8.05
    endloop
  endfacet
  facet normal 0 0 -1
    outer loop
      vertex -4.99521 18.6424 8.05
      vertex -5.65361 20.216 8.05
      vertex -5.61955 20.2359 8.05
    endloop
  endfacet
  facet normal 0 0 -1
    outer loop
      vertex -4.99521 18.6424 8.05
      vertex -5.78004 20.1473 8.05
      vertex -5.65361 20.216 8.05
    endloop
  endfacet
  facet normal 0 0 -1
    outer loop
      vertex -4.99521 18.6424 8.05
      vertex -6.0014 20.0362 8.05
      vertex -5.78004 20.1473 8.05
    endloop
  endfacet
  facet normal 0 0 -1
    outer loop
      vertex -4.99521 18.6424 8.05
      vertex -6.26649 19.9243 8.05
      vertex -6.0014 20.0362 8.05
    endloop
  endfacet
  facet normal 0 0 -1
    outer loop
      vertex -4.99521 18.6424 8.05
      vertex -6.47749 19.851 8.05
      vertex -6.26649 19.9243 8.05
    endloop
  endfacet
  facet normal 0 0 -1
    outer loop
      vertex -4.99521 18.6424 8.05
      vertex -6.77647 19.7703 8.05
      vertex -6.47749 19.851 8.05
    endloop
  endfacet
  facet normal 0 0 -1
    outer loop
      vertex -7.38579 17.8309 8.05
      vertex -6.77647 19.7703 8.05
      vertex -4.99521 18.6424 8.05
    endloop
  endfacet
  facet normal 0 0 -1
    outer loop
      vertex -6.77647 19.7703 8.05
      vertex -7.38579 17.8309 8.05
      vertex -7.05058 19.7167 8.05
    endloop
  endfacet
  facet normal 0 0 -1
    outer loop
      vertex -7.05058 19.7167 8.05
      vertex -7.38579 17.8309 8.05
      vertex -7.21436 19.691 8.05
    endloop
  endfacet
  facet normal 0 0 -1
    outer loop
      vertex -7.21436 19.691 8.05
      vertex -7.38579 17.8309 8.05
      vertex -7.28459 19.6827 8.05
    endloop
  endfacet
  facet normal 0 0 -1
    outer loop
      vertex -7.28459 19.6827 8.05
      vertex -7.38579 17.8309 8.05
      vertex -7.37808 19.6737 8.05
    endloop
  endfacet
  facet normal 0 0 -1
    outer loop
      vertex -7.38579 17.8309 8.05
      vertex -7.54829 19.6608 8.05
      vertex -7.37808 19.6737 8.05
    endloop
  endfacet
  facet normal 0 0 -1
    outer loop
      vertex -7.38579 17.8309 8.05
      vertex -7.64218 19.6558 8.05
      vertex -7.54829 19.6608 8.05
    endloop
  endfacet
  facet normal 0 0 -1
    outer loop
      vertex -9.65 16.7143 8.05
      vertex -7.64218 19.6558 8.05
      vertex -7.38579 17.8309 8.05
    endloop
  endfacet
  facet normal 0 0 -1
    outer loop
      vertex -19.1143 16.3576 8.05
      vertex -9.65 16.7143 8.05
      vertex -11.7491 15.3117 8.05
    endloop
  endfacet
  facet normal 0 0 -1
    outer loop
      vertex -18.3777 15.46 8.05
      vertex -11.7491 15.3117 8.05
      vertex -13.6472 13.6472 8.05
    endloop
  endfacet
  facet normal 0 0 -1
    outer loop
      vertex -19.8352 12.7331 8.05
      vertex -16.7143 9.65 8.05
      vertex -17.8309 7.38579 8.05
    endloop
  endfacet
  facet normal 0 0 -1
    outer loop
      vertex -18.2639 14.3045 8.05
      vertex -15.3117 11.7491 8.05
      vertex -16.7143 9.65 8.05
    endloop
  endfacet
  facet normal 0 0 -1
    outer loop
      vertex -18.2639 14.3045 8.05
      vertex -13.6472 13.6472 8.05
      vertex -15.3117 11.7491 8.05
    endloop
  endfacet
  facet normal 0 0 -1
    outer loop
      vertex -18.2639 15.0848 8.05
      vertex -13.6472 13.6472 8.05
      vertex -18.2254 14.6946 8.05
    endloop
  endfacet
  facet normal 0 0 -1
    outer loop
      vertex -18.3777 15.46 8.05
      vertex -13.6472 13.6472 8.05
      vertex -18.2639 15.0848 8.05
    endloop
  endfacet
  facet normal 0 0 -1
    outer loop
      vertex -11.7491 15.3117 8.05
      vertex -18.3777 15.46 8.05
      vertex -18.5625 15.8058 8.05
    endloop
  endfacet
  facet normal 0 0 -1
    outer loop
      vertex -18.8112 16.1088 8.05
      vertex -11.7491 15.3117 8.05
      vertex -18.5625 15.8058 8.05
    endloop
  endfacet
  facet normal 0 0 -1
    outer loop
      vertex -19.1143 16.3576 8.05
      vertex -11.7491 15.3117 8.05
      vertex -18.8112 16.1088 8.05
    endloop
  endfacet
  facet normal -0 0 -1
    outer loop
      vertex -9.65 16.7143 8.05
      vertex -19.1143 16.3576 8.05
      vertex -7.64218 19.6558 8.05
    endloop
  endfacet
  facet normal 0 0 -1
    outer loop
      vertex -19.4601 16.5424 8.05
      vertex -7.64218 19.6558 8.05
      vertex -19.1143 16.3576 8.05
    endloop
  endfacet
  facet normal 0 0 -1
    outer loop
      vertex -23.838 19.1306 8.05
      vertex -19.4601 16.5424 8.05
      vertex -19.8352 16.6562 8.05
    endloop
  endfacet
  facet normal 0 0 -1
    outer loop
      vertex -23.838 19.1306 8.05
      vertex -19.8352 16.6562 8.05
      vertex -20.2254 16.6946 8.05
    endloop
  endfacet
  facet normal 0 0 -1
    outer loop
      vertex -23.838 19.1306 8.05
      vertex -20.2254 16.6946 8.05
      vertex -20.6156 16.6562 8.05
    endloop
  endfacet
  facet normal 0 0 -1
    outer loop
      vertex -19.4601 16.5424 8.05
      vertex -23.838 19.1306 8.05
      vertex -7.64218 19.6558 8.05
    endloop
  endfacet
  facet normal 0 0 -1
    outer loop
      vertex -20.9908 16.5424 8.05
      vertex -23.838 19.1306 8.05
      vertex -20.6156 16.6562 8.05
    endloop
  endfacet
  facet normal 0 0 -1
    outer loop
      vertex -21.3366 16.3576 8.05
      vertex -23.838 19.1306 8.05
      vertex -20.9908 16.5424 8.05
    endloop
  endfacet
  facet normal 0 0 -1
    outer loop
      vertex -21.6396 16.1088 8.05
      vertex -23.838 19.1306 8.05
      vertex -21.3366 16.3576 8.05
    endloop
  endfacet
  facet normal 0 0 -1
    outer loop
      vertex -21.8884 15.8058 8.05
      vertex -23.838 19.1306 8.05
      vertex -21.6396 16.1088 8.05
    endloop
  endfacet
  facet normal 0 0 -1
    outer loop
      vertex -22.0732 15.46 8.05
      vertex -23.838 19.1306 8.05
      vertex -21.8884 15.8058 8.05
    endloop
  endfacet
  facet normal 0 0 -1
    outer loop
      vertex -22.187 15.0848 8.05
      vertex -23.838 19.1306 8.05
      vertex -22.0732 15.46 8.05
    endloop
  endfacet
  facet normal 0 0 -1
    outer loop
      vertex -23.838 19.1306 8.05
      vertex -22.187 15.0848 8.05
      vertex -22.2254 14.6946 8.05
    endloop
  endfacet
  facet normal 0 0 -1
    outer loop
      vertex -23.8448 -19.1303 8.05
      vertex -23.3668 -9.18003 8.05
      vertex -15.9515 -19.3863 8.05
    endloop
  endfacet
  facet normal 0 0 -1
    outer loop
      vertex -25.5606 -16.7596 8.05
      vertex -23.8448 -19.1303 8.05
      vertex -24.1146 -19.1056 8.05
    endloop
  endfacet
  facet normal 0 0 -1
    outer loop
      vertex -25.6264 -17.0594 8.05
      vertex -24.1146 -19.1056 8.05
      vertex -24.3507 -19.0537 8.05
    endloop
  endfacet
  facet normal 0 0 -1
    outer loop
      vertex -25.6264 -17.0594 8.05
      vertex -24.3507 -19.0537 8.05
      vertex -24.5716 -18.9737 8.05
    endloop
  endfacet
  facet normal 0 0 -1
    outer loop
      vertex -25.6264 -17.0594 8.05
      vertex -24.5716 -18.9737 8.05
      vertex -24.7799 -18.8658 8.05
    endloop
  endfacet
  facet normal 0 0 -1
    outer loop
      vertex -25.6264 -17.0594 8.05
      vertex -24.7799 -18.8658 8.05
      vertex -24.9727 -18.7314 8.05
    endloop
  endfacet
  facet normal 0 0 -1
    outer loop
      vertex -25.6264 -17.0594 8.05
      vertex -24.9727 -18.7314 8.05
      vertex -25.1461 -18.5731 8.05
    endloop
  endfacet
  facet normal 0 0 -1
    outer loop
      vertex -25.6264 -17.0594 8.05
      vertex -25.1461 -18.5731 8.05
      vertex -25.2974 -18.3934 8.05
    endloop
  endfacet
  facet normal 0 0 -1
    outer loop
      vertex -25.6264 -17.0594 8.05
      vertex -25.2974 -18.3934 8.05
      vertex -25.4239 -18.1957 8.05
    endloop
  endfacet
  facet normal 0 0 -1
    outer loop
      vertex -25.6264 -17.0594 8.05
      vertex -25.4239 -18.1957 8.05
      vertex -25.5236 -17.983 8.05
    endloop
  endfacet
  facet normal 0 0 -1
    outer loop
      vertex -23.8448 -19.1303 8.05
      vertex -25.5606 -16.7596 8.05
      vertex -23.3668 -9.18003 8.05
    endloop
  endfacet
  facet normal 0 0 -1
    outer loop
      vertex -25.6264 -17.0594 8.05
      vertex -25.5236 -17.983 8.05
      vertex -25.5946 -17.7591 8.05
    endloop
  endfacet
  facet normal 0 0 -1
    outer loop
      vertex -24.1146 -19.1056 8.05
      vertex -25.6264 -17.0594 8.05
      vertex -25.5606 -16.7596 8.05
    endloop
  endfacet
  facet normal 0 0 -1
    outer loop
      vertex -25.6358 -17.528 8.05
      vertex -25.6264 -17.0594 8.05
      vertex -25.5946 -17.7591 8.05
    endloop
  endfacet
  facet normal 0 0 -1
    outer loop
      vertex -25.6264 -17.0594 8.05
      vertex -25.6358 -17.528 8.05
      vertex -25.6465 -17.2934 8.05
    endloop
  endfacet
  facet normal -0.25203 0.967719 0
    outer loop
      vertex 9.67593 -29.7431 0
      vertex 9.44862 -29.8023 8.05
      vertex 9.67593 -29.7431 8.05
    endloop
  endfacet
  facet normal -0.25203 0.967719 0
    outer loop
      vertex 9.44862 -29.8023 8.05
      vertex 9.67593 -29.7431 0
      vertex 9.44862 -29.8023 0
    endloop
  endfacet
  facet normal -0.376175 0.926549 0
    outer loop
      vertex 9.89342 -29.6548 0
      vertex 9.67593 -29.7431 8.05
      vertex 9.89342 -29.6548 8.05
    endloop
  endfacet
  facet normal -0.376175 0.926549 0
    outer loop
      vertex 9.67593 -29.7431 8.05
      vertex 9.89342 -29.6548 0
      vertex 9.67593 -29.7431 0
    endloop
  endfacet
  facet normal -0.494112 0.869398 0
    outer loop
      vertex 10.0977 -29.5387 0
      vertex 9.89342 -29.6548 8.05
      vertex 10.0977 -29.5387 8.05
    endloop
  endfacet
  facet normal -0.494112 0.869398 0
    outer loop
      vertex 9.89342 -29.6548 8.05
      vertex 10.0977 -29.5387 0
      vertex 9.89342 -29.6548 0
    endloop
  endfacet
  facet normal -0.603267 0.797539 0
    outer loop
      vertex 10.2849 -29.3971 0
      vertex 10.0977 -29.5387 8.05
      vertex 10.2849 -29.3971 8.05
    endloop
  endfacet
  facet normal -0.603267 0.797539 0
    outer loop
      vertex 10.0977 -29.5387 8.05
      vertex 10.2849 -29.3971 0
      vertex 10.0977 -29.5387 0
    endloop
  endfacet
  facet normal -0.702409 0.711774 0
    outer loop
      vertex 10.4521 -29.2321 0
      vertex 10.2849 -29.3971 8.05
      vertex 10.4521 -29.2321 8.05
    endloop
  endfacet
  facet normal -0.702409 0.711774 0
    outer loop
      vertex 10.2849 -29.3971 8.05
      vertex 10.4521 -29.2321 0
      vertex 10.2849 -29.3971 0
    endloop
  endfacet
  facet normal -0.788985 0.614412 0
    outer loop
      vertex 10.4521 -29.2321 0
      vertex 10.5964 -29.0468 8.05
      vertex 10.5964 -29.0468 0
    endloop
  endfacet
  facet normal -0.788985 0.614412 0
    outer loop
      vertex 10.5964 -29.0468 8.05
      vertex 10.4521 -29.2321 0
      vertex 10.4521 -29.2321 8.05
    endloop
  endfacet
  facet normal -0.862742 0.505645 0
    outer loop
      vertex 10.5964 -29.0468 0
      vertex 10.7186 -28.8383 8.05
      vertex 10.7186 -28.8383 0
    endloop
  endfacet
  facet normal -0.862742 0.505645 0
    outer loop
      vertex 10.7186 -28.8383 8.05
      vertex 10.5964 -29.0468 0
      vertex 10.5964 -29.0468 8.05
    endloop
  endfacet
  facet normal -0.91882 0.394676 0
    outer loop
      vertex 10.7186 -28.8383 0
      vertex 10.8256 -28.5892 8.05
      vertex 10.8256 -28.5892 0
    endloop
  endfacet
  facet normal -0.91882 0.394676 0
    outer loop
      vertex 10.8256 -28.5892 8.05
      vertex 10.7186 -28.8383 0
      vertex 10.7186 -28.8383 8.05
    endloop
  endfacet
  facet normal -0.940541 0.339681 0
    outer loop
      vertex 10.8256 -28.5892 0
      vertex 16.339 -13.3232 8.05
      vertex 16.339 -13.3232 0
    endloop
  endfacet
  facet normal -0.940541 0.339681 0
    outer loop
      vertex 16.339 -13.3232 8.05
      vertex 10.8256 -28.5892 0
      vertex 10.8256 -28.5892 8.05
    endloop
  endfacet
  facet normal -0.934774 0.355242 0
    outer loop
      vertex 16.339 -13.3232 0
      vertex 16.3645 -13.2561 8.05
      vertex 16.3645 -13.2561 0
    endloop
  endfacet
  facet normal -0.934774 0.355242 0
    outer loop
      vertex 16.3645 -13.2561 8.05
      vertex 16.339 -13.3232 0
      vertex 16.339 -13.3232 8.05
    endloop
  endfacet
  facet normal -0.929057 0.369938 0
    outer loop
      vertex 16.3645 -13.2561 0
      vertex 16.4128 -13.1348 8.05
      vertex 16.4128 -13.1348 0
    endloop
  endfacet
  facet normal -0.929057 0.369938 0
    outer loop
      vertex 16.4128 -13.1348 8.05
      vertex 16.3645 -13.2561 0
      vertex 16.3645 -13.2561 8.05
    endloop
  endfacet
  facet normal -0.922509 0.385976 0
    outer loop
      vertex 16.4128 -13.1348 0
      vertex 16.441 -13.0674 8.05
      vertex 16.441 -13.0674 0
    endloop
  endfacet
  facet normal -0.922509 0.385976 0
    outer loop
      vertex 16.441 -13.0674 8.05
      vertex 16.4128 -13.1348 0
      vertex 16.4128 -13.1348 8.05
    endloop
  endfacet
  facet normal -0.916216 0.400685 0
    outer loop
      vertex 16.441 -13.0674 0
      vertex 16.4567 -13.0315 8.05
      vertex 16.4567 -13.0315 0
    endloop
  endfacet
  facet normal -0.916216 0.400685 0
    outer loop
      vertex 16.4567 -13.0315 8.05
      vertex 16.441 -13.0674 0
      vertex 16.441 -13.0674 8.05
    endloop
  endfacet
  facet normal -0.902524 0.430639 0
    outer loop
      vertex 16.4567 -13.0315 0
      vertex 16.5183 -12.9024 8.05
      vertex 16.5183 -12.9024 0
    endloop
  endfacet
  facet normal -0.902524 0.430639 0
    outer loop
      vertex 16.5183 -12.9024 8.05
      vertex 16.4567 -13.0315 0
      vertex 16.4567 -13.0315 8.05
    endloop
  endfacet
  facet normal -0.888218 0.459423 0
    outer loop
      vertex 16.5183 -12.9024 0
      vertex 16.6323 -12.682 8.05
      vertex 16.6323 -12.682 0
    endloop
  endfacet
  facet normal -0.888218 0.459423 0
    outer loop
      vertex 16.6323 -12.682 8.05
      vertex 16.5183 -12.9024 0
      vertex 16.5183 -12.9024 8.05
    endloop
  endfacet
  facet normal -0.856172 0.516691 0
    outer loop
      vertex 16.6323 -12.682 0
      vertex 16.781 -12.4356 8.05
      vertex 16.781 -12.4356 0
    endloop
  endfacet
  facet normal -0.856172 0.516691 0
    outer loop
      vertex 16.781 -12.4356 8.05
      vertex 16.6323 -12.682 0
      vertex 16.6323 -12.682 8.05
    endloop
  endfacet
  facet normal -0.82064 0.571445 0
    outer loop
      vertex 16.781 -12.4356 0
      vertex 16.9085 -12.2525 8.05
      vertex 16.9085 -12.2525 0
    endloop
  endfacet
  facet normal -0.82064 0.571445 0
    outer loop
      vertex 16.9085 -12.2525 8.05
      vertex 16.781 -12.4356 0
      vertex 16.781 -12.4356 8.05
    endloop
  endfacet
  facet normal -0.778184 0.628036 0
    outer loop
      vertex 16.9085 -12.2525 0
      vertex 17.103 -12.0115 8.05
      vertex 17.103 -12.0115 0
    endloop
  endfacet
  facet normal -0.778184 0.628036 0
    outer loop
      vertex 17.103 -12.0115 8.05
      vertex 16.9085 -12.2525 0
      vertex 16.9085 -12.2525 8.05
    endloop
  endfacet
  facet normal -0.732232 0.681055 0
    outer loop
      vertex 17.103 -12.0115 0
      vertex 17.2933 -11.8069 8.05
      vertex 17.2933 -11.8069 0
    endloop
  endfacet
  facet normal -0.732232 0.681055 0
    outer loop
      vertex 17.2933 -11.8069 8.05
      vertex 17.103 -12.0115 0
      vertex 17.103 -12.0115 8.05
    endloop
  endfacet
  facet normal -0.705901 0.70831 0
    outer loop
      vertex 17.4109 -11.6897 0
      vertex 17.2933 -11.8069 8.05
      vertex 17.4109 -11.6897 8.05
    endloop
  endfacet
  facet normal -0.705901 0.70831 0
    outer loop
      vertex 17.2933 -11.8069 8.05
      vertex 17.4109 -11.6897 0
      vertex 17.2933 -11.8069 0
    endloop
  endfacet
  facet normal -0.679634 0.733551 0
    outer loop
      vertex 17.4626 -11.6418 0
      vertex 17.4109 -11.6897 8.05
      vertex 17.4626 -11.6418 8.05
    endloop
  endfacet
  facet normal -0.679634 0.733551 0
    outer loop
      vertex 17.4109 -11.6897 8.05
      vertex 17.4626 -11.6418 0
      vertex 17.4109 -11.6897 0
    endloop
  endfacet
  facet normal -0.662574 0.748997 0
    outer loop
      vertex 17.5328 -11.5797 0
      vertex 17.4626 -11.6418 8.05
      vertex 17.5328 -11.5797 8.05
    endloop
  endfacet
  facet normal -0.662574 0.748997 0
    outer loop
      vertex 17.4626 -11.6418 8.05
      vertex 17.5328 -11.5797 0
      vertex 17.4626 -11.6418 0
    endloop
  endfacet
  facet normal -0.646833 0.762632 0
    outer loop
      vertex 17.6632 -11.4691 0
      vertex 17.5328 -11.5797 8.05
      vertex 17.6632 -11.4691 8.05
    endloop
  endfacet
  facet normal -0.646833 0.762632 0
    outer loop
      vertex 17.5328 -11.5797 8.05
      vertex 17.6632 -11.4691 0
      vertex 17.5328 -11.5797 0
    endloop
  endfacet
  facet normal -0.630392 0.776277 0
    outer loop
      vertex 17.7361 -11.4099 0
      vertex 17.6632 -11.4691 8.05
      vertex 17.7361 -11.4099 8.05
    endloop
  endfacet
  facet normal -0.630392 0.776277 0
    outer loop
      vertex 17.6632 -11.4691 8.05
      vertex 17.7361 -11.4099 0
      vertex 17.6632 -11.4691 0
    endloop
  endfacet
  facet normal -0.6137 0.789539 0
    outer loop
      vertex 27.1684 -4.07827 0
      vertex 17.7361 -11.4099 8.05
      vertex 27.1684 -4.07827 8.05
    endloop
  endfacet
  facet normal -0.6137 0.789539 0
    outer loop
      vertex 17.7361 -11.4099 8.05
      vertex 27.1684 -4.07827 0
      vertex 17.7361 -11.4099 0
    endloop
  endfacet
  facet normal -0.613697 -0.789542 0
    outer loop
      vertex 17.7203 11.4221 0
      vertex 27.1684 4.07826 8.05
      vertex 17.7203 11.4221 8.05
    endloop
  endfacet
  facet normal -0.613697 -0.789542 -0
    outer loop
      vertex 27.1684 4.07826 8.05
      vertex 17.7203 11.4221 0
      vertex 27.1684 4.07826 0
    endloop
  endfacet
  facet normal -0.626722 -0.779243 0
    outer loop
      vertex 17.6641 11.4673 0
      vertex 17.7203 11.4221 8.05
      vertex 17.6641 11.4673 8.05
    endloop
  endfacet
  facet normal -0.626722 -0.779243 -0
    outer loop
      vertex 17.7203 11.4221 8.05
      vertex 17.6641 11.4673 0
      vertex 17.7203 11.4221 0
    endloop
  endfacet
  facet normal -0.639431 -0.768849 0
    outer loop
      vertex 17.5637 11.5508 0
      vertex 17.6641 11.4673 8.05
      vertex 17.5637 11.5508 8.05
    endloop
  endfacet
  facet normal -0.639431 -0.768849 -0
    outer loop
      vertex 17.6641 11.4673 8.05
      vertex 17.5637 11.5508 0
      vertex 17.6641 11.4673 0
    endloop
  endfacet
  facet normal -0.651592 -0.75857 0
    outer loop
      vertex 17.5091 11.5977 0
      vertex 17.5637 11.5508 8.05
      vertex 17.5091 11.5977 8.05
    endloop
  endfacet
  facet normal -0.651592 -0.75857 -0
    outer loop
      vertex 17.5637 11.5508 8.05
      vertex 17.5091 11.5977 0
      vertex 17.5637 11.5508 0
    endloop
  endfacet
  facet normal -0.66389 -0.74783 0
    outer loop
      vertex 17.4797 11.6238 0
      vertex 17.5091 11.5977 8.05
      vertex 17.4797 11.6238 8.05
    endloop
  endfacet
  facet normal -0.66389 -0.74783 -0
    outer loop
      vertex 17.5091 11.5977 8.05
      vertex 17.4797 11.6238 0
      vertex 17.5091 11.5977 0
    endloop
  endfacet
  facet normal -0.688092 -0.725624 0
    outer loop
      vertex 17.3753 11.7228 0
      vertex 17.4797 11.6238 8.05
      vertex 17.3753 11.7228 8.05
    endloop
  endfacet
  facet normal -0.688092 -0.725624 -0
    outer loop
      vertex 17.4797 11.6238 8.05
      vertex 17.3753 11.7228 0
      vertex 17.4797 11.6238 0
    endloop
  endfacet
  facet normal -0.711527 -0.702658 0
    outer loop
      vertex 17.3753 11.7228 0
      vertex 17.201 11.8993 8.05
      vertex 17.201 11.8993 0
    endloop
  endfacet
  facet normal -0.711527 -0.702658 0
    outer loop
      vertex 17.201 11.8993 8.05
      vertex 17.3753 11.7228 0
      vertex 17.3753 11.7228 8.05
    endloop
  endfacet
  facet normal -0.755838 -0.654759 0
    outer loop
      vertex 17.201 11.8993 0
      vertex 17.0125 12.1169 8.05
      vertex 17.0125 12.1169 0
    endloop
  endfacet
  facet normal -0.755838 -0.654759 0
    outer loop
      vertex 17.0125 12.1169 8.05
      vertex 17.201 11.8993 0
      vertex 17.201 11.8993 8.05
    endloop
  endfacet
  facet normal -0.797301 -0.603581 0
    outer loop
      vertex 17.0125 12.1169 0
      vertex 16.8779 12.2947 8.05
      vertex 16.8779 12.2947 0
    endloop
  endfacet
  facet normal -0.797301 -0.603581 0
    outer loop
      vertex 16.8779 12.2947 8.05
      vertex 17.0125 12.1169 0
      vertex 17.0125 12.1169 8.05
    endloop
  endfacet
  facet normal -0.837623 -0.546248 0
    outer loop
      vertex 16.8779 12.2947 0
      vertex 16.7088 12.554 8.05
      vertex 16.7088 12.554 0
    endloop
  endfacet
  facet normal -0.837623 -0.546248 0
    outer loop
      vertex 16.7088 12.554 8.05
      vertex 16.8779 12.2947 0
      vertex 16.8779 12.2947 8.05
    endloop
  endfacet
  facet normal -0.873972 -0.485977 0
    outer loop
      vertex 16.7088 12.554 0
      vertex 16.5729 12.7984 8.05
      vertex 16.5729 12.7984 0
    endloop
  endfacet
  facet normal -0.873972 -0.485977 0
    outer loop
      vertex 16.5729 12.7984 8.05
      vertex 16.7088 12.554 0
      vertex 16.7088 12.554 8.05
    endloop
  endfacet
  facet normal -0.891641 -0.452744 0
    outer loop
      vertex 16.5729 12.7984 0
      vertex 16.4977 12.9465 8.05
      vertex 16.4977 12.9465 0
    endloop
  endfacet
  facet normal -0.891641 -0.452744 0
    outer loop
      vertex 16.4977 12.9465 8.05
      vertex 16.5729 12.7984 0
      vertex 16.5729 12.7984 8.05
    endloop
  endfacet
  facet normal -0.908415 -0.418069 0
    outer loop
      vertex 16.4977 12.9465 0
      vertex 16.4682 13.0106 8.05
      vertex 16.4682 13.0106 0
    endloop
  endfacet
  facet normal -0.908415 -0.418069 0
    outer loop
      vertex 16.4682 13.0106 8.05
      vertex 16.4977 12.9465 0
      vertex 16.4977 12.9465 8.05
    endloop
  endfacet
  facet normal -0.916816 -0.39931 0
    outer loop
      vertex 16.4682 13.0106 0
      vertex 16.4307 13.0967 8.05
      vertex 16.4307 13.0967 0
    endloop
  endfacet
  facet normal -0.916816 -0.39931 0
    outer loop
      vertex 16.4307 13.0967 8.05
      vertex 16.4682 13.0106 0
      vertex 16.4682 13.0106 8.05
    endloop
  endfacet
  facet normal -0.925163 -0.379569 0
    outer loop
      vertex 16.4307 13.0967 0
      vertex 16.366 13.2544 8.05
      vertex 16.366 13.2544 0
    endloop
  endfacet
  facet normal -0.925163 -0.379569 0
    outer loop
      vertex 16.366 13.2544 8.05
      vertex 16.4307 13.0967 0
      vertex 16.4307 13.0967 8.05
    endloop
  endfacet
  facet normal -0.933318 -0.35905 0
    outer loop
      vertex 16.366 13.2544 0
      vertex 16.3323 13.342 8.05
      vertex 16.3323 13.342 0
    endloop
  endfacet
  facet normal -0.933318 -0.35905 0
    outer loop
      vertex 16.3323 13.342 8.05
      vertex 16.366 13.2544 0
      vertex 16.366 13.2544 8.05
    endloop
  endfacet
  facet normal -0.940539 -0.339687 0
    outer loop
      vertex 16.3323 13.342 0
      vertex 10.8279 28.5828 8.05
      vertex 10.8279 28.5828 0
    endloop
  endfacet
  facet normal -0.940539 -0.339687 0
    outer loop
      vertex 10.8279 28.5828 8.05
      vertex 16.3323 13.342 0
      vertex 16.3323 13.342 8.05
    endloop
  endfacet
  facet normal -0.916411 -0.400238 0
    outer loop
      vertex 10.8279 28.5828 0
      vertex 10.705 28.8642 8.05
      vertex 10.705 28.8642 0
    endloop
  endfacet
  facet normal -0.916411 -0.400238 0
    outer loop
      vertex 10.705 28.8642 8.05
      vertex 10.8279 28.5828 0
      vertex 10.8279 28.5828 8.05
    endloop
  endfacet
  facet normal -0.8561 -0.51681 0
    outer loop
      vertex 10.705 28.8642 0
      vertex 10.5836 29.0653 8.05
      vertex 10.5836 29.0653 0
    endloop
  endfacet
  facet normal -0.8561 -0.51681 0
    outer loop
      vertex 10.5836 29.0653 8.05
      vertex 10.705 28.8642 0
      vertex 10.705 28.8642 8.05
    endloop
  endfacet
  facet normal -0.781326 -0.624123 0
    outer loop
      vertex 10.5836 29.0653 0
      vertex 10.4371 29.2487 8.05
      vertex 10.4371 29.2487 0
    endloop
  endfacet
  facet normal -0.781326 -0.624123 0
    outer loop
      vertex 10.4371 29.2487 8.05
      vertex 10.5836 29.0653 0
      vertex 10.5836 29.0653 8.05
    endloop
  endfacet
  facet normal -0.693568 -0.720391 0
    outer loop
      vertex 10.2679 29.4116 0
      vertex 10.4371 29.2487 8.05
      vertex 10.2679 29.4116 8.05
    endloop
  endfacet
  facet normal -0.693568 -0.720391 -0
    outer loop
      vertex 10.4371 29.2487 8.05
      vertex 10.2679 29.4116 0
      vertex 10.4371 29.2487 0
    endloop
  endfacet
  facet normal -0.593301 -0.804981 0
    outer loop
      vertex 10.0789 29.5509 0
      vertex 10.2679 29.4116 8.05
      vertex 10.0789 29.5509 8.05
    endloop
  endfacet
  facet normal -0.593301 -0.804981 -0
    outer loop
      vertex 10.2679 29.4116 8.05
      vertex 10.0789 29.5509 0
      vertex 10.2679 29.4116 0
    endloop
  endfacet
  facet normal -0.483111 -0.875559 0
    outer loop
      vertex 9.8732 29.6644 0
      vertex 10.0789 29.5509 8.05
      vertex 9.8732 29.6644 8.05
    endloop
  endfacet
  facet normal -0.483111 -0.875559 -0
    outer loop
      vertex 10.0789 29.5509 8.05
      vertex 9.8732 29.6644 0
      vertex 10.0789 29.5509 0
    endloop
  endfacet
  facet normal -0.364668 -0.931138 0
    outer loop
      vertex 9.65463 29.75 0
      vertex 9.8732 29.6644 8.05
      vertex 9.65463 29.75 8.05
    endloop
  endfacet
  facet normal -0.364668 -0.931138 -0
    outer loop
      vertex 9.8732 29.6644 8.05
      vertex 9.65463 29.75 0
      vertex 9.8732 29.6644 0
    endloop
  endfacet
  facet normal -0.240121 -0.970743 0
    outer loop
      vertex 9.42662 29.8064 0
      vertex 9.65463 29.75 8.05
      vertex 9.42662 29.8064 8.05
    endloop
  endfacet
  facet normal -0.240121 -0.970743 -0
    outer loop
      vertex 9.65463 29.75 8.05
      vertex 9.42662 29.8064 0
      vertex 9.65463 29.75 0
    endloop
  endfacet
  facet normal -0.111118 -0.993807 0
    outer loop
      vertex 9.19319 29.8325 0
      vertex 9.42662 29.8064 8.05
      vertex 9.19319 29.8325 8.05
    endloop
  endfacet
  facet normal -0.111118 -0.993807 -0
    outer loop
      vertex 9.42662 29.8064 8.05
      vertex 9.19319 29.8325 0
      vertex 9.42662 29.8064 0
    endloop
  endfacet
  facet normal 0.0191658 -0.999816 0
    outer loop
      vertex 8.95844 29.828 0
      vertex 9.19319 29.8325 8.05
      vertex 8.95844 29.828 8.05
    endloop
  endfacet
  facet normal 0.0191658 -0.999816 0
    outer loop
      vertex 9.19319 29.8325 8.05
      vertex 8.95844 29.828 0
      vertex 9.19319 29.8325 0
    endloop
  endfacet
  facet normal 0.149515 -0.988759 0
    outer loop
      vertex 8.72632 29.7929 0
      vertex 8.95844 29.828 8.05
      vertex 8.72632 29.7929 8.05
    endloop
  endfacet
  facet normal 0.149515 -0.988759 0
    outer loop
      vertex 8.95844 29.828 8.05
      vertex 8.72632 29.7929 0
      vertex 8.95844 29.828 0
    endloop
  endfacet
  facet normal 0.27752 -0.96072 0
    outer loop
      vertex 8.50061 29.7277 0
      vertex 8.72632 29.7929 8.05
      vertex 8.50061 29.7277 8.05
    endloop
  endfacet
  facet normal 0.27752 -0.96072 0
    outer loop
      vertex 8.72632 29.7929 8.05
      vertex 8.50061 29.7277 0
      vertex 8.72632 29.7929 0
    endloop
  endfacet
  facet normal 0.40045 -0.916319 0
    outer loop
      vertex 8.27911 29.6309 0
      vertex 8.50061 29.7277 8.05
      vertex 8.27911 29.6309 8.05
    endloop
  endfacet
  facet normal 0.40045 -0.916319 0
    outer loop
      vertex 8.50061 29.7277 8.05
      vertex 8.27911 29.6309 0
      vertex 8.50061 29.7277 0
    endloop
  endfacet
  facet normal 0.511386 -0.859351 0
    outer loop
      vertex 8.04637 29.4924 0
      vertex 8.27911 29.6309 8.05
      vertex 8.04637 29.4924 8.05
    endloop
  endfacet
  facet normal 0.511386 -0.859351 0
    outer loop
      vertex 8.27911 29.6309 8.05
      vertex 8.04637 29.4924 0
      vertex 8.27911 29.6309 0
    endloop
  endfacet
  facet normal 0.561254 -0.827644 0
    outer loop
      vertex -5.38724 20.3826 0
      vertex 8.04637 29.4924 8.05
      vertex -5.38724 20.3826 8.05
    endloop
  endfacet
  facet normal 0.561254 -0.827644 0
    outer loop
      vertex 8.04637 29.4924 8.05
      vertex -5.38724 20.3826 0
      vertex 8.04637 29.4924 0
    endloop
  endfacet
  facet normal 0.547306 -0.836933 0
    outer loop
      vertex -5.44749 20.3432 0
      vertex -5.38724 20.3826 8.05
      vertex -5.44749 20.3432 8.05
    endloop
  endfacet
  facet normal 0.547306 -0.836933 0
    outer loop
      vertex -5.38724 20.3826 8.05
      vertex -5.44749 20.3432 0
      vertex -5.38724 20.3826 0
    endloop
  endfacet
  facet normal 0.533981 -0.845496 0
    outer loop
      vertex -5.55801 20.2734 0
      vertex -5.44749 20.3432 8.05
      vertex -5.55801 20.2734 8.05
    endloop
  endfacet
  facet normal 0.533981 -0.845496 0
    outer loop
      vertex -5.44749 20.3432 8.05
      vertex -5.55801 20.2734 0
      vertex -5.44749 20.3432 0
    endloop
  endfacet
  facet normal 0.520361 -0.853947 0
    outer loop
      vertex -5.61955 20.2359 0
      vertex -5.55801 20.2734 8.05
      vertex -5.61955 20.2359 8.05
    endloop
  endfacet
  facet normal 0.520361 -0.853947 0
    outer loop
      vertex -5.55801 20.2734 8.05
      vertex -5.61955 20.2359 0
      vertex -5.55801 20.2734 0
    endloop
  endfacet
  facet normal 0.50447 -0.863429 0
    outer loop
      vertex -5.65361 20.216 0
      vertex -5.61955 20.2359 8.05
      vertex -5.65361 20.216 8.05
    endloop
  endfacet
  facet normal 0.50447 -0.863429 0
    outer loop
      vertex -5.61955 20.2359 8.05
      vertex -5.65361 20.216 0
      vertex -5.61955 20.2359 0
    endloop
  endfacet
  facet normal 0.477449 -0.878659 0
    outer loop
      vertex -5.78004 20.1473 0
      vertex -5.65361 20.216 8.05
      vertex -5.78004 20.1473 8.05
    endloop
  endfacet
  facet normal 0.477449 -0.878659 0
    outer loop
      vertex -5.65361 20.216 8.05
      vertex -5.78004 20.1473 0
      vertex -5.65361 20.216 0
    endloop
  endfacet
  facet normal 0.44857 -0.893748 0
    outer loop
      vertex -6.0014 20.0362 0
      vertex -5.78004 20.1473 8.05
      vertex -6.0014 20.0362 8.05
    endloop
  endfacet
  facet normal 0.44857 -0.893748 0
    outer loop
      vertex -5.78004 20.1473 8.05
      vertex -6.0014 20.0362 0
      vertex -5.78004 20.1473 0
    endloop
  endfacet
  facet normal 0.388893 -0.921283 0
    outer loop
      vertex -6.26649 19.9243 0
      vertex -6.0014 20.0362 8.05
      vertex -6.26649 19.9243 8.05
    endloop
  endfacet
  facet normal 0.388893 -0.921283 0
    outer loop
      vertex -6.0014 20.0362 8.05
      vertex -6.26649 19.9243 0
      vertex -6.0014 20.0362 0
    endloop
  endfacet
  facet normal 0.328156 -0.944624 0
    outer loop
      vertex -6.47749 19.851 0
      vertex -6.26649 19.9243 8.05
      vertex -6.47749 19.851 8.05
    endloop
  endfacet
  facet normal 0.328156 -0.944624 0
    outer loop
      vertex -6.26649 19.9243 8.05
      vertex -6.47749 19.851 0
      vertex -6.26649 19.9243 0
    endloop
  endfacet
  facet normal 0.260592 -0.965449 0
    outer loop
      vertex -6.77647 19.7703 0
      vertex -6.47749 19.851 8.05
      vertex -6.77647 19.7703 8.05
    endloop
  endfacet
  facet normal 0.260592 -0.965449 0
    outer loop
      vertex -6.47749 19.851 8.05
      vertex -6.77647 19.7703 0
      vertex -6.47749 19.851 0
    endloop
  endfacet
  facet normal 0.191907 -0.981413 0
    outer loop
      vertex -7.05058 19.7167 0
      vertex -6.77647 19.7703 8.05
      vertex -7.05058 19.7167 8.05
    endloop
  endfacet
  facet normal 0.191907 -0.981413 0
    outer loop
      vertex -6.77647 19.7703 8.05
      vertex -7.05058 19.7167 0
      vertex -6.77647 19.7703 0
    endloop
  endfacet
  facet normal 0.155021 -0.987911 0
    outer loop
      vertex -7.21436 19.691 0
      vertex -7.05058 19.7167 8.05
      vertex -7.21436 19.691 8.05
    endloop
  endfacet
  facet normal 0.155021 -0.987911 0
    outer loop
      vertex -7.05058 19.7167 8.05
      vertex -7.21436 19.691 0
      vertex -7.05058 19.7167 0
    endloop
  endfacet
  facet normal 0.117366 -0.993089 0
    outer loop
      vertex -7.28459 19.6827 0
      vertex -7.21436 19.691 8.05
      vertex -7.28459 19.6827 8.05
    endloop
  endfacet
  facet normal 0.117366 -0.993089 0
    outer loop
      vertex -7.21436 19.691 8.05
      vertex -7.28459 19.6827 0
      vertex -7.21436 19.691 0
    endloop
  endfacet
  facet normal 0.095824 -0.995398 0
    outer loop
      vertex -7.37808 19.6737 0
      vertex -7.28459 19.6827 8.05
      vertex -7.37808 19.6737 8.05
    endloop
  endfacet
  facet normal 0.095824 -0.995398 0
    outer loop
      vertex -7.28459 19.6827 8.05
      vertex -7.37808 19.6737 0
      vertex -7.28459 19.6827 0
    endloop
  endfacet
  facet normal 0.075572 -0.99714 0
    outer loop
      vertex -7.54829 19.6608 0
      vertex -7.37808 19.6737 8.05
      vertex -7.54829 19.6608 8.05
    endloop
  endfacet
  facet normal 0.075572 -0.99714 0
    outer loop
      vertex -7.37808 19.6737 8.05
      vertex -7.54829 19.6608 0
      vertex -7.37808 19.6737 0
    endloop
  endfacet
  facet normal 0.0531785 -0.998585 0
    outer loop
      vertex -7.64218 19.6558 0
      vertex -7.54829 19.6608 8.05
      vertex -7.64218 19.6558 8.05
    endloop
  endfacet
  facet normal 0.0531785 -0.998585 0
    outer loop
      vertex -7.54829 19.6608 8.05
      vertex -7.64218 19.6558 0
      vertex -7.54829 19.6608 0
    endloop
  endfacet
  facet normal 0.0324111 -0.999475 0
    outer loop
      vertex -23.838 19.1306 0
      vertex -7.64218 19.6558 8.05
      vertex -23.838 19.1306 8.05
    endloop
  endfacet
  facet normal 0.0324111 -0.999475 0
    outer loop
      vertex -7.64218 19.6558 8.05
      vertex -23.838 19.1306 0
      vertex -7.64218 19.6558 0
    endloop
  endfacet
  facet normal 0.0977613 -0.99521 0
    outer loop
      vertex -24.1434 19.1006 0
      vertex -23.838 19.1306 8.05
      vertex -24.1434 19.1006 8.05
    endloop
  endfacet
  facet normal 0.0977613 -0.99521 0
    outer loop
      vertex -23.838 19.1306 8.05
      vertex -24.1434 19.1006 0
      vertex -23.838 19.1306 0
    endloop
  endfacet
  facet normal 0.226974 -0.973901 0
    outer loop
      vertex -24.3721 19.0473 0
      vertex -24.1434 19.1006 8.05
      vertex -24.3721 19.0473 8.05
    endloop
  endfacet
  facet normal 0.226974 -0.973901 0
    outer loop
      vertex -24.1434 19.1006 8.05
      vertex -24.3721 19.0473 0
      vertex -24.1434 19.1006 0
    endloop
  endfacet
  facet normal 0.351869 -0.936049 0
    outer loop
      vertex -24.5921 18.9646 0
      vertex -24.3721 19.0473 8.05
      vertex -24.5921 18.9646 8.05
    endloop
  endfacet
  facet normal 0.351869 -0.936049 0
    outer loop
      vertex -24.3721 19.0473 8.05
      vertex -24.5921 18.9646 0
      vertex -24.3721 19.0473 0
    endloop
  endfacet
  facet normal 0.471097 -0.882081 0
    outer loop
      vertex -24.799 18.8541 0
      vertex -24.5921 18.9646 8.05
      vertex -24.799 18.8541 8.05
    endloop
  endfacet
  facet normal 0.471097 -0.882081 0
    outer loop
      vertex -24.5921 18.9646 8.05
      vertex -24.799 18.8541 0
      vertex -24.5921 18.9646 0
    endloop
  endfacet
  facet normal 0.582083 -0.813129 0
    outer loop
      vertex -24.9901 18.7173 0
      vertex -24.799 18.8541 8.05
      vertex -24.9901 18.7173 8.05
    endloop
  endfacet
  facet normal 0.582083 -0.813129 0
    outer loop
      vertex -24.799 18.8541 8.05
      vertex -24.9901 18.7173 0
      vertex -24.799 18.8541 0
    endloop
  endfacet
  facet normal 0.683516 -0.729936 0
    outer loop
      vertex -25.1615 18.5568 0
      vertex -24.9901 18.7173 8.05
      vertex -25.1615 18.5568 8.05
    endloop
  endfacet
  facet normal 0.683516 -0.729936 0
    outer loop
      vertex -24.9901 18.7173 8.05
      vertex -25.1615 18.5568 0
      vertex -24.9901 18.7173 0
    endloop
  endfacet
  facet normal 0.772913 -0.634512 0
    outer loop
      vertex -25.3105 18.3753 8.05
      vertex -25.1615 18.5568 0
      vertex -25.1615 18.5568 8.05
    endloop
  endfacet
  facet normal 0.772913 -0.634512 0
    outer loop
      vertex -25.1615 18.5568 0
      vertex -25.3105 18.3753 8.05
      vertex -25.3105 18.3753 0
    endloop
  endfacet
  facet normal 0.849001 -0.528391 0
    outer loop
      vertex -25.4346 18.1759 8.05
      vertex -25.3105 18.3753 0
      vertex -25.3105 18.3753 8.05
    endloop
  endfacet
  facet normal 0.849001 -0.528391 0
    outer loop
      vertex -25.3105 18.3753 0
      vertex -25.4346 18.1759 8.05
      vertex -25.4346 18.1759 0
    endloop
  endfacet
  facet normal 0.910658 -0.413161 0
    outer loop
      vertex -25.5316 17.9621 8.05
      vertex -25.4346 18.1759 0
      vertex -25.4346 18.1759 8.05
    endloop
  endfacet
  facet normal 0.910658 -0.413161 0
    outer loop
      vertex -25.4346 18.1759 0
      vertex -25.5316 17.9621 8.05
      vertex -25.5316 17.9621 0
    endloop
  endfacet
  facet normal 0.956931 -0.290315 0
    outer loop
      vertex -25.5998 17.7373 8.05
      vertex -25.5316 17.9621 0
      vertex -25.5316 17.9621 8.05
    endloop
  endfacet
  facet normal 0.956931 -0.290315 0
    outer loop
      vertex -25.5316 17.9621 0
      vertex -25.5998 17.7373 8.05
      vertex -25.5998 17.7373 0
    endloop
  endfacet
  facet normal 0.986589 -0.163224 0
    outer loop
      vertex -25.6381 17.5058 8.05
      vertex -25.5998 17.7373 0
      vertex -25.5998 17.7373 8.05
    endloop
  endfacet
  facet normal 0.986589 -0.163224 0
    outer loop
      vertex -25.5998 17.7373 0
      vertex -25.6381 17.5058 8.05
      vertex -25.6381 17.5058 0
    endloop
  endfacet
  facet normal 0.999449 -0.0331873 0
    outer loop
      vertex -25.6459 17.2709 8.05
      vertex -25.6381 17.5058 0
      vertex -25.6381 17.5058 8.05
    endloop
  endfacet
  facet normal 0.999449 -0.0331873 0
    outer loop
      vertex -25.6381 17.5058 0
      vertex -25.6459 17.2709 8.05
      vertex -25.6459 17.2709 0
    endloop
  endfacet
  facet normal 0.99522 0.0976598 0
    outer loop
      vertex -25.6223 17.0304 8.05
      vertex -25.6459 17.2709 0
      vertex -25.6459 17.2709 8.05
    endloop
  endfacet
  facet normal 0.99522 0.0976598 0
    outer loop
      vertex -25.6459 17.2709 0
      vertex -25.6223 17.0304 8.05
      vertex -25.6223 17.0304 0
    endloop
  endfacet
  facet normal 0.97531 0.220839 0
    outer loop
      vertex -25.5625 16.7663 8.05
      vertex -25.6223 17.0304 0
      vertex -25.6223 17.0304 8.05
    endloop
  endfacet
  facet normal 0.97531 0.220839 0
    outer loop
      vertex -25.6223 17.0304 0
      vertex -25.5625 16.7663 8.05
      vertex -25.5625 16.7663 0
    endloop
  endfacet
  facet normal 0.960574 0.278025 0
    outer loop
      vertex -25.5625 16.7663 8.05
      vertex -22.5187 6.25 6.55
      vertex -25.5625 16.7663 0
    endloop
  endfacet
  facet normal 0.960574 0.278026 -7.62645e-06
    outer loop
      vertex -21.0497 1.17468 8.05
      vertex -22.5187 6.25 6.55
      vertex -25.5625 16.7663 8.05
    endloop
  endfacet
  facet normal 0.960573 0.278028 0
    outer loop
      vertex -22.5187 6.25 6.55
      vertex -21.0497 1.17468 8.05
      vertex -21.0497 1.17468 6.55
    endloop
  endfacet
  facet normal 0.960574 0.278025 0
    outer loop
      vertex -25.5625 16.7663 0
      vertex -22.5187 6.25 6.55
      vertex -22.5187 6.25 0
    endloop
  endfacet
  facet normal 0.965136 0.261751 0
    outer loop
      vertex -21.0309 1.10536 8.05
      vertex -21.0497 1.17468 6.55
      vertex -21.0497 1.17468 8.05
    endloop
  endfacet
  facet normal 0.965136 0.261751 0
    outer loop
      vertex -21.0497 1.17468 6.55
      vertex -21.0309 1.10536 8.05
      vertex -21.0309 1.10536 6.55
    endloop
  endfacet
  facet normal 0.969101 0.246663 0
    outer loop
      vertex -20.9987 0.978851 8.05
      vertex -21.0309 1.10536 6.55
      vertex -21.0309 1.10536 8.05
    endloop
  endfacet
  facet normal 0.969101 0.246663 0
    outer loop
      vertex -21.0309 1.10536 6.55
      vertex -20.9987 0.978851 8.05
      vertex -20.9987 0.978851 6.55
    endloop
  endfacet
  facet normal 0.97318 0.230043 0
    outer loop
      vertex -20.982 0.908203 8.05
      vertex -20.9987 0.978851 6.55
      vertex -20.9987 0.978851 8.05
    endloop
  endfacet
  facet normal 0.97318 0.230043 0
    outer loop
      vertex -20.9987 0.978851 6.55
      vertex -20.982 0.908203 8.05
      vertex -20.982 0.908203 6.55
    endloop
  endfacet
  facet normal 0.976621 0.214968 0
    outer loop
      vertex -20.9736 0.870041 8.05
      vertex -20.982 0.908203 6.55
      vertex -20.982 0.908203 8.05
    endloop
  endfacet
  facet normal 0.976621 0.214968 0
    outer loop
      vertex -20.982 0.908203 6.55
      vertex -20.9736 0.870041 8.05
      vertex -20.9736 0.870041 6.55
    endloop
  endfacet
  facet normal 0.983215 0.182451 0
    outer loop
      vertex -20.9474 0.728851 8.05
      vertex -20.9736 0.870041 6.55
      vertex -20.9736 0.870041 8.05
    endloop
  endfacet
  facet normal 0.983215 0.182451 0
    outer loop
      vertex -20.9736 0.870041 6.55
      vertex -20.9474 0.728851 8.05
      vertex -20.9474 0.728851 6.55
    endloop
  endfacet
  facet normal 0.988629 0.150376 0
    outer loop
      vertex -20.9101 0.483627 8.05
      vertex -20.9474 0.728851 6.55
      vertex -20.9474 0.728851 8.05
    endloop
  endfacet
  facet normal 0.988629 0.150376 0
    outer loop
      vertex -20.9474 0.728851 6.55
      vertex -20.9101 0.483627 8.05
      vertex -20.9101 0.483627 6.55
    endloop
  endfacet
  facet normal 0.996366 0.0851726 0
    outer loop
      vertex -20.8856 0.197021 8.05
      vertex -20.9101 0.483627 6.55
      vertex -20.9101 0.483627 8.05
    endloop
  endfacet
  facet normal 0.996366 0.0851726 0
    outer loop
      vertex -20.9101 0.483627 6.55
      vertex -20.8856 0.197021 8.05
      vertex -20.8856 0.197021 6.55
    endloop
  endfacet
  facet normal 0.999797 0.0201567 0
    outer loop
      vertex -20.8811 -0.0261841 8.05
      vertex -20.8856 0.197021 6.55
      vertex -20.8856 0.197021 8.05
    endloop
  endfacet
  facet normal 0.999797 0.0201567 0
    outer loop
      vertex -20.8856 0.197021 6.55
      vertex -20.8811 -0.0261841 8.05
      vertex -20.8811 -0.0261841 6.55
    endloop
  endfacet
  facet normal 0.998714 -0.0507027 0
    outer loop
      vertex -20.8968 -0.335434 8.05
      vertex -20.8811 -0.0261841 6.55
      vertex -20.8811 -0.0261841 8.05
    endloop
  endfacet
  facet normal 0.998714 -0.0507027 0
    outer loop
      vertex -20.8811 -0.0261841 6.55
      vertex -20.8968 -0.335434 8.05
      vertex -20.8968 -0.335434 6.55
    endloop
  endfacet
  facet normal 0.992732 -0.120348 0
    outer loop
      vertex -20.9304 -0.612595 8.05
      vertex -20.8968 -0.335434 6.55
      vertex -20.8968 -0.335434 8.05
    endloop
  endfacet
  facet normal 0.992732 -0.120348 0
    outer loop
      vertex -20.8968 -0.335434 6.55
      vertex -20.9304 -0.612595 8.05
      vertex -20.9304 -0.612595 6.55
    endloop
  endfacet
  facet normal 0.987398 -0.158255 0
    outer loop
      vertex -20.9567 -0.776688 8.05
      vertex -20.9304 -0.612595 6.55
      vertex -20.9304 -0.612595 8.05
    endloop
  endfacet
  facet normal 0.987398 -0.158255 0
    outer loop
      vertex -20.9304 -0.612595 6.55
      vertex -20.9567 -0.776688 8.05
      vertex -20.9567 -0.776688 6.55
    endloop
  endfacet
  facet normal 0.980746 -0.195286 0
    outer loop
      vertex -20.9705 -0.845993 8.05
      vertex -20.9567 -0.776688 6.55
      vertex -20.9567 -0.776688 8.05
    endloop
  endfacet
  facet normal 0.980746 -0.195286 0
    outer loop
      vertex -20.9567 -0.776688 6.55
      vertex -20.9705 -0.845993 8.05
      vertex -20.9705 -0.845993 6.55
    endloop
  endfacet
  facet normal 0.976438 -0.215799 0
    outer loop
      vertex -20.9907 -0.937393 8.05
      vertex -20.9705 -0.845993 6.55
      vertex -20.9705 -0.845993 8.05
    endloop
  endfacet
  facet normal 0.976438 -0.215799 0
    outer loop
      vertex -20.9705 -0.845993 6.55
      vertex -20.9907 -0.937393 8.05
      vertex -20.9907 -0.937393 6.55
    endloop
  endfacet
  facet normal 0.971559 -0.236798 0
    outer loop
      vertex -21.0311 -1.10315 8.05
      vertex -20.9907 -0.937393 6.55
      vertex -20.9907 -0.937393 8.05
    endloop
  endfacet
  facet normal 0.971559 -0.236798 0
    outer loop
      vertex -20.9907 -0.937393 6.55
      vertex -21.0311 -1.10315 8.05
      vertex -21.0311 -1.10315 6.55
    endloop
  endfacet
  facet normal 0.966284 -0.257477 0
    outer loop
      vertex -21.0553 -1.19397 8.05
      vertex -21.0311 -1.10315 6.55
      vertex -21.0311 -1.10315 8.05
    endloop
  endfacet
  facet normal 0.966284 -0.257477 0
    outer loop
      vertex -21.0311 -1.10315 6.55
      vertex -21.0553 -1.19397 8.05
      vertex -21.0553 -1.19397 6.55
    endloop
  endfacet
  facet normal 0.960574 -0.278025 0
    outer loop
      vertex -23.3668 -9.18003 8.05
      vertex -25.5606 -16.7596 8.05
      vertex -23.3668 -9.18003 4.25
    endloop
  endfacet
  facet normal 0.960574 -0.278025 0
    outer loop
      vertex -21.0553 -1.19397 8.05
      vertex -22.5187 -6.25 6.55
      vertex -21.0553 -1.19397 6.55
    endloop
  endfacet
  facet normal 0.960573 -0.278027 5.60581e-06
    outer loop
      vertex -23.0532 -8.09665 8.05
      vertex -22.5187 -6.25 6.55
      vertex -21.0553 -1.19397 8.05
    endloop
  endfacet
  facet normal 0.960572 -0.278031 0
    outer loop
      vertex -23.0532 -8.09665 4.25
      vertex -22.5187 -6.25 6.55
      vertex -23.0532 -8.09665 8.05
    endloop
  endfacet
  facet normal 0.960572 -0.278031 0
    outer loop
      vertex -22.5187 -6.25 6.55
      vertex -23.0532 -8.09665 4.25
      vertex -22.5187 -6.25 0
    endloop
  endfacet
  facet normal 0.960567 -0.27805 -8.93523e-06
    outer loop
      vertex -23.3668 -9.18003 4.25
      vertex -22.5187 -6.25 0
      vertex -23.0532 -8.09665 4.25
    endloop
  endfacet
  facet normal 0.960574 -0.278025 0
    outer loop
      vertex -25.5606 -16.7596 0
      vertex -23.3668 -9.18003 4.25
      vertex -25.5606 -16.7596 8.05
    endloop
  endfacet
  facet normal 0.960573 -0.278028 7.17224e-06
    outer loop
      vertex -23.3668 -9.18003 4.25
      vertex -25.5606 -16.7596 0
      vertex -22.5187 -6.25 0
    endloop
  endfacet
  facet normal 0.976751 -0.214377 0
    outer loop
      vertex -25.6264 -17.0594 8.05
      vertex -25.5606 -16.7596 0
      vertex -25.5606 -16.7596 8.05
    endloop
  endfacet
  facet normal 0.976751 -0.214377 0
    outer loop
      vertex -25.5606 -16.7596 0
      vertex -25.6264 -17.0594 8.05
      vertex -25.6264 -17.0594 0
    endloop
  endfacet
  facet normal 0.996331 -0.0855823 0
    outer loop
      vertex -25.6465 -17.2934 8.05
      vertex -25.6264 -17.0594 0
      vertex -25.6264 -17.0594 8.05
    endloop
  endfacet
  facet normal 0.996331 -0.0855823 0
    outer loop
      vertex -25.6264 -17.0594 0
      vertex -25.6465 -17.2934 8.05
      vertex -25.6465 -17.2934 0
    endloop
  endfacet
  facet normal 0.998962 0.0455622 0
    outer loop
      vertex -25.6358 -17.528 8.05
      vertex -25.6465 -17.2934 0
      vertex -25.6465 -17.2934 8.05
    endloop
  endfacet
  facet normal 0.998962 0.0455622 0
    outer loop
      vertex -25.6465 -17.2934 0
      vertex -25.6358 -17.528 8.05
      vertex -25.6358 -17.528 0
    endloop
  endfacet
  facet normal 0.984478 0.17551 0
    outer loop
      vertex -25.5946 -17.7591 8.05
      vertex -25.6358 -17.528 0
      vertex -25.6358 -17.528 8.05
    endloop
  endfacet
  facet normal 0.984478 0.17551 0
    outer loop
      vertex -25.6358 -17.528 0
      vertex -25.5946 -17.7591 8.05
      vertex -25.5946 -17.7591 0
    endloop
  endfacet
  facet normal 0.953222 0.302272 0
    outer loop
      vertex -25.5236 -17.983 8.05
      vertex -25.5946 -17.7591 0
      vertex -25.5946 -17.7591 8.05
    endloop
  endfacet
  facet normal 0.953222 0.302272 0
    outer loop
      vertex -25.5946 -17.7591 0
      vertex -25.5236 -17.983 8.05
      vertex -25.5236 -17.983 0
    endloop
  endfacet
  facet normal 0.905464 0.424423 0
    outer loop
      vertex -25.4239 -18.1957 8.05
      vertex -25.5236 -17.983 0
      vertex -25.5236 -17.983 8.05
    endloop
  endfacet
  facet normal 0.905464 0.424423 0
    outer loop
      vertex -25.5236 -17.983 0
      vertex -25.4239 -18.1957 8.05
      vertex -25.4239 -18.1957 0
    endloop
  endfacet
  facet normal 0.842326 0.538969 0
    outer loop
      vertex -25.2974 -18.3934 8.05
      vertex -25.4239 -18.1957 0
      vertex -25.4239 -18.1957 8.05
    endloop
  endfacet
  facet normal 0.842326 0.538969 0
    outer loop
      vertex -25.4239 -18.1957 0
      vertex -25.2974 -18.3934 8.05
      vertex -25.2974 -18.3934 0
    endloop
  endfacet
  facet normal 0.764966 0.64407 0
    outer loop
      vertex -25.1461 -18.5731 8.05
      vertex -25.2974 -18.3934 0
      vertex -25.2974 -18.3934 8.05
    endloop
  endfacet
  facet normal 0.764966 0.64407 0
    outer loop
      vertex -25.2974 -18.3934 0
      vertex -25.1461 -18.5731 8.05
      vertex -25.1461 -18.5731 0
    endloop
  endfacet
  facet normal 0.674219 0.738532 -0
    outer loop
      vertex -24.9727 -18.7314 0
      vertex -25.1461 -18.5731 8.05
      vertex -24.9727 -18.7314 8.05
    endloop
  endfacet
  facet normal 0.674219 0.738532 0
    outer loop
      vertex -25.1461 -18.5731 8.05
      vertex -24.9727 -18.7314 0
      vertex -25.1461 -18.5731 0
    endloop
  endfacet
  facet normal 0.571862 0.82035 -0
    outer loop
      vertex -24.7799 -18.8658 0
      vertex -24.9727 -18.7314 8.05
      vertex -24.7799 -18.8658 8.05
    endloop
  endfacet
  facet normal 0.571862 0.82035 0
    outer loop
      vertex -24.9727 -18.7314 8.05
      vertex -24.7799 -18.8658 0
      vertex -24.9727 -18.7314 0
    endloop
  endfacet
  facet normal 0.459956 0.887942 -0
    outer loop
      vertex -24.5716 -18.9737 0
      vertex -24.7799 -18.8658 8.05
      vertex -24.5716 -18.9737 8.05
    endloop
  endfacet
  facet normal 0.459956 0.887942 0
    outer loop
      vertex -24.7799 -18.8658 8.05
      vertex -24.5716 -18.9737 0
      vertex -24.7799 -18.8658 0
    endloop
  endfacet
  facet normal 0.340512 0.94024 -0
    outer loop
      vertex -24.3507 -19.0537 0
      vertex -24.5716 -18.9737 8.05
      vertex -24.3507 -19.0537 8.05
    endloop
  endfacet
  facet normal 0.340512 0.94024 0
    outer loop
      vertex -24.5716 -18.9737 8.05
      vertex -24.3507 -19.0537 0
      vertex -24.5716 -18.9737 0
    endloop
  endfacet
  facet normal 0.214696 0.976681 -0
    outer loop
      vertex -24.1146 -19.1056 0
      vertex -24.3507 -19.0537 8.05
      vertex -24.1146 -19.1056 8.05
    endloop
  endfacet
  facet normal 0.214696 0.976681 0
    outer loop
      vertex -24.3507 -19.0537 8.05
      vertex -24.1146 -19.1056 0
      vertex -24.3507 -19.0537 0
    endloop
  endfacet
  facet normal 0.091168 0.995836 -0
    outer loop
      vertex -23.8448 -19.1303 0
      vertex -24.1146 -19.1056 8.05
      vertex -23.8448 -19.1303 8.05
    endloop
  endfacet
  facet normal 0.091168 0.995836 0
    outer loop
      vertex -24.1146 -19.1056 8.05
      vertex -23.8448 -19.1303 0
      vertex -24.1146 -19.1056 0
    endloop
  endfacet
  facet normal 0.032405 0.999475 0
    outer loop
      vertex -7.6223 -19.6564 8.05
      vertex -14.8242 -19.4229 4.25
      vertex -14.8242 -19.4229 8.05
    endloop
  endfacet
  facet normal 0.0324499 0.999473 7.61419e-05
    outer loop
      vertex -14.8242 -19.4229 4.25
      vertex -7.6223 -19.6564 0
      vertex -15.9515 -19.3863 4.25
    endloop
  endfacet
  facet normal 0.032405 0.999475 -0
    outer loop
      vertex -7.6223 -19.6564 0
      vertex -14.8242 -19.4229 4.25
      vertex -7.6223 -19.6564 8.05
    endloop
  endfacet
  facet normal 0.0324155 0.999474 -0
    outer loop
      vertex -15.9515 -19.3863 4.25
      vertex -23.8448 -19.1303 8.05
      vertex -15.9515 -19.3863 8.05
    endloop
  endfacet
  facet normal 0.0324132 0.999475 4.2746e-06
    outer loop
      vertex -23.8448 -19.1303 0
      vertex -15.9515 -19.3863 4.25
      vertex -7.6223 -19.6564 0
    endloop
  endfacet
  facet normal 0.0324155 0.999474 0
    outer loop
      vertex -15.9515 -19.3863 4.25
      vertex -23.8448 -19.1303 0
      vertex -23.8448 -19.1303 8.05
    endloop
  endfacet
  facet normal 0.0499653 0.998751 -0
    outer loop
      vertex -7.55034 -19.66 0
      vertex -7.6223 -19.6564 8.05
      vertex -7.55034 -19.66 8.05
    endloop
  endfacet
  facet normal 0.0499653 0.998751 0
    outer loop
      vertex -7.6223 -19.6564 8.05
      vertex -7.55034 -19.66 0
      vertex -7.6223 -19.6564 0
    endloop
  endfacet
  facet normal 0.0648924 0.997892 -0
    outer loop
      vertex -7.41963 -19.6685 0
      vertex -7.55034 -19.66 8.05
      vertex -7.41963 -19.6685 8.05
    endloop
  endfacet
  facet normal 0.0648924 0.997892 0
    outer loop
      vertex -7.55034 -19.66 8.05
      vertex -7.41963 -19.6685 0
      vertex -7.55034 -19.66 0
    endloop
  endfacet
  facet normal 0.080887 0.996723 -0
    outer loop
      vertex -7.34816 -19.6743 0
      vertex -7.41963 -19.6685 8.05
      vertex -7.34816 -19.6743 8.05
    endloop
  endfacet
  facet normal 0.080887 0.996723 0
    outer loop
      vertex -7.41963 -19.6685 8.05
      vertex -7.34816 -19.6743 0
      vertex -7.41963 -19.6685 0
    endloop
  endfacet
  facet normal 0.0972484 0.99526 -0
    outer loop
      vertex -7.30927 -19.6781 0
      vertex -7.34816 -19.6743 8.05
      vertex -7.30927 -19.6781 8.05
    endloop
  endfacet
  facet normal 0.0972484 0.99526 0
    outer loop
      vertex -7.34816 -19.6743 8.05
      vertex -7.30927 -19.6781 0
      vertex -7.34816 -19.6743 0
    endloop
  endfacet
  facet normal 0.130437 0.991457 -0
    outer loop
      vertex -7.16637 -19.6969 0
      vertex -7.30927 -19.6781 8.05
      vertex -7.16637 -19.6969 8.05
    endloop
  endfacet
  facet normal 0.130437 0.991457 0
    outer loop
      vertex -7.30927 -19.6781 8.05
      vertex -7.16637 -19.6969 0
      vertex -7.30927 -19.6781 0
    endloop
  endfacet
  facet normal 0.162567 0.986697 -0
    outer loop
      vertex -6.92177 -19.7372 0
      vertex -7.16637 -19.6969 8.05
      vertex -6.92177 -19.7372 8.05
    endloop
  endfacet
  facet normal 0.162567 0.986697 0
    outer loop
      vertex -7.16637 -19.6969 8.05
      vertex -6.92177 -19.7372 0
      vertex -7.16637 -19.6969 0
    endloop
  endfacet
  facet normal 0.226874 0.973924 -0
    outer loop
      vertex -6.64145 -19.8025 0
      vertex -6.92177 -19.7372 8.05
      vertex -6.64145 -19.8025 8.05
    endloop
  endfacet
  facet normal 0.226874 0.973924 0
    outer loop
      vertex -6.92177 -19.7372 8.05
      vertex -6.64145 -19.8025 0
      vertex -6.92177 -19.7372 0
    endloop
  endfacet
  facet normal 0.289672 0.957126 -0
    outer loop
      vertex -6.42767 -19.8672 0
      vertex -6.64145 -19.8025 8.05
      vertex -6.42767 -19.8672 8.05
    endloop
  endfacet
  facet normal 0.289672 0.957126 0
    outer loop
      vertex -6.64145 -19.8025 8.05
      vertex -6.42767 -19.8672 0
      vertex -6.64145 -19.8025 0
    endloop
  endfacet
  facet normal 0.356728 0.934208 -0
    outer loop
      vertex -6.13829 -19.9777 0
      vertex -6.42767 -19.8672 8.05
      vertex -6.13829 -19.9777 8.05
    endloop
  endfacet
  facet normal 0.356728 0.934208 0
    outer loop
      vertex -6.42767 -19.8672 8.05
      vertex -6.13829 -19.9777 0
      vertex -6.42767 -19.8672 0
    endloop
  endfacet
  facet normal 0.421628 0.906769 -0
    outer loop
      vertex -5.88516 -20.0954 0
      vertex -6.13829 -19.9777 8.05
      vertex -5.88516 -20.0954 8.05
    endloop
  endfacet
  facet normal 0.421628 0.906769 0
    outer loop
      vertex -6.13829 -19.9777 8.05
      vertex -5.88516 -20.0954 0
      vertex -6.13829 -19.9777 0
    endloop
  endfacet
  facet normal 0.455042 0.89047 -0
    outer loop
      vertex -5.73761 -20.1708 0
      vertex -5.88516 -20.0954 8.05
      vertex -5.73761 -20.1708 8.05
    endloop
  endfacet
  facet normal 0.455042 0.89047 0
    outer loop
      vertex -5.88516 -20.0954 8.05
      vertex -5.73761 -20.1708 0
      vertex -5.88516 -20.0954 0
    endloop
  endfacet
  facet normal 0.488337 0.872655 -0
    outer loop
      vertex -5.67578 -20.2054 0
      vertex -5.73761 -20.1708 8.05
      vertex -5.67578 -20.2054 8.05
    endloop
  endfacet
  facet normal 0.488337 0.872655 0
    outer loop
      vertex -5.73761 -20.1708 8.05
      vertex -5.67578 -20.2054 0
      vertex -5.73761 -20.1708 0
    endloop
  endfacet
  facet normal 0.507345 0.861743 -0
    outer loop
      vertex -5.59476 -20.2531 0
      vertex -5.67578 -20.2054 8.05
      vertex -5.59476 -20.2531 8.05
    endloop
  endfacet
  facet normal 0.507345 0.861743 0
    outer loop
      vertex -5.67578 -20.2054 8.05
      vertex -5.59476 -20.2531 0
      vertex -5.67578 -20.2054 0
    endloop
  endfacet
  facet normal 0.525515 0.850784 -0
    outer loop
      vertex -5.44954 -20.3428 0
      vertex -5.59476 -20.2531 8.05
      vertex -5.44954 -20.3428 8.05
    endloop
  endfacet
  facet normal 0.525515 0.850784 0
    outer loop
      vertex -5.59476 -20.2531 8.05
      vertex -5.44954 -20.3428 0
      vertex -5.59476 -20.2531 0
    endloop
  endfacet
  facet normal 0.543145 0.839639 -0
    outer loop
      vertex -5.3707 -20.3938 0
      vertex -5.44954 -20.3428 8.05
      vertex -5.3707 -20.3938 8.05
    endloop
  endfacet
  facet normal 0.543145 0.839639 0
    outer loop
      vertex -5.44954 -20.3428 8.05
      vertex -5.3707 -20.3938 0
      vertex -5.44954 -20.3428 0
    endloop
  endfacet
  facet normal 0.561254 0.827644 -0
    outer loop
      vertex 8.04065 -29.4885 0
      vertex -5.3707 -20.3938 8.05
      vertex 8.04065 -29.4885 8.05
    endloop
  endfacet
  facet normal 0.561254 0.827644 0
    outer loop
      vertex -5.3707 -20.3938 8.05
      vertex 8.04065 -29.4885 0
      vertex -5.3707 -20.3938 0
    endloop
  endfacet
  facet normal 0.505966 0.862553 -0
    outer loop
      vertex 8.3054 -29.6438 0
      vertex 8.04065 -29.4885 8.05
      vertex 8.3054 -29.6438 8.05
    endloop
  endfacet
  facet normal 0.505966 0.862553 0
    outer loop
      vertex 8.04065 -29.4885 8.05
      vertex 8.3054 -29.6438 0
      vertex 8.04065 -29.4885 0
    endloop
  endfacet
  facet normal 0.389023 0.921228 -0
    outer loop
      vertex 8.52184 -29.7352 0
      vertex 8.3054 -29.6438 8.05
      vertex 8.52184 -29.7352 8.05
    endloop
  endfacet
  facet normal 0.389023 0.921228 0
    outer loop
      vertex 8.3054 -29.6438 8.05
      vertex 8.52184 -29.7352 0
      vertex 8.3054 -29.6438 0
    endloop
  endfacet
  facet normal 0.265413 0.964135 -0
    outer loop
      vertex 8.74815 -29.7975 0
      vertex 8.52184 -29.7352 8.05
      vertex 8.74815 -29.7975 8.05
    endloop
  endfacet
  facet normal 0.265413 0.964135 0
    outer loop
      vertex 8.52184 -29.7352 8.05
      vertex 8.74815 -29.7975 0
      vertex 8.52184 -29.7352 0
    endloop
  endfacet
  facet normal 0.137522 0.990499 -0
    outer loop
      vertex 8.98079 -29.8298 0
      vertex 8.74815 -29.7975 8.05
      vertex 8.98079 -29.8298 8.05
    endloop
  endfacet
  facet normal 0.137522 0.990499 0
    outer loop
      vertex 8.74815 -29.7975 8.05
      vertex 8.98079 -29.8298 0
      vertex 8.74815 -29.7975 0
    endloop
  endfacet
  facet normal 0.00681183 0.999977 -0
    outer loop
      vertex 9.21567 -29.8314 0
      vertex 8.98079 -29.8298 8.05
      vertex 9.21567 -29.8314 8.05
    endloop
  endfacet
  facet normal 0.00681183 0.999977 0
    outer loop
      vertex 8.98079 -29.8298 8.05
      vertex 9.21567 -29.8314 0
      vertex 8.98079 -29.8298 0
    endloop
  endfacet
  facet normal -0.123956 0.992288 0
    outer loop
      vertex 9.44862 -29.8023 0
      vertex 9.21567 -29.8314 8.05
      vertex 9.44862 -29.8023 8.05
    endloop
  endfacet
  facet normal -0.123956 0.992288 0
    outer loop
      vertex 9.21567 -29.8314 8.05
      vertex 9.44862 -29.8023 0
      vertex 9.21567 -29.8314 0
    endloop
  endfacet
  facet normal -0.997861 -0.0653646 0
    outer loop
      vertex 11.4164 22.8254 8.05
      vertex 11.3822 23.3475 10.25
      vertex 11.3822 23.3475 8.05
    endloop
  endfacet
  facet normal -0.997861 -0.0653646 0
    outer loop
      vertex 11.3822 23.3475 10.25
      vertex 11.4164 22.8254 8.05
      vertex 11.4164 22.8254 10.25
    endloop
  endfacet
  facet normal 0.997859 -0.0654027 0
    outer loop
      vertex 3.41641 22.8254 10.25
      vertex 3.45063 23.3475 8.05
      vertex 3.45063 23.3475 10.25
    endloop
  endfacet
  facet normal 0.997859 -0.0654027 0
    outer loop
      vertex 3.45063 23.3475 8.05
      vertex 3.41641 22.8254 10.25
      vertex 3.41641 22.8254 8.05
    endloop
  endfacet
  facet normal 0.0655537 -0.997849 0
    outer loop
      vertex 6.8943 26.7911 8.05
      vertex 7.41641 26.8254 10.25
      vertex 6.8943 26.7911 10.25
    endloop
  endfacet
  facet normal 0.0655537 -0.997849 0
    outer loop
      vertex 7.41641 26.8254 10.25
      vertex 6.8943 26.7911 8.05
      vertex 7.41641 26.8254 8.05
    endloop
  endfacet
  facet normal 0.751852 0.659332 0
    outer loop
      vertex 4.58798 19.9969 10.25
      vertex 4.24299 20.3903 8.05
      vertex 4.24299 20.3903 10.25
    endloop
  endfacet
  facet normal 0.751852 0.659332 0
    outer loop
      vertex 4.24299 20.3903 8.05
      vertex 4.58798 19.9969 10.25
      vertex 4.58798 19.9969 8.05
    endloop
  endfacet
  facet normal -0.65939 -0.751801 0
    outer loop
      vertex 9.85145 25.9988 8.05
      vertex 10.2448 25.6538 10.25
      vertex 9.85145 25.9988 10.25
    endloop
  endfacet
  facet normal -0.65939 -0.751801 -0
    outer loop
      vertex 10.2448 25.6538 10.25
      vertex 9.85145 25.9988 8.05
      vertex 10.2448 25.6538 8.05
    endloop
  endfacet
  facet normal 0.751852 -0.659332 0
    outer loop
      vertex 4.24299 25.2604 10.25
      vertex 4.58798 25.6538 8.05
      vertex 4.58798 25.6538 10.25
    endloop
  endfacet
  facet normal 0.751852 -0.659332 0
    outer loop
      vertex 4.58798 25.6538 8.05
      vertex 4.24299 25.2604 10.25
      vertex 4.24299 25.2604 8.05
    endloop
  endfacet
  facet normal 0.442268 -0.896883 0
    outer loop
      vertex 5.41641 26.2895 8.05
      vertex 5.88567 26.5209 10.25
      vertex 5.41641 26.2895 10.25
    endloop
  endfacet
  facet normal 0.442268 -0.896883 0
    outer loop
      vertex 5.88567 26.5209 10.25
      vertex 5.41641 26.2895 8.05
      vertex 5.88567 26.5209 8.05
    endloop
  endfacet
  facet normal -0.896898 -0.442238 0
    outer loop
      vertex 11.1119 24.3561 8.05
      vertex 10.8805 24.8254 10.25
      vertex 10.8805 24.8254 8.05
    endloop
  endfacet
  facet normal -0.896898 -0.442238 0
    outer loop
      vertex 10.8805 24.8254 10.25
      vertex 11.1119 24.3561 8.05
      vertex 11.1119 24.3561 10.25
    endloop
  endfacet
  facet normal -0.980771 -0.19516 0
    outer loop
      vertex 11.3822 23.3475 8.05
      vertex 11.2801 23.8606 10.25
      vertex 11.2801 23.8606 8.05
    endloop
  endfacet
  facet normal -0.980771 -0.19516 0
    outer loop
      vertex 11.2801 23.8606 10.25
      vertex 11.3822 23.3475 8.05
      vertex 11.3822 23.3475 10.25
    endloop
  endfacet
  facet normal -0.321463 -0.946922 0
    outer loop
      vertex 8.45168 26.6891 8.05
      vertex 8.94714 26.5209 10.25
      vertex 8.45168 26.6891 10.25
    endloop
  endfacet
  facet normal -0.321463 -0.946922 -0
    outer loop
      vertex 8.94714 26.5209 10.25
      vertex 8.45168 26.6891 8.05
      vertex 8.94714 26.5209 8.05
    endloop
  endfacet
  facet normal -0.194951 -0.980813 0
    outer loop
      vertex 7.93851 26.7911 8.05
      vertex 8.45168 26.6891 10.25
      vertex 7.93851 26.7911 10.25
    endloop
  endfacet
  facet normal -0.194951 -0.980813 -0
    outer loop
      vertex 8.45168 26.6891 10.25
      vertex 7.93851 26.7911 8.05
      vertex 8.45168 26.6891 8.05
    endloop
  endfacet
  facet normal -0.555591 -0.831456 0
    outer loop
      vertex 9.41641 26.2895 8.05
      vertex 9.85145 25.9988 10.25
      vertex 9.41641 26.2895 10.25
    endloop
  endfacet
  facet normal -0.555591 -0.831456 -0
    outer loop
      vertex 9.85145 25.9988 10.25
      vertex 9.41641 26.2895 8.05
      vertex 9.85145 25.9988 8.05
    endloop
  endfacet
  facet normal 0.946936 -0.321423 0
    outer loop
      vertex 3.5527 23.8606 10.25
      vertex 3.72089 24.3561 8.05
      vertex 3.72089 24.3561 10.25
    endloop
  endfacet
  facet normal 0.946936 -0.321423 0
    outer loop
      vertex 3.72089 24.3561 8.05
      vertex 3.5527 23.8606 10.25
      vertex 3.5527 23.8606 8.05
    endloop
  endfacet
  facet normal 0.980782 -0.195105 0
    outer loop
      vertex 3.45063 23.3475 10.25
      vertex 3.5527 23.8606 8.05
      vertex 3.5527 23.8606 10.25
    endloop
  endfacet
  facet normal 0.980782 -0.195105 0
    outer loop
      vertex 3.5527 23.8606 8.05
      vertex 3.45063 23.3475 10.25
      vertex 3.45063 23.3475 8.05
    endloop
  endfacet
  facet normal 0.555582 -0.831462 0
    outer loop
      vertex 4.98136 25.9988 8.05
      vertex 5.41641 26.2895 10.25
      vertex 4.98136 25.9988 10.25
    endloop
  endfacet
  facet normal 0.555582 -0.831462 0
    outer loop
      vertex 5.41641 26.2895 10.25
      vertex 4.98136 25.9988 8.05
      vertex 5.41641 26.2895 8.05
    endloop
  endfacet
  facet normal 0.321463 -0.946922 0
    outer loop
      vertex 5.88567 26.5209 8.05
      vertex 6.38113 26.6891 10.25
      vertex 5.88567 26.5209 10.25
    endloop
  endfacet
  facet normal 0.321463 -0.946922 0
    outer loop
      vertex 6.38113 26.6891 10.25
      vertex 5.88567 26.5209 8.05
      vertex 6.38113 26.6891 8.05
    endloop
  endfacet
  facet normal -0.555459 0.831544 0
    outer loop
      vertex 9.85145 19.6519 8.05
      vertex 9.41641 19.3613 10.25
      vertex 9.85145 19.6519 10.25
    endloop
  endfacet
  facet normal -0.555459 0.831544 0
    outer loop
      vertex 9.41641 19.3613 10.25
      vertex 9.85145 19.6519 8.05
      vertex 9.41641 19.3613 8.05
    endloop
  endfacet
  facet normal -0.831491 0.555538 0
    outer loop
      vertex 10.5898 20.3903 8.05
      vertex 10.8805 20.8254 10.25
      vertex 10.8805 20.8254 8.05
    endloop
  endfacet
  facet normal -0.831491 0.555538 0
    outer loop
      vertex 10.8805 20.8254 10.25
      vertex 10.5898 20.3903 8.05
      vertex 10.5898 20.3903 10.25
    endloop
  endfacet
  facet normal -0.980779 0.195124 0
    outer loop
      vertex 11.2801 21.7901 8.05
      vertex 11.3822 22.3033 10.25
      vertex 11.3822 22.3033 8.05
    endloop
  endfacet
  facet normal -0.980779 0.195124 0
    outer loop
      vertex 11.3822 22.3033 10.25
      vertex 11.2801 21.7901 8.05
      vertex 11.2801 21.7901 10.25
    endloop
  endfacet
  facet normal 0.659362 0.751826 -0
    outer loop
      vertex 4.98136 19.6519 8.05
      vertex 4.58798 19.9969 10.25
      vertex 4.98136 19.6519 10.25
    endloop
  endfacet
  facet normal 0.659362 0.751826 0
    outer loop
      vertex 4.58798 19.9969 10.25
      vertex 4.98136 19.6519 8.05
      vertex 4.58798 19.9969 8.05
    endloop
  endfacet
  facet normal 0.896845 0.442344 0
    outer loop
      vertex 3.95231 20.8254 10.25
      vertex 3.72089 21.2946 8.05
      vertex 3.72089 21.2946 10.25
    endloop
  endfacet
  facet normal 0.896845 0.442344 0
    outer loop
      vertex 3.72089 21.2946 8.05
      vertex 3.95231 20.8254 10.25
      vertex 3.95231 20.8254 8.05
    endloop
  endfacet
  facet normal -0.94693 -0.32144 0
    outer loop
      vertex 11.2801 23.8606 8.05
      vertex 11.1119 24.3561 10.25
      vertex 11.1119 24.3561 8.05
    endloop
  endfacet
  facet normal -0.94693 -0.32144 0
    outer loop
      vertex 11.1119 24.3561 10.25
      vertex 11.2801 23.8606 8.05
      vertex 11.2801 23.8606 10.25
    endloop
  endfacet
  facet normal -0.751842 -0.659343 0
    outer loop
      vertex 10.5898 25.2604 8.05
      vertex 10.2448 25.6538 10.25
      vertex 10.2448 25.6538 8.05
    endloop
  endfacet
  facet normal -0.751842 -0.659343 0
    outer loop
      vertex 10.2448 25.6538 10.25
      vertex 10.5898 25.2604 8.05
      vertex 10.5898 25.2604 10.25
    endloop
  endfacet
  facet normal -0.831432 -0.555626 0
    outer loop
      vertex 10.8805 24.8254 8.05
      vertex 10.5898 25.2604 10.25
      vertex 10.5898 25.2604 8.05
    endloop
  endfacet
  facet normal -0.831432 -0.555626 0
    outer loop
      vertex 10.5898 25.2604 10.25
      vertex 10.8805 24.8254 8.05
      vertex 10.8805 24.8254 10.25
    endloop
  endfacet
  facet normal -0.0655549 -0.997849 0
    outer loop
      vertex 7.41641 26.8254 8.05
      vertex 7.93851 26.7911 10.25
      vertex 7.41641 26.8254 10.25
    endloop
  endfacet
  facet normal -0.0655549 -0.997849 -0
    outer loop
      vertex 7.93851 26.7911 10.25
      vertex 7.41641 26.8254 8.05
      vertex 7.93851 26.7911 8.05
    endloop
  endfacet
  facet normal -0.44226 -0.896887 0
    outer loop
      vertex 8.94714 26.5209 8.05
      vertex 9.41641 26.2895 10.25
      vertex 8.94714 26.5209 10.25
    endloop
  endfacet
  facet normal -0.44226 -0.896887 -0
    outer loop
      vertex 9.41641 26.2895 10.25
      vertex 8.94714 26.5209 8.05
      vertex 9.41641 26.2895 8.05
    endloop
  endfacet
  facet normal 0.896883 -0.442268 0
    outer loop
      vertex 3.72089 24.3561 10.25
      vertex 3.95231 24.8254 8.05
      vertex 3.95231 24.8254 10.25
    endloop
  endfacet
  facet normal 0.896883 -0.442268 0
    outer loop
      vertex 3.95231 24.8254 8.05
      vertex 3.72089 24.3561 10.25
      vertex 3.72089 24.3561 8.05
    endloop
  endfacet
  facet normal 0.83145 -0.5556 0
    outer loop
      vertex 3.95231 24.8254 10.25
      vertex 4.24299 25.2604 8.05
      vertex 4.24299 25.2604 10.25
    endloop
  endfacet
  facet normal 0.83145 -0.5556 0
    outer loop
      vertex 4.24299 25.2604 8.05
      vertex 3.95231 24.8254 10.25
      vertex 3.95231 24.8254 8.05
    endloop
  endfacet
  facet normal 0.659362 -0.751826 0
    outer loop
      vertex 4.58798 25.6538 8.05
      vertex 4.98136 25.9988 10.25
      vertex 4.58798 25.6538 10.25
    endloop
  endfacet
  facet normal 0.659362 -0.751826 0
    outer loop
      vertex 4.98136 25.9988 10.25
      vertex 4.58798 25.6538 8.05
      vertex 4.98136 25.9988 8.05
    endloop
  endfacet
  facet normal 0.194951 -0.980813 0
    outer loop
      vertex 6.38113 26.6891 8.05
      vertex 6.8943 26.7911 10.25
      vertex 6.38113 26.6891 10.25
    endloop
  endfacet
  facet normal 0.194951 -0.980813 0
    outer loop
      vertex 6.8943 26.7911 10.25
      vertex 6.38113 26.6891 8.05
      vertex 6.8943 26.7911 8.05
    endloop
  endfacet
  facet normal -0.997861 0.0653646 0
    outer loop
      vertex 11.3822 22.3033 8.05
      vertex 11.4164 22.8254 10.25
      vertex 11.4164 22.8254 8.05
    endloop
  endfacet
  facet normal -0.997861 0.0653646 0
    outer loop
      vertex 11.4164 22.8254 10.25
      vertex 11.3822 22.3033 8.05
      vertex 11.3822 22.3033 10.25
    endloop
  endfacet
  facet normal -0.0653646 0.997861 0
    outer loop
      vertex 7.93851 18.8596 8.05
      vertex 7.41641 18.8254 10.25
      vertex 7.93851 18.8596 10.25
    endloop
  endfacet
  facet normal -0.0653646 0.997861 0
    outer loop
      vertex 7.41641 18.8254 10.25
      vertex 7.93851 18.8596 8.05
      vertex 7.41641 18.8254 8.05
    endloop
  endfacet
  facet normal -0.321292 0.94698 0
    outer loop
      vertex 8.94714 19.1298 8.05
      vertex 8.45168 18.9617 10.25
      vertex 8.94714 19.1298 10.25
    endloop
  endfacet
  facet normal -0.321292 0.94698 0
    outer loop
      vertex 8.45168 18.9617 10.25
      vertex 8.94714 19.1298 8.05
      vertex 8.45168 18.9617 8.05
    endloop
  endfacet
  facet normal -0.65939 0.751801 0
    outer loop
      vertex 10.2448 19.9969 8.05
      vertex 9.85145 19.6519 10.25
      vertex 10.2448 19.9969 10.25
    endloop
  endfacet
  facet normal -0.65939 0.751801 0
    outer loop
      vertex 9.85145 19.6519 10.25
      vertex 10.2448 19.9969 8.05
      vertex 9.85145 19.6519 8.05
    endloop
  endfacet
  facet normal -0.89686 0.442314 0
    outer loop
      vertex 10.8805 20.8254 8.05
      vertex 11.1119 21.2946 10.25
      vertex 11.1119 21.2946 8.05
    endloop
  endfacet
  facet normal -0.89686 0.442314 0
    outer loop
      vertex 11.1119 21.2946 10.25
      vertex 10.8805 20.8254 8.05
      vertex 10.8805 20.8254 10.25
    endloop
  endfacet
  facet normal 0.55545 0.83155 -0
    outer loop
      vertex 5.41641 19.3613 8.05
      vertex 4.98136 19.6519 10.25
      vertex 5.41641 19.3613 10.25
    endloop
  endfacet
  facet normal 0.55545 0.83155 0
    outer loop
      vertex 4.98136 19.6519 10.25
      vertex 5.41641 19.3613 8.05
      vertex 4.98136 19.6519 8.05
    endloop
  endfacet
  facet normal 0.321292 0.94698 -0
    outer loop
      vertex 6.38113 18.9617 8.05
      vertex 5.88567 19.1298 10.25
      vertex 6.38113 18.9617 10.25
    endloop
  endfacet
  facet normal 0.321292 0.94698 0
    outer loop
      vertex 5.88567 19.1298 10.25
      vertex 6.38113 18.9617 8.05
      vertex 5.88567 19.1298 8.05
    endloop
  endfacet
  facet normal 0.0653634 0.997862 -0
    outer loop
      vertex 7.41641 18.8254 8.05
      vertex 6.8943 18.8596 10.25
      vertex 7.41641 18.8254 10.25
    endloop
  endfacet
  facet normal 0.0653634 0.997862 0
    outer loop
      vertex 6.8943 18.8596 10.25
      vertex 7.41641 18.8254 8.05
      vertex 6.8943 18.8596 8.05
    endloop
  endfacet
  facet normal 0.831509 0.555511 0
    outer loop
      vertex 4.24299 20.3903 10.25
      vertex 3.95231 20.8254 8.05
      vertex 3.95231 20.8254 10.25
    endloop
  endfacet
  facet normal 0.831509 0.555511 0
    outer loop
      vertex 3.95231 20.8254 8.05
      vertex 4.24299 20.3903 10.25
      vertex 4.24299 20.3903 8.05
    endloop
  endfacet
  facet normal 0.946936 0.321423 0
    outer loop
      vertex 3.72089 21.2946 10.25
      vertex 3.5527 21.7901 8.05
      vertex 3.5527 21.7901 10.25
    endloop
  endfacet
  facet normal 0.946936 0.321423 0
    outer loop
      vertex 3.5527 21.7901 8.05
      vertex 3.72089 21.2946 10.25
      vertex 3.72089 21.2946 8.05
    endloop
  endfacet
  facet normal 0.997859 0.0654027 0
    outer loop
      vertex 3.45063 22.3033 10.25
      vertex 3.41641 22.8254 8.05
      vertex 3.41641 22.8254 10.25
    endloop
  endfacet
  facet normal 0.997859 0.0654027 0
    outer loop
      vertex 3.41641 22.8254 8.05
      vertex 3.45063 22.3033 10.25
      vertex 3.45063 22.3033 8.05
    endloop
  endfacet
  facet normal -0.195135 0.980776 0
    outer loop
      vertex 8.45168 18.9617 8.05
      vertex 7.93851 18.8596 10.25
      vertex 8.45168 18.9617 10.25
    endloop
  endfacet
  facet normal -0.195135 0.980776 0
    outer loop
      vertex 7.93851 18.8596 10.25
      vertex 8.45168 18.9617 8.05
      vertex 7.93851 18.8596 8.05
    endloop
  endfacet
  facet normal -0.442414 0.896811 0
    outer loop
      vertex 9.41641 19.3613 8.05
      vertex 8.94714 19.1298 10.25
      vertex 9.41641 19.3613 10.25
    endloop
  endfacet
  facet normal -0.442414 0.896811 0
    outer loop
      vertex 8.94714 19.1298 10.25
      vertex 9.41641 19.3613 8.05
      vertex 8.94714 19.1298 8.05
    endloop
  endfacet
  facet normal -0.751842 0.659343 0
    outer loop
      vertex 10.2448 19.9969 8.05
      vertex 10.5898 20.3903 10.25
      vertex 10.5898 20.3903 8.05
    endloop
  endfacet
  facet normal -0.751842 0.659343 0
    outer loop
      vertex 10.5898 20.3903 10.25
      vertex 10.2448 19.9969 8.05
      vertex 10.2448 19.9969 10.25
    endloop
  endfacet
  facet normal -0.94693 0.32144 0
    outer loop
      vertex 11.1119 21.2946 8.05
      vertex 11.2801 21.7901 10.25
      vertex 11.2801 21.7901 8.05
    endloop
  endfacet
  facet normal -0.94693 0.32144 0
    outer loop
      vertex 11.2801 21.7901 10.25
      vertex 11.1119 21.2946 8.05
      vertex 11.1119 21.2946 10.25
    endloop
  endfacet
  facet normal 0.442422 0.896807 -0
    outer loop
      vertex 5.88567 19.1298 8.05
      vertex 5.41641 19.3613 10.25
      vertex 5.88567 19.1298 10.25
    endloop
  endfacet
  facet normal 0.442422 0.896807 0
    outer loop
      vertex 5.41641 19.3613 10.25
      vertex 5.88567 19.1298 8.05
      vertex 5.41641 19.3613 8.05
    endloop
  endfacet
  facet normal 0.195135 0.980776 -0
    outer loop
      vertex 6.8943 18.8596 8.05
      vertex 6.38113 18.9617 10.25
      vertex 6.8943 18.8596 10.25
    endloop
  endfacet
  facet normal 0.195135 0.980776 0
    outer loop
      vertex 6.38113 18.9617 10.25
      vertex 6.8943 18.8596 8.05
      vertex 6.38113 18.9617 8.05
    endloop
  endfacet
  facet normal 0.98079 0.195069 0
    outer loop
      vertex 3.5527 21.7901 10.25
      vertex 3.45063 22.3033 8.05
      vertex 3.45063 22.3033 10.25
    endloop
  endfacet
  facet normal 0.98079 0.195069 0
    outer loop
      vertex 3.45063 22.3033 8.05
      vertex 3.5527 21.7901 10.25
      vertex 3.5527 21.7901 8.05
    endloop
  endfacet
  facet normal -0.995168 -0.0981906 0
    outer loop
      vertex -18.2254 14.6946 8.05
      vertex -18.2639 15.0848 10.25
      vertex -18.2639 15.0848 8.05
    endloop
  endfacet
  facet normal -0.995168 -0.0981906 0
    outer loop
      vertex -18.2639 15.0848 10.25
      vertex -18.2254 14.6946 8.05
      vertex -18.2254 14.6946 10.25
    endloop
  endfacet
  facet normal 0.995193 -0.097938 0
    outer loop
      vertex -22.2254 14.6946 10.25
      vertex -22.187 15.0848 8.05
      vertex -22.187 15.0848 10.25
    endloop
  endfacet
  facet normal 0.995193 -0.097938 0
    outer loop
      vertex -22.187 15.0848 8.05
      vertex -22.2254 14.6946 10.25
      vertex -22.2254 14.6946 8.05
    endloop
  endfacet
  facet normal 0.097938 -0.995193 0
    outer loop
      vertex -20.6156 16.6562 8.05
      vertex -20.2254 16.6946 10.25
      vertex -20.6156 16.6562 10.25
    endloop
  endfacet
  facet normal 0.097938 -0.995193 0
    outer loop
      vertex -20.2254 16.6946 10.25
      vertex -20.6156 16.6562 8.05
      vertex -20.2254 16.6946 8.05
    endloop
  endfacet
  facet normal -0.0981906 0.995168 0
    outer loop
      vertex -19.8352 12.7331 8.05
      vertex -20.2254 12.6946 10.25
      vertex -19.8352 12.7331 10.25
    endloop
  endfacet
  facet normal -0.0981906 0.995168 0
    outer loop
      vertex -20.2254 12.6946 10.25
      vertex -19.8352 12.7331 8.05
      vertex -20.2254 12.6946 8.05
    endloop
  endfacet
  facet normal -0.634473 -0.772945 0
    outer loop
      vertex -19.1143 16.3576 8.05
      vertex -18.8112 16.1088 10.25
      vertex -19.1143 16.3576 10.25
    endloop
  endfacet
  facet normal -0.634473 -0.772945 -0
    outer loop
      vertex -18.8112 16.1088 10.25
      vertex -19.1143 16.3576 8.05
      vertex -18.8112 16.1088 8.05
    endloop
  endfacet
  facet normal 0.634598 -0.772842 0
    outer loop
      vertex -21.6396 16.1088 8.05
      vertex -21.3366 16.3576 10.25
      vertex -21.6396 16.1088 10.25
    endloop
  endfacet
  facet normal 0.634598 -0.772842 0
    outer loop
      vertex -21.3366 16.3576 10.25
      vertex -21.6396 16.1088 8.05
      vertex -21.3366 16.3576 8.05
    endloop
  endfacet
  facet normal 0.290248 -0.956951 0
    outer loop
      vertex -20.9908 16.5424 8.05
      vertex -20.6156 16.6562 10.25
      vertex -20.9908 16.5424 10.25
    endloop
  endfacet
  facet normal 0.290248 -0.956951 0
    outer loop
      vertex -20.6156 16.6562 10.25
      vertex -20.9908 16.5424 8.05
      vertex -20.6156 16.6562 8.05
    endloop
  endfacet
  facet normal -0.881957 -0.471329 0
    outer loop
      vertex -18.3777 15.46 8.05
      vertex -18.5625 15.8058 10.25
      vertex -18.5625 15.8058 8.05
    endloop
  endfacet
  facet normal -0.881957 -0.471329 0
    outer loop
      vertex -18.5625 15.8058 10.25
      vertex -18.3777 15.46 8.05
      vertex -18.3777 15.46 10.25
    endloop
  endfacet
  facet normal -0.956951 -0.290248 0
    outer loop
      vertex -18.2639 15.0848 8.05
      vertex -18.3777 15.46 10.25
      vertex -18.3777 15.46 8.05
    endloop
  endfacet
  facet normal -0.956951 -0.290248 0
    outer loop
      vertex -18.3777 15.46 10.25
      vertex -18.2639 15.0848 8.05
      vertex -18.2639 15.0848 10.25
    endloop
  endfacet
  facet normal -0.772968 -0.634446 0
    outer loop
      vertex -18.5625 15.8058 8.05
      vertex -18.8112 16.1088 10.25
      vertex -18.8112 16.1088 8.05
    endloop
  endfacet
  facet normal -0.772968 -0.634446 0
    outer loop
      vertex -18.8112 16.1088 10.25
      vertex -18.5625 15.8058 8.05
      vertex -18.5625 15.8058 10.25
    endloop
  endfacet
  facet normal -0.290319 -0.95693 0
    outer loop
      vertex -19.8352 16.6562 8.05
      vertex -19.4601 16.5424 10.25
      vertex -19.8352 16.6562 10.25
    endloop
  endfacet
  facet normal -0.290319 -0.95693 -0
    outer loop
      vertex -19.4601 16.5424 10.25
      vertex -19.8352 16.6562 8.05
      vertex -19.4601 16.5424 8.05
    endloop
  endfacet
  facet normal -0.097938 -0.995193 0
    outer loop
      vertex -20.2254 16.6946 8.05
      vertex -19.8352 16.6562 10.25
      vertex -20.2254 16.6946 10.25
    endloop
  endfacet
  facet normal -0.097938 -0.995193 -0
    outer loop
      vertex -19.8352 16.6562 10.25
      vertex -20.2254 16.6946 8.05
      vertex -19.8352 16.6562 8.05
    endloop
  endfacet
  facet normal -0.471329 -0.881957 0
    outer loop
      vertex -19.4601 16.5424 8.05
      vertex -19.1143 16.3576 10.25
      vertex -19.4601 16.5424 10.25
    endloop
  endfacet
  facet normal -0.471329 -0.881957 -0
    outer loop
      vertex -19.1143 16.3576 10.25
      vertex -19.4601 16.5424 8.05
      vertex -19.1143 16.3576 8.05
    endloop
  endfacet
  facet normal 0.881957 -0.471329 0
    outer loop
      vertex -22.0732 15.46 10.25
      vertex -21.8884 15.8058 8.05
      vertex -21.8884 15.8058 10.25
    endloop
  endfacet
  facet normal 0.881957 -0.471329 0
    outer loop
      vertex -21.8884 15.8058 8.05
      vertex -22.0732 15.46 10.25
      vertex -22.0732 15.46 8.05
    endloop
  endfacet
  facet normal 0.772842 -0.634598 0
    outer loop
      vertex -21.8884 15.8058 10.25
      vertex -21.6396 16.1088 8.05
      vertex -21.6396 16.1088 10.25
    endloop
  endfacet
  facet normal 0.772842 -0.634598 0
    outer loop
      vertex -21.6396 16.1088 8.05
      vertex -21.8884 15.8058 10.25
      vertex -21.8884 15.8058 8.05
    endloop
  endfacet
  facet normal 0.956951 -0.290248 0
    outer loop
      vertex -22.187 15.0848 10.25
      vertex -22.0732 15.46 8.05
      vertex -22.0732 15.46 10.25
    endloop
  endfacet
  facet normal 0.956951 -0.290248 0
    outer loop
      vertex -22.0732 15.46 8.05
      vertex -22.187 15.0848 10.25
      vertex -22.187 15.0848 8.05
    endloop
  endfacet
  facet normal 0.471329 -0.881957 0
    outer loop
      vertex -21.3366 16.3576 8.05
      vertex -20.9908 16.5424 10.25
      vertex -21.3366 16.3576 10.25
    endloop
  endfacet
  facet normal 0.471329 -0.881957 0
    outer loop
      vertex -20.9908 16.5424 10.25
      vertex -21.3366 16.3576 8.05
      vertex -20.9908 16.5424 8.05
    endloop
  endfacet
  facet normal -0.995165 0.0982155 0
    outer loop
      vertex -18.2639 14.3045 8.05
      vertex -18.2254 14.6946 10.25
      vertex -18.2254 14.6946 8.05
    endloop
  endfacet
  facet normal -0.995165 0.0982155 0
    outer loop
      vertex -18.2254 14.6946 10.25
      vertex -18.2639 14.3045 8.05
      vertex -18.2639 14.3045 10.25
    endloop
  endfacet
  facet normal -0.290319 0.95693 0
    outer loop
      vertex -19.4601 12.8469 8.05
      vertex -19.8352 12.7331 10.25
      vertex -19.4601 12.8469 10.25
    endloop
  endfacet
  facet normal -0.290319 0.95693 0
    outer loop
      vertex -19.8352 12.7331 10.25
      vertex -19.4601 12.8469 8.05
      vertex -19.8352 12.7331 8.05
    endloop
  endfacet
  facet normal -0.881957 0.471329 0
    outer loop
      vertex -18.5625 13.5835 8.05
      vertex -18.3777 13.9293 10.25
      vertex -18.3777 13.9293 8.05
    endloop
  endfacet
  facet normal -0.881957 0.471329 0
    outer loop
      vertex -18.3777 13.9293 10.25
      vertex -18.5625 13.5835 8.05
      vertex -18.5625 13.5835 10.25
    endloop
  endfacet
  facet normal -0.634321 0.77307 0
    outer loop
      vertex -18.8112 13.2804 8.05
      vertex -19.1143 13.0317 10.25
      vertex -18.8112 13.2804 10.25
    endloop
  endfacet
  facet normal -0.634321 0.77307 0
    outer loop
      vertex -19.1143 13.0317 10.25
      vertex -18.8112 13.2804 8.05
      vertex -19.1143 13.0317 8.05
    endloop
  endfacet
  facet normal -0.471329 0.881957 0
    outer loop
      vertex -19.1143 13.0317 8.05
      vertex -19.4601 12.8469 10.25
      vertex -19.1143 13.0317 10.25
    endloop
  endfacet
  facet normal -0.471329 0.881957 0
    outer loop
      vertex -19.4601 12.8469 10.25
      vertex -19.1143 13.0317 8.05
      vertex -19.4601 12.8469 8.05
    endloop
  endfacet
  facet normal -0.956951 0.290248 0
    outer loop
      vertex -18.3777 13.9293 8.05
      vertex -18.2639 14.3045 10.25
      vertex -18.2639 14.3045 8.05
    endloop
  endfacet
  facet normal -0.956951 0.290248 0
    outer loop
      vertex -18.2639 14.3045 10.25
      vertex -18.3777 13.9293 8.05
      vertex -18.3777 13.9293 10.25
    endloop
  endfacet
  facet normal 0.0981906 0.995168 -0
    outer loop
      vertex -20.2254 12.6946 8.05
      vertex -20.6156 12.7331 10.25
      vertex -20.2254 12.6946 10.25
    endloop
  endfacet
  facet normal 0.0981906 0.995168 0
    outer loop
      vertex -20.6156 12.7331 10.25
      vertex -20.2254 12.6946 8.05
      vertex -20.6156 12.7331 8.05
    endloop
  endfacet
  facet normal 0.634446 0.772968 -0
    outer loop
      vertex -21.3366 13.0317 8.05
      vertex -21.6396 13.2804 10.25
      vertex -21.3366 13.0317 10.25
    endloop
  endfacet
  facet normal 0.634446 0.772968 0
    outer loop
      vertex -21.6396 13.2804 10.25
      vertex -21.3366 13.0317 8.05
      vertex -21.6396 13.2804 8.05
    endloop
  endfacet
  facet normal 0.772945 0.634473 0
    outer loop
      vertex -21.6396 13.2804 10.25
      vertex -21.8884 13.5835 8.05
      vertex -21.8884 13.5835 10.25
    endloop
  endfacet
  facet normal 0.772945 0.634473 0
    outer loop
      vertex -21.8884 13.5835 8.05
      vertex -21.6396 13.2804 10.25
      vertex -21.6396 13.2804 8.05
    endloop
  endfacet
  facet normal 0.956951 0.290248 0
    outer loop
      vertex -22.0732 13.9293 10.25
      vertex -22.187 14.3045 8.05
      vertex -22.187 14.3045 10.25
    endloop
  endfacet
  facet normal 0.956951 0.290248 0
    outer loop
      vertex -22.187 14.3045 8.05
      vertex -22.0732 13.9293 10.25
      vertex -22.0732 13.9293 8.05
    endloop
  endfacet
  facet normal 0.99519 0.0979628 0
    outer loop
      vertex -22.187 14.3045 10.25
      vertex -22.2254 14.6946 8.05
      vertex -22.2254 14.6946 10.25
    endloop
  endfacet
  facet normal 0.99519 0.0979628 0
    outer loop
      vertex -22.2254 14.6946 8.05
      vertex -22.187 14.3045 10.25
      vertex -22.187 14.3045 8.05
    endloop
  endfacet
  facet normal -0.77307 0.634321 0
    outer loop
      vertex -18.8112 13.2804 8.05
      vertex -18.5625 13.5835 10.25
      vertex -18.5625 13.5835 8.05
    endloop
  endfacet
  facet normal -0.77307 0.634321 0
    outer loop
      vertex -18.5625 13.5835 10.25
      vertex -18.8112 13.2804 8.05
      vertex -18.8112 13.2804 10.25
    endloop
  endfacet
  facet normal 0.290248 0.956951 -0
    outer loop
      vertex -20.6156 12.7331 8.05
      vertex -20.9908 12.8469 10.25
      vertex -20.6156 12.7331 10.25
    endloop
  endfacet
  facet normal 0.290248 0.956951 0
    outer loop
      vertex -20.9908 12.8469 10.25
      vertex -20.6156 12.7331 8.05
      vertex -20.9908 12.8469 8.05
    endloop
  endfacet
  facet normal 0.471329 0.881957 -0
    outer loop
      vertex -20.9908 12.8469 8.05
      vertex -21.3366 13.0317 10.25
      vertex -20.9908 12.8469 10.25
    endloop
  endfacet
  facet normal 0.471329 0.881957 0
    outer loop
      vertex -21.3366 13.0317 10.25
      vertex -20.9908 12.8469 8.05
      vertex -21.3366 13.0317 8.05
    endloop
  endfacet
  facet normal 0.881957 0.471329 0
    outer loop
      vertex -21.8884 13.5835 10.25
      vertex -22.0732 13.9293 8.05
      vertex -22.0732 13.9293 10.25
    endloop
  endfacet
  facet normal 0.881957 0.471329 0
    outer loop
      vertex -22.0732 13.9293 8.05
      vertex -21.8884 13.5835 10.25
      vertex -21.8884 13.5835 8.05
    endloop
  endfacet
  facet normal -0.991445 -0.130527 0
    outer loop
      vertex 8.97542 -23.7764 8.05
      vertex 8.93283 -23.4529 10.25
      vertex 8.93283 -23.4529 8.05
    endloop
  endfacet
  facet normal -0.991445 -0.130527 0
    outer loop
      vertex 8.93283 -23.4529 10.25
      vertex 8.97542 -23.7764 8.05
      vertex 8.97542 -23.7764 10.25
    endloop
  endfacet
  facet normal 0.13055 -0.991442 0
    outer loop
      vertex 7.4019 -22.569 8.05
      vertex 7.72542 -22.5264 10.25
      vertex 7.4019 -22.569 10.25
    endloop
  endfacet
  facet normal 0.13055 -0.991442 0
    outer loop
      vertex 7.72542 -22.5264 10.25
      vertex 7.4019 -22.569 8.05
      vertex 7.72542 -22.5264 8.05
    endloop
  endfacet
  facet normal -0.608659 -0.793432 0
    outer loop
      vertex 8.35042 -22.6939 8.05
      vertex 8.60931 -22.8925 10.25
      vertex 8.35042 -22.6939 10.25
    endloop
  endfacet
  facet normal -0.608659 -0.793432 -0
    outer loop
      vertex 8.60931 -22.8925 10.25
      vertex 8.35042 -22.6939 8.05
      vertex 8.60931 -22.8925 8.05
    endloop
  endfacet
  facet normal 0.79337 -0.60874 0
    outer loop
      vertex 6.64289 -23.1514 10.25
      vertex 6.84154 -22.8925 8.05
      vertex 6.84154 -22.8925 10.25
    endloop
  endfacet
  facet normal 0.79337 -0.60874 0
    outer loop
      vertex 6.84154 -22.8925 8.05
      vertex 6.64289 -23.1514 10.25
      vertex 6.64289 -23.1514 8.05
    endloop
  endfacet
  facet normal 0.923896 -0.382643 0
    outer loop
      vertex 6.51802 -23.4529 10.25
      vertex 6.64289 -23.1514 8.05
      vertex 6.64289 -23.1514 10.25
    endloop
  endfacet
  facet normal 0.923896 -0.382643 0
    outer loop
      vertex 6.64289 -23.1514 8.05
      vertex 6.51802 -23.4529 10.25
      vertex 6.51802 -23.4529 8.05
    endloop
  endfacet
  facet normal 0.608673 -0.793421 0
    outer loop
      vertex 6.84154 -22.8925 8.05
      vertex 7.10042 -22.6939 10.25
      vertex 6.84154 -22.8925 10.25
    endloop
  endfacet
  facet normal 0.608673 -0.793421 0
    outer loop
      vertex 7.10042 -22.6939 10.25
      vertex 6.84154 -22.8925 8.05
      vertex 7.10042 -22.6939 8.05
    endloop
  endfacet
  facet normal -0.79337 0.60874 0
    outer loop
      vertex 8.60931 -24.6603 8.05
      vertex 8.80796 -24.4014 10.25
      vertex 8.80796 -24.4014 8.05
    endloop
  endfacet
  facet normal -0.79337 0.60874 0
    outer loop
      vertex 8.80796 -24.4014 10.25
      vertex 8.60931 -24.6603 8.05
      vertex 8.60931 -24.6603 10.25
    endloop
  endfacet
  facet normal 0.382743 0.923855 -0
    outer loop
      vertex 7.4019 -24.9838 8.05
      vertex 7.10042 -24.8589 10.25
      vertex 7.4019 -24.9838 10.25
    endloop
  endfacet
  facet normal 0.382743 0.923855 0
    outer loop
      vertex 7.10042 -24.8589 10.25
      vertex 7.4019 -24.9838 8.05
      vertex 7.10042 -24.8589 8.05
    endloop
  endfacet
  facet normal -0.79337 -0.60874 0
    outer loop
      vertex 8.80796 -23.1514 8.05
      vertex 8.60931 -22.8925 10.25
      vertex 8.60931 -22.8925 8.05
    endloop
  endfacet
  facet normal -0.79337 -0.60874 0
    outer loop
      vertex 8.60931 -22.8925 10.25
      vertex 8.80796 -23.1514 8.05
      vertex 8.80796 -23.1514 10.25
    endloop
  endfacet
  facet normal -0.923896 -0.382643 0
    outer loop
      vertex 8.93283 -23.4529 8.05
      vertex 8.80796 -23.1514 10.25
      vertex 8.80796 -23.1514 8.05
    endloop
  endfacet
  facet normal -0.923896 -0.382643 0
    outer loop
      vertex 8.80796 -23.1514 10.25
      vertex 8.93283 -23.4529 8.05
      vertex 8.93283 -23.4529 10.25
    endloop
  endfacet
  facet normal -0.130546 -0.991442 0
    outer loop
      vertex 7.72542 -22.5264 8.05
      vertex 8.04895 -22.569 10.25
      vertex 7.72542 -22.5264 10.25
    endloop
  endfacet
  facet normal -0.130546 -0.991442 -0
    outer loop
      vertex 8.04895 -22.569 10.25
      vertex 7.72542 -22.5264 8.05
      vertex 8.04895 -22.569 8.05
    endloop
  endfacet
  facet normal -0.382754 -0.92385 0
    outer loop
      vertex 8.04895 -22.569 8.05
      vertex 8.35042 -22.6939 10.25
      vertex 8.04895 -22.569 10.25
    endloop
  endfacet
  facet normal -0.382754 -0.92385 -0
    outer loop
      vertex 8.35042 -22.6939 10.25
      vertex 8.04895 -22.569 8.05
      vertex 8.35042 -22.6939 8.05
    endloop
  endfacet
  facet normal 0.991441 -0.130558 0
    outer loop
      vertex 6.47542 -23.7764 10.25
      vertex 6.51802 -23.4529 8.05
      vertex 6.51802 -23.4529 10.25
    endloop
  endfacet
  facet normal 0.991441 -0.130558 0
    outer loop
      vertex 6.51802 -23.4529 8.05
      vertex 6.47542 -23.7764 10.25
      vertex 6.47542 -23.7764 8.05
    endloop
  endfacet
  facet normal 0.382743 -0.923855 0
    outer loop
      vertex 7.10042 -22.6939 8.05
      vertex 7.4019 -22.569 10.25
      vertex 7.10042 -22.6939 10.25
    endloop
  endfacet
  facet normal 0.382743 -0.923855 0
    outer loop
      vertex 7.4019 -22.569 10.25
      vertex 7.10042 -22.6939 8.05
      vertex 7.4019 -22.569 8.05
    endloop
  endfacet
  facet normal -0.991445 0.130527 0
    outer loop
      vertex 8.93283 -24.0999 8.05
      vertex 8.97542 -23.7764 10.25
      vertex 8.97542 -23.7764 8.05
    endloop
  endfacet
  facet normal -0.991445 0.130527 0
    outer loop
      vertex 8.97542 -23.7764 10.25
      vertex 8.93283 -24.0999 8.05
      vertex 8.93283 -24.0999 10.25
    endloop
  endfacet
  facet normal -0.382754 0.92385 0
    outer loop
      vertex 8.35042 -24.8589 8.05
      vertex 8.04895 -24.9838 10.25
      vertex 8.35042 -24.8589 10.25
    endloop
  endfacet
  facet normal -0.382754 0.92385 0
    outer loop
      vertex 8.04895 -24.9838 10.25
      vertex 8.35042 -24.8589 8.05
      vertex 8.04895 -24.9838 8.05
    endloop
  endfacet
  facet normal 0.13055 0.991442 -0
    outer loop
      vertex 7.72542 -25.0264 8.05
      vertex 7.4019 -24.9838 10.25
      vertex 7.72542 -25.0264 10.25
    endloop
  endfacet
  facet normal 0.13055 0.991442 0
    outer loop
      vertex 7.4019 -24.9838 10.25
      vertex 7.72542 -25.0264 8.05
      vertex 7.4019 -24.9838 8.05
    endloop
  endfacet
  facet normal 0.608673 0.793421 -0
    outer loop
      vertex 7.10042 -24.8589 8.05
      vertex 6.84154 -24.6603 10.25
      vertex 7.10042 -24.8589 10.25
    endloop
  endfacet
  facet normal 0.608673 0.793421 0
    outer loop
      vertex 6.84154 -24.6603 10.25
      vertex 7.10042 -24.8589 8.05
      vertex 6.84154 -24.6603 8.05
    endloop
  endfacet
  facet normal 0.923896 0.382643 0
    outer loop
      vertex 6.64289 -24.4014 10.25
      vertex 6.51802 -24.0999 8.05
      vertex 6.51802 -24.0999 10.25
    endloop
  endfacet
  facet normal 0.923896 0.382643 0
    outer loop
      vertex 6.51802 -24.0999 8.05
      vertex 6.64289 -24.4014 10.25
      vertex 6.64289 -24.4014 8.05
    endloop
  endfacet
  facet normal 0.991441 0.130558 0
    outer loop
      vertex 6.51802 -24.0999 10.25
      vertex 6.47542 -23.7764 8.05
      vertex 6.47542 -23.7764 10.25
    endloop
  endfacet
  facet normal 0.991441 0.130558 0
    outer loop
      vertex 6.47542 -23.7764 8.05
      vertex 6.51802 -24.0999 10.25
      vertex 6.51802 -24.0999 8.05
    endloop
  endfacet
  facet normal -0.923896 0.382643 0
    outer loop
      vertex 8.80796 -24.4014 8.05
      vertex 8.93283 -24.0999 10.25
      vertex 8.93283 -24.0999 8.05
    endloop
  endfacet
  facet normal -0.923896 0.382643 0
    outer loop
      vertex 8.93283 -24.0999 10.25
      vertex 8.80796 -24.4014 8.05
      vertex 8.80796 -24.4014 10.25
    endloop
  endfacet
  facet normal -0.608659 0.793432 0
    outer loop
      vertex 8.60931 -24.6603 8.05
      vertex 8.35042 -24.8589 10.25
      vertex 8.60931 -24.6603 10.25
    endloop
  endfacet
  facet normal -0.608659 0.793432 0
    outer loop
      vertex 8.35042 -24.8589 10.25
      vertex 8.60931 -24.6603 8.05
      vertex 8.35042 -24.8589 8.05
    endloop
  endfacet
  facet normal -0.130546 0.991442 0
    outer loop
      vertex 8.04895 -24.9838 8.05
      vertex 7.72542 -25.0264 10.25
      vertex 8.04895 -24.9838 10.25
    endloop
  endfacet
  facet normal -0.130546 0.991442 0
    outer loop
      vertex 7.72542 -25.0264 10.25
      vertex 8.04895 -24.9838 8.05
      vertex 7.72542 -25.0264 8.05
    endloop
  endfacet
  facet normal 0.79337 0.60874 0
    outer loop
      vertex 6.84154 -24.6603 10.25
      vertex 6.64289 -24.4014 8.05
      vertex 6.64289 -24.4014 10.25
    endloop
  endfacet
  facet normal 0.79337 0.60874 0
    outer loop
      vertex 6.64289 -24.4014 8.05
      vertex 6.84154 -24.6603 10.25
      vertex 6.84154 -24.6603 8.05
    endloop
  endfacet
  facet normal 0 0 -1
    outer loop
      vertex -20.9304 -0.612595 6.55
      vertex -23.1144 -0.347244 6.55
      vertex -23.0807 -0.0700836 6.55
    endloop
  endfacet
  facet normal 0 0 -1
    outer loop
      vertex -21.0553 -1.19397 6.55
      vertex -23.1282 -0.41655 6.55
      vertex -23.1144 -0.347244 6.55
    endloop
  endfacet
  facet normal 0 0 -1
    outer loop
      vertex -21.0553 -1.19397 6.55
      vertex -23.1686 -0.582306 6.55
      vertex -23.1282 -0.41655 6.55
    endloop
  endfacet
  facet normal 0 -0 -1
    outer loop
      vertex -23.1686 -0.582306 6.55
      vertex -22.5187 -6.25 6.55
      vertex -24.809 -6.25 6.55
    endloop
  endfacet
  facet normal 0 0 -1
    outer loop
      vertex -23.0807 -0.0700836 6.55
      vertex -20.8811 -0.0261841 6.55
      vertex -20.8968 -0.335434 6.55
    endloop
  endfacet
  facet normal -0 0 -1
    outer loop
      vertex -20.8811 -0.0261841 6.55
      vertex -23.0807 -0.0700836 6.55
      vertex -20.8856 0.197021 6.55
    endloop
  endfacet
  facet normal 0 0 -1
    outer loop
      vertex -23.0807 -0.0700836 6.55
      vertex -20.8968 -0.335434 6.55
      vertex -20.9304 -0.612595 6.55
    endloop
  endfacet
  facet normal 0 0 -1
    outer loop
      vertex -23.0852 0.153122 6.55
      vertex -20.8856 0.197021 6.55
      vertex -23.0807 -0.0700836 6.55
    endloop
  endfacet
  facet normal 0 0 -1
    outer loop
      vertex -23.1144 -0.347244 6.55
      vertex -20.9304 -0.612595 6.55
      vertex -20.9567 -0.776688 6.55
    endloop
  endfacet
  facet normal 0 0 -1
    outer loop
      vertex -23.1144 -0.347244 6.55
      vertex -20.9567 -0.776688 6.55
      vertex -20.9705 -0.845993 6.55
    endloop
  endfacet
  facet normal -0 0 -1
    outer loop
      vertex -20.8856 0.197021 6.55
      vertex -23.0852 0.153122 6.55
      vertex -20.9101 0.483627 6.55
    endloop
  endfacet
  facet normal -0 0 -1
    outer loop
      vertex -20.9101 0.483627 6.55
      vertex -23.0852 0.153122 6.55
      vertex -20.9474 0.728851 6.55
    endloop
  endfacet
  facet normal 0 0 -1
    outer loop
      vertex -23.1144 -0.347244 6.55
      vertex -20.9705 -0.845993 6.55
      vertex -20.9907 -0.937393 6.55
    endloop
  endfacet
  facet normal 0 0 -1
    outer loop
      vertex -23.1224 0.398346 6.55
      vertex -20.9474 0.728851 6.55
      vertex -23.0852 0.153122 6.55
    endloop
  endfacet
  facet normal -0 0 -1
    outer loop
      vertex -20.9474 0.728851 6.55
      vertex -23.1224 0.398346 6.55
      vertex -20.9736 0.870041 6.55
    endloop
  endfacet
  facet normal 0 0 -1
    outer loop
      vertex -23.1144 -0.347244 6.55
      vertex -20.9907 -0.937393 6.55
      vertex -21.0311 -1.10315 6.55
    endloop
  endfacet
  facet normal -0 0 -1
    outer loop
      vertex -20.9736 0.870041 6.55
      vertex -23.1224 0.398346 6.55
      vertex -20.982 0.908203 6.55
    endloop
  endfacet
  facet normal 0 0 -1
    outer loop
      vertex -23.1144 -0.347244 6.55
      vertex -21.0311 -1.10315 6.55
      vertex -21.0553 -1.19397 6.55
    endloop
  endfacet
  facet normal 0 0 -1
    outer loop
      vertex -23.1308 0.436508 6.55
      vertex -20.982 0.908203 6.55
      vertex -23.1224 0.398346 6.55
    endloop
  endfacet
  facet normal 0 0 -1
    outer loop
      vertex -23.1686 -0.582306 6.55
      vertex -21.0553 -1.19397 6.55
      vertex -22.5187 -6.25 6.55
    endloop
  endfacet
  facet normal -0 0 -1
    outer loop
      vertex -20.982 0.908203 6.55
      vertex -23.1308 0.436508 6.55
      vertex -20.9987 0.978851 6.55
    endloop
  endfacet
  facet normal -0 0 -1
    outer loop
      vertex -20.9987 0.978851 6.55
      vertex -23.1308 0.436508 6.55
      vertex -21.0309 1.10536 6.55
    endloop
  endfacet
  facet normal 0 0 -1
    outer loop
      vertex -23.163 0.563019 6.55
      vertex -21.0309 1.10536 6.55
      vertex -23.1308 0.436508 6.55
    endloop
  endfacet
  facet normal -0 0 -1
    outer loop
      vertex -21.0309 1.10536 6.55
      vertex -23.163 0.563019 6.55
      vertex -21.0497 1.17468 6.55
    endloop
  endfacet
  facet normal -0 0 -1
    outer loop
      vertex -21.0497 1.17468 6.55
      vertex -23.163 0.563019 6.55
      vertex -22.5187 6.25 6.55
    endloop
  endfacet
  facet normal -0 0 -1
    outer loop
      vertex -22.5187 6.25 6.55
      vertex -23.163 0.563019 6.55
      vertex -24.809 6.25 6.55
    endloop
  endfacet
  facet normal 0 -1 0
    outer loop
      vertex -24.809 6.25 0
      vertex -22.5187 6.25 6.55
      vertex -24.809 6.25 6.55
    endloop
  endfacet
  facet normal 0 -1 -0
    outer loop
      vertex -22.5187 6.25 6.55
      vertex -24.809 6.25 0
      vertex -22.5187 6.25 0
    endloop
  endfacet
  facet normal 0 1 -0
    outer loop
      vertex -22.5187 -6.25 0
      vertex -24.809 -6.25 6.55
      vertex -22.5187 -6.25 6.55
    endloop
  endfacet
  facet normal 0 1 0
    outer loop
      vertex -24.809 -6.25 6.55
      vertex -22.5187 -6.25 0
      vertex -24.809 -6.25 0
    endloop
  endfacet
  facet normal -0.946924 0.321459 0
    outer loop
      vertex 23.5397 1.06116 0
      vertex 23.7121 1.569 8.05
      vertex 23.7121 1.569 0
    endloop
  endfacet
  facet normal -0.946924 0.321459 0
    outer loop
      vertex 23.7121 1.569 8.05
      vertex 23.5397 1.06116 0
      vertex 23.5397 1.06116 8.05
    endloop
  endfacet
  facet normal -0.321465 -0.946922 0
    outer loop
      vertex 25.931 -3.78791 0
      vertex 26.4388 -3.9603 8.05
      vertex 25.931 -3.78791 8.05
    endloop
  endfacet
  facet normal -0.321465 -0.946922 -0
    outer loop
      vertex 26.4388 -3.9603 8.05
      vertex 25.931 -3.78791 0
      vertex 26.4388 -3.9603 0
    endloop
  endfacet
  facet normal -0.321465 0.946922 0
    outer loop
      vertex 26.4388 3.9603 0
      vertex 25.931 3.78791 8.05
      vertex 26.4388 3.9603 8.05
    endloop
  endfacet
  facet normal -0.321465 0.946922 0
    outer loop
      vertex 25.931 3.78791 8.05
      vertex 26.4388 3.9603 0
      vertex 25.931 3.78791 0
    endloop
  endfacet
  facet normal -0.896875 0.442284 0
    outer loop
      vertex 23.7121 1.569 0
      vertex 23.9493 2.05 8.05
      vertex 23.9493 2.05 0
    endloop
  endfacet
  facet normal -0.896875 0.442284 0
    outer loop
      vertex 23.9493 2.05 8.05
      vertex 23.7121 1.569 0
      vertex 23.7121 1.569 8.05
    endloop
  endfacet
  facet normal -0.751761 0.659436 0
    outer loop
      vertex 24.2472 2.49592 0
      vertex 24.6009 2.89914 8.05
      vertex 24.6009 2.89914 0
    endloop
  endfacet
  facet normal -0.751761 0.659436 0
    outer loop
      vertex 24.6009 2.89914 8.05
      vertex 24.2472 2.49592 0
      vertex 24.2472 2.49592 8.05
    endloop
  endfacet
  facet normal -0.442299 0.896868 0
    outer loop
      vertex 25.931 3.78791 0
      vertex 25.45 3.5507 8.05
      vertex 25.931 3.78791 8.05
    endloop
  endfacet
  facet normal -0.442299 0.896868 0
    outer loop
      vertex 25.45 3.5507 8.05
      vertex 25.931 3.78791 0
      vertex 25.45 3.5507 0
    endloop
  endfacet
  facet normal -0.195076 0.980788 0
    outer loop
      vertex 26.9648 4.06492 0
      vertex 26.4388 3.9603 8.05
      vertex 26.9648 4.06492 8.05
    endloop
  endfacet
  facet normal -0.195076 0.980788 0
    outer loop
      vertex 26.4388 3.9603 8.05
      vertex 26.9648 4.06492 0
      vertex 26.4388 3.9603 0
    endloop
  endfacet
  facet normal -0.195076 -0.980788 0
    outer loop
      vertex 26.4388 -3.9603 0
      vertex 26.9648 -4.06492 8.05
      vertex 26.4388 -3.9603 8.05
    endloop
  endfacet
  facet normal -0.195076 -0.980788 -0
    outer loop
      vertex 26.9648 -4.06492 8.05
      vertex 26.4388 -3.9603 0
      vertex 26.9648 -4.06492 0
    endloop
  endfacet
  facet normal -0.65936 -0.751828 0
    outer loop
      vertex 24.6009 -2.89914 0
      vertex 25.0041 -3.25275 8.05
      vertex 24.6009 -2.89914 8.05
    endloop
  endfacet
  facet normal -0.65936 -0.751828 -0
    outer loop
      vertex 25.0041 -3.25275 8.05
      vertex 24.6009 -2.89914 0
      vertex 25.0041 -3.25275 0
    endloop
  endfacet
  facet normal -0.896875 -0.442284 0
    outer loop
      vertex 23.9493 -2.05 0
      vertex 23.7121 -1.569 8.05
      vertex 23.7121 -1.569 0
    endloop
  endfacet
  facet normal -0.896875 -0.442284 0
    outer loop
      vertex 23.7121 -1.569 8.05
      vertex 23.9493 -2.05 0
      vertex 23.9493 -2.05 8.05
    endloop
  endfacet
  facet normal -0.980795 -0.195039 0
    outer loop
      vertex 23.5397 -1.06116 0
      vertex 23.4351 -0.535157 8.05
      vertex 23.4351 -0.535157 0
    endloop
  endfacet
  facet normal -0.980795 -0.195039 0
    outer loop
      vertex 23.4351 -0.535157 8.05
      vertex 23.5397 -1.06116 0
      vertex 23.5397 -1.06116 8.05
    endloop
  endfacet
  facet normal -0.997856 0.0654476 0
    outer loop
      vertex 23.4 0 0
      vertex 23.4351 0.535157 8.05
      vertex 23.4351 0.535157 0
    endloop
  endfacet
  facet normal -0.997856 0.0654476 0
    outer loop
      vertex 23.4351 0.535157 8.05
      vertex 23.4 0 0
      vertex 23.4 0 8.05
    endloop
  endfacet
  facet normal -0.831516 0.5555 0
    outer loop
      vertex 23.9493 2.05 0
      vertex 24.2472 2.49592 8.05
      vertex 24.2472 2.49592 0
    endloop
  endfacet
  facet normal -0.831516 0.5555 0
    outer loop
      vertex 24.2472 2.49592 8.05
      vertex 23.9493 2.05 0
      vertex 23.9493 2.05 8.05
    endloop
  endfacet
  facet normal -0.0653804 0.99786 0
    outer loop
      vertex 27.1684 4.07826 0
      vertex 26.9648 4.06492 8.05
      vertex 27.1684 4.07826 8.05
    endloop
  endfacet
  facet normal -0.0653804 0.99786 0
    outer loop
      vertex 26.9648 4.06492 8.05
      vertex 27.1684 4.07826 0
      vertex 26.9648 4.06492 0
    endloop
  endfacet
  facet normal -0.555582 0.831462 0
    outer loop
      vertex 25.45 3.5507 0
      vertex 25.0041 3.25275 8.05
      vertex 25.45 3.5507 8.05
    endloop
  endfacet
  facet normal -0.555582 0.831462 0
    outer loop
      vertex 25.0041 3.25275 8.05
      vertex 25.45 3.5507 0
      vertex 25.0041 3.25275 0
    endloop
  endfacet
  facet normal -0.65936 0.751828 0
    outer loop
      vertex 25.0041 3.25275 0
      vertex 24.6009 2.89914 8.05
      vertex 25.0041 3.25275 8.05
    endloop
  endfacet
  facet normal -0.65936 0.751828 0
    outer loop
      vertex 24.6009 2.89914 8.05
      vertex 25.0041 3.25275 0
      vertex 24.6009 2.89914 0
    endloop
  endfacet
  facet normal -0.0654292 -0.997857 0
    outer loop
      vertex 26.9648 -4.06492 0
      vertex 27.1684 -4.07827 8.05
      vertex 26.9648 -4.06492 8.05
    endloop
  endfacet
  facet normal -0.0654292 -0.997857 -0
    outer loop
      vertex 27.1684 -4.07827 8.05
      vertex 26.9648 -4.06492 0
      vertex 27.1684 -4.07827 0
    endloop
  endfacet
  facet normal -0.442299 -0.896868 0
    outer loop
      vertex 25.45 -3.5507 0
      vertex 25.931 -3.78791 8.05
      vertex 25.45 -3.5507 8.05
    endloop
  endfacet
  facet normal -0.442299 -0.896868 -0
    outer loop
      vertex 25.931 -3.78791 8.05
      vertex 25.45 -3.5507 0
      vertex 25.931 -3.78791 0
    endloop
  endfacet
  facet normal -0.946924 -0.321459 0
    outer loop
      vertex 23.7121 -1.569 0
      vertex 23.5397 -1.06116 8.05
      vertex 23.5397 -1.06116 0
    endloop
  endfacet
  facet normal -0.946924 -0.321459 0
    outer loop
      vertex 23.5397 -1.06116 8.05
      vertex 23.7121 -1.569 0
      vertex 23.7121 -1.569 8.05
    endloop
  endfacet
  facet normal -0.997856 -0.0654476 0
    outer loop
      vertex 23.4351 -0.535157 0
      vertex 23.4 0 8.05
      vertex 23.4 0 0
    endloop
  endfacet
  facet normal -0.997856 -0.0654476 0
    outer loop
      vertex 23.4 0 8.05
      vertex 23.4351 -0.535157 0
      vertex 23.4351 -0.535157 8.05
    endloop
  endfacet
  facet normal -0.831516 -0.5555 0
    outer loop
      vertex 24.2472 -2.49592 0
      vertex 23.9493 -2.05 8.05
      vertex 23.9493 -2.05 0
    endloop
  endfacet
  facet normal -0.831516 -0.5555 0
    outer loop
      vertex 23.9493 -2.05 8.05
      vertex 24.2472 -2.49592 0
      vertex 24.2472 -2.49592 8.05
    endloop
  endfacet
  facet normal -0.751761 -0.659436 0
    outer loop
      vertex 24.6009 -2.89914 0
      vertex 24.2472 -2.49592 8.05
      vertex 24.2472 -2.49592 0
    endloop
  endfacet
  facet normal -0.751761 -0.659436 0
    outer loop
      vertex 24.2472 -2.49592 8.05
      vertex 24.6009 -2.89914 0
      vertex 24.6009 -2.89914 8.05
    endloop
  endfacet
  facet normal -0.980795 0.195039 0
    outer loop
      vertex 23.4351 0.535157 0
      vertex 23.5397 1.06116 8.05
      vertex 23.5397 1.06116 0
    endloop
  endfacet
  facet normal -0.980795 0.195039 0
    outer loop
      vertex 23.5397 1.06116 8.05
      vertex 23.4351 0.535157 0
      vertex 23.4351 0.535157 8.05
    endloop
  endfacet
  facet normal -0.555582 -0.831462 0
    outer loop
      vertex 25.0041 -3.25275 0
      vertex 25.45 -3.5507 8.05
      vertex 25.0041 -3.25275 8.05
    endloop
  endfacet
  facet normal -0.555582 -0.831462 -0
    outer loop
      vertex 25.45 -3.5507 8.05
      vertex 25.0041 -3.25275 0
      vertex 25.45 -3.5507 0
    endloop
  endfacet
  facet normal -0.659279 -0.751898 0
    outer loop
      vertex 29.0219 1.98338 0
      vertex 29.2678 1.76777 9.45
      vertex 29.0219 1.98338 9.45
    endloop
  endfacet
  facet normal -0.659279 -0.751898 -0
    outer loop
      vertex 29.2678 1.76777 9.45
      vertex 29.0219 1.98338 0
      vertex 29.2678 1.76777 0
    endloop
  endfacet
  facet normal 0.321387 -0.946948 0
    outer loop
      vertex 26.5433 2.3097 0
      vertex 26.853 2.41481 9.45
      vertex 26.5433 2.3097 9.45
    endloop
  endfacet
  facet normal 0.321387 -0.946948 0
    outer loop
      vertex 26.853 2.41481 9.45
      vertex 26.5433 2.3097 0
      vertex 26.853 2.41481 0
    endloop
  endfacet
  facet normal 0.896916 -0.442201 0
    outer loop
      vertex 25.1903 0.956708 9.45
      vertex 25.3349 1.25 0
      vertex 25.3349 1.25 9.45
    endloop
  endfacet
  facet normal 0.896916 -0.442201 0
    outer loop
      vertex 25.3349 1.25 0
      vertex 25.1903 0.956708 9.45
      vertex 25.1903 0.956708 0
    endloop
  endfacet
  facet normal 0.946945 0.321396 0
    outer loop
      vertex 25.1903 -0.956708 9.45
      vertex 25.0852 -0.647047 0
      vertex 25.0852 -0.647047 9.45
    endloop
  endfacet
  facet normal 0.946945 0.321396 0
    outer loop
      vertex 25.0852 -0.647047 0
      vertex 25.1903 -0.956708 9.45
      vertex 25.1903 -0.956708 0
    endloop
  endfacet
  facet normal -0.896916 -0.442201 0
    outer loop
      vertex 29.8097 0.956708 0
      vertex 29.6651 1.25 9.45
      vertex 29.6651 1.25 0
    endloop
  endfacet
  facet normal -0.896916 -0.442201 0
    outer loop
      vertex 29.6651 1.25 9.45
      vertex 29.8097 0.956708 0
      vertex 29.8097 0.956708 9.45
    endloop
  endfacet
  facet normal -0.980784 -0.195097 0
    outer loop
      vertex 29.9786 0.326315 0
      vertex 29.9148 0.647047 9.45
      vertex 29.9148 0.647047 0
    endloop
  endfacet
  facet normal -0.980784 -0.195097 0
    outer loop
      vertex 29.9148 0.647047 9.45
      vertex 29.9786 0.326315 0
      vertex 29.9786 0.326315 9.45
    endloop
  endfacet
  facet normal -0.831438 -0.555617 0
    outer loop
      vertex 29.6651 1.25 0
      vertex 29.4834 1.5219 9.45
      vertex 29.4834 1.5219 0
    endloop
  endfacet
  facet normal -0.831438 -0.555617 0
    outer loop
      vertex 29.4834 1.5219 9.45
      vertex 29.6651 1.25 0
      vertex 29.6651 1.25 9.45
    endloop
  endfacet
  facet normal -0.751873 -0.659307 0
    outer loop
      vertex 29.4834 1.5219 0
      vertex 29.2678 1.76777 9.45
      vertex 29.2678 1.76777 0
    endloop
  endfacet
  facet normal -0.751873 -0.659307 0
    outer loop
      vertex 29.2678 1.76777 9.45
      vertex 29.4834 1.5219 0
      vertex 29.4834 1.5219 9.45
    endloop
  endfacet
  facet normal -0.44229 -0.896872 0
    outer loop
      vertex 28.4567 2.3097 0
      vertex 28.75 2.16506 9.45
      vertex 28.4567 2.3097 9.45
    endloop
  endfacet
  facet normal -0.44229 -0.896872 -0
    outer loop
      vertex 28.75 2.16506 9.45
      vertex 28.4567 2.3097 0
      vertex 28.75 2.16506 0
    endloop
  endfacet
  facet normal -0.0654128 -0.997858 0
    outer loop
      vertex 27.5 2.5 0
      vertex 27.8263 2.47861 9.45
      vertex 27.5 2.5 9.45
    endloop
  endfacet
  facet normal -0.0654128 -0.997858 -0
    outer loop
      vertex 27.8263 2.47861 9.45
      vertex 27.5 2.5 0
      vertex 27.8263 2.47861 0
    endloop
  endfacet
  facet normal 0.997856 -0.0654402 0
    outer loop
      vertex 25 0 9.45
      vertex 25.0214 0.326315 0
      vertex 25.0214 0.326315 9.45
    endloop
  endfacet
  facet normal 0.997856 -0.0654402 0
    outer loop
      vertex 25.0214 0.326315 0
      vertex 25 0 9.45
      vertex 25 0 0
    endloop
  endfacet
  facet normal 0.751873 -0.659307 0
    outer loop
      vertex 25.5166 1.5219 9.45
      vertex 25.7322 1.76777 0
      vertex 25.7322 1.76777 9.45
    endloop
  endfacet
  facet normal 0.751873 -0.659307 0
    outer loop
      vertex 25.7322 1.76777 0
      vertex 25.5166 1.5219 9.45
      vertex 25.5166 1.5219 0
    endloop
  endfacet
  facet normal 0.44229 -0.896872 0
    outer loop
      vertex 26.25 2.16506 0
      vertex 26.5433 2.3097 9.45
      vertex 26.25 2.16506 9.45
    endloop
  endfacet
  facet normal 0.44229 -0.896872 0
    outer loop
      vertex 26.5433 2.3097 9.45
      vertex 26.25 2.16506 0
      vertex 26.5433 2.3097 0
    endloop
  endfacet
  facet normal 0.0654128 -0.997858 0
    outer loop
      vertex 27.1737 2.47861 0
      vertex 27.5 2.5 9.45
      vertex 27.1737 2.47861 9.45
    endloop
  endfacet
  facet normal 0.0654128 -0.997858 0
    outer loop
      vertex 27.5 2.5 9.45
      vertex 27.1737 2.47861 0
      vertex 27.5 2.5 0
    endloop
  endfacet
  facet normal -0.997856 -0.0654402 0
    outer loop
      vertex 30 0 0
      vertex 29.9786 0.326315 9.45
      vertex 29.9786 0.326315 0
    endloop
  endfacet
  facet normal -0.997856 -0.0654402 0
    outer loop
      vertex 29.9786 0.326315 9.45
      vertex 30 0 0
      vertex 30 0 9.45
    endloop
  endfacet
  facet normal -0.0654128 0.997858 0
    outer loop
      vertex 27.8263 -2.47861 0
      vertex 27.5 -2.5 9.45
      vertex 27.8263 -2.47861 9.45
    endloop
  endfacet
  facet normal -0.0654128 0.997858 0
    outer loop
      vertex 27.5 -2.5 9.45
      vertex 27.8263 -2.47861 0
      vertex 27.5 -2.5 0
    endloop
  endfacet
  facet normal -0.946945 0.321396 0
    outer loop
      vertex 29.8097 -0.956708 0
      vertex 29.9148 -0.647047 9.45
      vertex 29.9148 -0.647047 0
    endloop
  endfacet
  facet normal -0.946945 0.321396 0
    outer loop
      vertex 29.9148 -0.647047 9.45
      vertex 29.8097 -0.956708 0
      vertex 29.8097 -0.956708 9.45
    endloop
  endfacet
  facet normal -0.321387 0.946948 0
    outer loop
      vertex 28.4567 -2.3097 0
      vertex 28.147 -2.41481 9.45
      vertex 28.4567 -2.3097 9.45
    endloop
  endfacet
  facet normal -0.321387 0.946948 0
    outer loop
      vertex 28.147 -2.41481 9.45
      vertex 28.4567 -2.3097 0
      vertex 28.147 -2.41481 0
    endloop
  endfacet
  facet normal -0.44229 0.896872 0
    outer loop
      vertex 28.75 -2.16506 0
      vertex 28.4567 -2.3097 9.45
      vertex 28.75 -2.16506 9.45
    endloop
  endfacet
  facet normal -0.44229 0.896872 0
    outer loop
      vertex 28.4567 -2.3097 9.45
      vertex 28.75 -2.16506 0
      vertex 28.4567 -2.3097 0
    endloop
  endfacet
  facet normal 0.0654128 0.997858 -0
    outer loop
      vertex 27.5 -2.5 0
      vertex 27.1737 -2.47861 9.45
      vertex 27.5 -2.5 9.45
    endloop
  endfacet
  facet normal 0.0654128 0.997858 0
    outer loop
      vertex 27.1737 -2.47861 9.45
      vertex 27.5 -2.5 0
      vertex 27.1737 -2.47861 0
    endloop
  endfacet
  facet normal 0.659279 0.751898 -0
    outer loop
      vertex 25.9781 -1.98338 0
      vertex 25.7322 -1.76777 9.45
      vertex 25.9781 -1.98338 9.45
    endloop
  endfacet
  facet normal 0.659279 0.751898 0
    outer loop
      vertex 25.7322 -1.76777 9.45
      vertex 25.9781 -1.98338 0
      vertex 25.7322 -1.76777 0
    endloop
  endfacet
  facet normal 0.896916 0.442201 0
    outer loop
      vertex 25.3349 -1.25 9.45
      vertex 25.1903 -0.956708 0
      vertex 25.1903 -0.956708 9.45
    endloop
  endfacet
  facet normal 0.896916 0.442201 0
    outer loop
      vertex 25.1903 -0.956708 0
      vertex 25.3349 -1.25 9.45
      vertex 25.3349 -1.25 0
    endloop
  endfacet
  facet normal 0.997856 0.0654402 0
    outer loop
      vertex 25.0214 -0.326315 9.45
      vertex 25 0 0
      vertex 25 0 9.45
    endloop
  endfacet
  facet normal 0.997856 0.0654402 0
    outer loop
      vertex 25 0 0
      vertex 25.0214 -0.326315 9.45
      vertex 25.0214 -0.326315 0
    endloop
  endfacet
  facet normal -0.946945 -0.321396 0
    outer loop
      vertex 29.9148 0.647047 0
      vertex 29.8097 0.956708 9.45
      vertex 29.8097 0.956708 0
    endloop
  endfacet
  facet normal -0.946945 -0.321396 0
    outer loop
      vertex 29.8097 0.956708 9.45
      vertex 29.9148 0.647047 0
      vertex 29.9148 0.647047 9.45
    endloop
  endfacet
  facet normal -0.555575 -0.831466 0
    outer loop
      vertex 28.75 2.16506 0
      vertex 29.0219 1.98338 9.45
      vertex 28.75 2.16506 9.45
    endloop
  endfacet
  facet normal -0.555575 -0.831466 -0
    outer loop
      vertex 29.0219 1.98338 9.45
      vertex 28.75 2.16506 0
      vertex 29.0219 1.98338 0
    endloop
  endfacet
  facet normal -0.321387 -0.946948 0
    outer loop
      vertex 28.147 2.41481 0
      vertex 28.4567 2.3097 9.45
      vertex 28.147 2.41481 9.45
    endloop
  endfacet
  facet normal -0.321387 -0.946948 -0
    outer loop
      vertex 28.4567 2.3097 9.45
      vertex 28.147 2.41481 0
      vertex 28.4567 2.3097 0
    endloop
  endfacet
  facet normal -0.195116 -0.98078 0
    outer loop
      vertex 27.8263 2.47861 0
      vertex 28.147 2.41481 9.45
      vertex 27.8263 2.47861 9.45
    endloop
  endfacet
  facet normal -0.195116 -0.98078 -0
    outer loop
      vertex 28.147 2.41481 9.45
      vertex 27.8263 2.47861 0
      vertex 28.147 2.41481 0
    endloop
  endfacet
  facet normal 0.946945 -0.321396 0
    outer loop
      vertex 25.0852 0.647047 9.45
      vertex 25.1903 0.956708 0
      vertex 25.1903 0.956708 9.45
    endloop
  endfacet
  facet normal 0.946945 -0.321396 0
    outer loop
      vertex 25.1903 0.956708 0
      vertex 25.0852 0.647047 9.45
      vertex 25.0852 0.647047 0
    endloop
  endfacet
  facet normal 0.980784 -0.195097 0
    outer loop
      vertex 25.0214 0.326315 9.45
      vertex 25.0852 0.647047 0
      vertex 25.0852 0.647047 9.45
    endloop
  endfacet
  facet normal 0.980784 -0.195097 0
    outer loop
      vertex 25.0852 0.647047 0
      vertex 25.0214 0.326315 9.45
      vertex 25.0214 0.326315 0
    endloop
  endfacet
  facet normal 0.831438 -0.555617 0
    outer loop
      vertex 25.3349 1.25 9.45
      vertex 25.5166 1.5219 0
      vertex 25.5166 1.5219 9.45
    endloop
  endfacet
  facet normal 0.831438 -0.555617 0
    outer loop
      vertex 25.5166 1.5219 0
      vertex 25.3349 1.25 9.45
      vertex 25.3349 1.25 0
    endloop
  endfacet
  facet normal 0.195116 -0.98078 0
    outer loop
      vertex 26.853 2.41481 0
      vertex 27.1737 2.47861 9.45
      vertex 26.853 2.41481 9.45
    endloop
  endfacet
  facet normal 0.195116 -0.98078 0
    outer loop
      vertex 27.1737 2.47861 9.45
      vertex 26.853 2.41481 0
      vertex 27.1737 2.47861 0
    endloop
  endfacet
  facet normal 0.555575 -0.831466 0
    outer loop
      vertex 25.9781 1.98338 0
      vertex 26.25 2.16506 9.45
      vertex 25.9781 1.98338 9.45
    endloop
  endfacet
  facet normal 0.555575 -0.831466 0
    outer loop
      vertex 26.25 2.16506 9.45
      vertex 25.9781 1.98338 0
      vertex 26.25 2.16506 0
    endloop
  endfacet
  facet normal 0.659279 -0.751898 0
    outer loop
      vertex 25.7322 1.76777 0
      vertex 25.9781 1.98338 9.45
      vertex 25.7322 1.76777 9.45
    endloop
  endfacet
  facet normal 0.659279 -0.751898 0
    outer loop
      vertex 25.9781 1.98338 9.45
      vertex 25.7322 1.76777 0
      vertex 25.9781 1.98338 0
    endloop
  endfacet
  facet normal -0.997856 0.0654402 0
    outer loop
      vertex 29.9786 -0.326315 0
      vertex 30 0 9.45
      vertex 30 0 0
    endloop
  endfacet
  facet normal -0.997856 0.0654402 0
    outer loop
      vertex 30 0 9.45
      vertex 29.9786 -0.326315 0
      vertex 29.9786 -0.326315 9.45
    endloop
  endfacet
  facet normal -0.751873 0.659307 0
    outer loop
      vertex 29.2678 -1.76777 0
      vertex 29.4834 -1.5219 9.45
      vertex 29.4834 -1.5219 0
    endloop
  endfacet
  facet normal -0.751873 0.659307 0
    outer loop
      vertex 29.4834 -1.5219 9.45
      vertex 29.2678 -1.76777 0
      vertex 29.2678 -1.76777 9.45
    endloop
  endfacet
  facet normal -0.195116 0.98078 0
    outer loop
      vertex 28.147 -2.41481 0
      vertex 27.8263 -2.47861 9.45
      vertex 28.147 -2.41481 9.45
    endloop
  endfacet
  facet normal -0.195116 0.98078 0
    outer loop
      vertex 27.8263 -2.47861 9.45
      vertex 28.147 -2.41481 0
      vertex 27.8263 -2.47861 0
    endloop
  endfacet
  facet normal -0.555575 0.831466 0
    outer loop
      vertex 29.0219 -1.98338 0
      vertex 28.75 -2.16506 9.45
      vertex 29.0219 -1.98338 9.45
    endloop
  endfacet
  facet normal -0.555575 0.831466 0
    outer loop
      vertex 28.75 -2.16506 9.45
      vertex 29.0219 -1.98338 0
      vertex 28.75 -2.16506 0
    endloop
  endfacet
  facet normal 0.321387 0.946948 -0
    outer loop
      vertex 26.853 -2.41481 0
      vertex 26.5433 -2.3097 9.45
      vertex 26.853 -2.41481 9.45
    endloop
  endfacet
  facet normal 0.321387 0.946948 0
    outer loop
      vertex 26.5433 -2.3097 9.45
      vertex 26.853 -2.41481 0
      vertex 26.5433 -2.3097 0
    endloop
  endfacet
  facet normal 0.44229 0.896872 -0
    outer loop
      vertex 26.5433 -2.3097 0
      vertex 26.25 -2.16506 9.45
      vertex 26.5433 -2.3097 9.45
    endloop
  endfacet
  facet normal 0.44229 0.896872 0
    outer loop
      vertex 26.25 -2.16506 9.45
      vertex 26.5433 -2.3097 0
      vertex 26.25 -2.16506 0
    endloop
  endfacet
  facet normal 0.980784 0.195097 0
    outer loop
      vertex 25.0852 -0.647047 9.45
      vertex 25.0214 -0.326315 0
      vertex 25.0214 -0.326315 9.45
    endloop
  endfacet
  facet normal 0.980784 0.195097 0
    outer loop
      vertex 25.0214 -0.326315 0
      vertex 25.0852 -0.647047 9.45
      vertex 25.0852 -0.647047 0
    endloop
  endfacet
  facet normal 0.831438 0.555617 0
    outer loop
      vertex 25.5166 -1.5219 9.45
      vertex 25.3349 -1.25 0
      vertex 25.3349 -1.25 9.45
    endloop
  endfacet
  facet normal 0.831438 0.555617 0
    outer loop
      vertex 25.3349 -1.25 0
      vertex 25.5166 -1.5219 9.45
      vertex 25.5166 -1.5219 0
    endloop
  endfacet
  facet normal 0.751873 0.659307 0
    outer loop
      vertex 25.7322 -1.76777 9.45
      vertex 25.5166 -1.5219 0
      vertex 25.5166 -1.5219 9.45
    endloop
  endfacet
  facet normal 0.751873 0.659307 0
    outer loop
      vertex 25.5166 -1.5219 0
      vertex 25.7322 -1.76777 9.45
      vertex 25.7322 -1.76777 0
    endloop
  endfacet
  facet normal -0.980784 0.195097 0
    outer loop
      vertex 29.9148 -0.647047 0
      vertex 29.9786 -0.326315 9.45
      vertex 29.9786 -0.326315 0
    endloop
  endfacet
  facet normal -0.980784 0.195097 0
    outer loop
      vertex 29.9786 -0.326315 9.45
      vertex 29.9148 -0.647047 0
      vertex 29.9148 -0.647047 9.45
    endloop
  endfacet
  facet normal -0.896916 0.442201 0
    outer loop
      vertex 29.6651 -1.25 0
      vertex 29.8097 -0.956708 9.45
      vertex 29.8097 -0.956708 0
    endloop
  endfacet
  facet normal -0.896916 0.442201 0
    outer loop
      vertex 29.8097 -0.956708 9.45
      vertex 29.6651 -1.25 0
      vertex 29.6651 -1.25 9.45
    endloop
  endfacet
  facet normal -0.659279 0.751898 0
    outer loop
      vertex 29.2678 -1.76777 0
      vertex 29.0219 -1.98338 9.45
      vertex 29.2678 -1.76777 9.45
    endloop
  endfacet
  facet normal -0.659279 0.751898 0
    outer loop
      vertex 29.0219 -1.98338 9.45
      vertex 29.2678 -1.76777 0
      vertex 29.0219 -1.98338 0
    endloop
  endfacet
  facet normal 0.195116 0.98078 -0
    outer loop
      vertex 27.1737 -2.47861 0
      vertex 26.853 -2.41481 9.45
      vertex 27.1737 -2.47861 9.45
    endloop
  endfacet
  facet normal 0.195116 0.98078 0
    outer loop
      vertex 26.853 -2.41481 9.45
      vertex 27.1737 -2.47861 0
      vertex 26.853 -2.41481 0
    endloop
  endfacet
  facet normal 0.555575 0.831466 -0
    outer loop
      vertex 26.25 -2.16506 0
      vertex 25.9781 -1.98338 9.45
      vertex 26.25 -2.16506 9.45
    endloop
  endfacet
  facet normal 0.555575 0.831466 0
    outer loop
      vertex 25.9781 -1.98338 9.45
      vertex 26.25 -2.16506 0
      vertex 25.9781 -1.98338 0
    endloop
  endfacet
  facet normal -0.831438 0.555617 0
    outer loop
      vertex 29.4834 -1.5219 0
      vertex 29.6651 -1.25 9.45
      vertex 29.6651 -1.25 0
    endloop
  endfacet
  facet normal -0.831438 0.555617 0
    outer loop
      vertex 29.6651 -1.25 9.45
      vertex 29.4834 -1.5219 0
      vertex 29.4834 -1.5219 9.45
    endloop
  endfacet
  facet normal -0.706358 -0.0463235 0.706338
    outer loop
      vertex 30 0 9.45
      vertex 30.7976 0.036257 10.25
      vertex 29.9786 0.326315 9.45
    endloop
  endfacet
  facet normal -0.706333 -0.0467551 0.706333
    outer loop
      vertex 30.7976 0.036257 10.25
      vertex 30 0 9.45
      vertex 30.8 0 10.25
    endloop
  endfacet
  facet normal 0.466662 -0.532259 0.706348
    outer loop
      vertex 25.7322 1.76777 9.45
      vertex 25.4638 2.59411 10.25
      vertex 25.1665 2.33345 10.25
    endloop
  endfacet
  facet normal -0.466662 0.532259 0.706348
    outer loop
      vertex 29.5362 -2.59411 10.25
      vertex 29.8335 -2.33345 10.25
      vertex 29.2678 -1.76777 9.45
    endloop
  endfacet
  facet normal 0.670262 0.22757 0.706372
    outer loop
      vertex 24.4395 -1.22845 10.25
      vertex 25.0852 -0.647047 9.45
      vertex 24.3124 -0.854102 10.25
    endloop
  endfacet
  facet normal -0.694621 -0.136441 0.706318
    outer loop
      vertex 29.9148 0.647047 9.45
      vertex 30.6946 0.818465 10.25
      vertex 30.6876 0.854102 10.25
    endloop
  endfacet
  facet normal -0.694274 -0.138105 0.706336
    outer loop
      vertex 30.6946 0.818465 10.25
      vertex 29.9148 0.647047 9.45
      vertex 29.9786 0.326315 9.45
    endloop
  endfacet
  facet normal 0.227568 0.670277 0.706358
    outer loop
      vertex 26.6459 -3.18756 10.25
      vertex 26.853 -2.41481 9.45
      vertex 26.2716 -3.06048 10.25
    endloop
  endfacet
  facet normal 0.706333 0.0467551 0.706333
    outer loop
      vertex 24.2024 -0.036257 10.25
      vertex 25 0 9.45
      vertex 24.2 0 10.25
    endloop
  endfacet
  facet normal 0.706358 0.0463235 0.706338
    outer loop
      vertex 25 0 9.45
      vertex 24.2024 -0.036257 10.25
      vertex 25.0214 -0.326315 9.45
    endloop
  endfacet
  facet normal -0.466662 -0.532259 0.706348
    outer loop
      vertex 29.8335 2.33345 10.25
      vertex 29.5362 2.59411 10.25
      vertex 29.2678 1.76777 9.45
    endloop
  endfacet
  facet normal -0.532249 0.466671 0.706349
    outer loop
      vertex 29.8335 -2.33345 10.25
      vertex 30.0941 -2.03623 10.25
      vertex 29.2678 -1.76777 9.45
    endloop
  endfacet
  facet normal -0.466684 0.532246 0.706343
    outer loop
      vertex 29.0219 -1.98338 9.45
      vertex 29.5362 -2.59411 10.25
      vertex 29.2678 -1.76777 9.45
    endloop
  endfacet
  facet normal -0.466938 0.532028 0.706339
    outer loop
      vertex 29.5362 -2.59411 10.25
      vertex 29.0219 -1.98338 9.45
      vertex 29.5089 -2.61807 10.25
    endloop
  endfacet
  facet normal -0.670302 0.227503 0.706356
    outer loop
      vertex 29.8097 -0.956708 9.45
      vertex 30.5605 -1.22845 10.25
      vertex 29.9148 -0.647047 9.45
    endloop
  endfacet
  facet normal -0.670173 0.22787 0.706359
    outer loop
      vertex 30.5605 -1.22845 10.25
      vertex 29.8097 -0.956708 9.45
      vertex 30.5488 -1.26286 10.25
    endloop
  endfacet
  facet normal 0.634909 0.313014 0.706338
    outer loop
      vertex 24.6421 -1.65 10.25
      vertex 25.3349 -1.25 9.45
      vertex 24.4673 -1.29544 10.25
    endloop
  endfacet
  facet normal 0.313085 0.634871 0.706341
    outer loop
      vertex 26.2046 -3.03273 10.25
      vertex 26.5433 -2.3097 9.45
      vertex 26.25 -2.16506 9.45
    endloop
  endfacet
  facet normal 0.313759 0.634547 0.706333
    outer loop
      vertex 26.5433 -2.3097 9.45
      vertex 26.2046 -3.03273 10.25
      vertex 26.2371 -3.0488 10.25
    endloop
  endfacet
  facet normal 0.532249 -0.466671 0.706349
    outer loop
      vertex 25.7322 1.76777 9.45
      vertex 25.1665 2.33345 10.25
      vertex 24.9059 2.03623 10.25
    endloop
  endfacet
  facet normal 0.466938 -0.532028 0.706339
    outer loop
      vertex 25.4638 2.59411 10.25
      vertex 25.9781 1.98338 9.45
      vertex 25.4911 2.61807 10.25
    endloop
  endfacet
  facet normal 0.466684 -0.532246 0.706343
    outer loop
      vertex 25.9781 1.98338 9.45
      vertex 25.4638 2.59411 10.25
      vertex 25.7322 1.76777 9.45
    endloop
  endfacet
  facet normal 0.670173 -0.22787 0.706359
    outer loop
      vertex 24.4395 1.22845 10.25
      vertex 25.1903 0.956708 9.45
      vertex 24.4512 1.26286 10.25
    endloop
  endfacet
  facet normal 0.670302 -0.227503 0.706356
    outer loop
      vertex 25.1903 0.956708 9.45
      vertex 24.4395 1.22845 10.25
      vertex 25.0852 0.647047 9.45
    endloop
  endfacet
  facet normal -0.138072 -0.694261 0.706356
    outer loop
      vertex 28.3185 3.19464 10.25
      vertex 28.147 2.41481 9.45
      vertex 28.3541 3.18756 10.25
    endloop
  endfacet
  facet normal -0.138114 -0.694252 0.706356
    outer loop
      vertex 28.147 2.41481 9.45
      vertex 28.3185 3.19464 10.25
      vertex 27.8263 2.47861 9.45
    endloop
  endfacet
  facet normal -0.313053 -0.634879 0.706347
    outer loop
      vertex 29.15 2.85788 10.25
      vertex 28.7954 3.03273 10.25
      vertex 28.75 2.16506 9.45
    endloop
  endfacet
  facet normal -0.588588 -0.393228 0.706354
    outer loop
      vertex 30.3377 1.68021 10.25
      vertex 30.1181 2.00891 10.25
      vertex 29.4834 1.5219 9.45
    endloop
  endfacet
  facet normal -0.706339 -0.0461965 0.706365
    outer loop
      vertex 30.7976 0.036257 10.25
      vertex 30.7718 0.430736 10.25
      vertex 29.9786 0.326315 9.45
    endloop
  endfacet
  facet normal -0.694222 -0.138225 0.706363
    outer loop
      vertex 30.7718 0.430736 10.25
      vertex 30.6946 0.818465 10.25
      vertex 29.9786 0.326315 9.45
    endloop
  endfacet
  facet normal -0.706333 0.0467551 0.706333
    outer loop
      vertex 30 0 9.45
      vertex 30.7976 -0.036257 10.25
      vertex 30.8 0 10.25
    endloop
  endfacet
  facet normal -0.706358 0.0463235 0.706338
    outer loop
      vertex 30.7976 -0.036257 10.25
      vertex 30 0 9.45
      vertex 29.9786 -0.326315 9.45
    endloop
  endfacet
  facet normal -0.313053 0.634879 0.706347
    outer loop
      vertex 28.7954 -3.03273 10.25
      vertex 29.15 -2.85788 10.25
      vertex 28.75 -2.16506 9.45
    endloop
  endfacet
  facet normal -0.227568 0.670277 0.706358
    outer loop
      vertex 28.3541 -3.18756 10.25
      vertex 28.7284 -3.06048 10.25
      vertex 28.147 -2.41481 9.45
    endloop
  endfacet
  facet normal -0.0463034 0.706349 0.706348
    outer loop
      vertex 27.5 -2.5 9.45
      vertex 27.5363 -3.29762 10.25
      vertex 27.8263 -2.47861 9.45
    endloop
  endfacet
  facet normal -0.0463115 0.706348 0.706348
    outer loop
      vertex 27.5363 -3.29762 10.25
      vertex 27.5 -2.5 9.45
      vertex 27.5 -3.3 10.25
    endloop
  endfacet
  facet normal -0.634909 0.313014 0.706338
    outer loop
      vertex 30.3579 -1.65 10.25
      vertex 30.5327 -1.29544 10.25
      vertex 29.6651 -1.25 9.45
    endloop
  endfacet
  facet normal -0.588451 0.39347 0.706333
    outer loop
      vertex 29.6651 -1.25 9.45
      vertex 30.3377 -1.68021 10.25
      vertex 30.3579 -1.65 10.25
    endloop
  endfacet
  facet normal -0.588556 0.393309 0.706335
    outer loop
      vertex 30.3377 -1.68021 10.25
      vertex 29.6651 -1.25 9.45
      vertex 29.4834 -1.5219 9.45
    endloop
  endfacet
  facet normal -0.706339 0.0461965 0.706365
    outer loop
      vertex 30.7718 -0.430736 10.25
      vertex 30.7976 -0.036257 10.25
      vertex 29.9786 -0.326315 9.45
    endloop
  endfacet
  facet normal -0.694222 0.138225 0.706363
    outer loop
      vertex 30.6946 -0.818465 10.25
      vertex 30.7718 -0.430736 10.25
      vertex 29.9786 -0.326315 9.45
    endloop
  endfacet
  facet normal 0.694222 0.138225 0.706363
    outer loop
      vertex 24.3054 -0.818465 10.25
      vertex 25.0214 -0.326315 9.45
      vertex 24.2282 -0.430736 10.25
    endloop
  endfacet
  facet normal 0.706339 0.0461965 0.706365
    outer loop
      vertex 24.2282 -0.430736 10.25
      vertex 25.0214 -0.326315 9.45
      vertex 24.2024 -0.036257 10.25
    endloop
  endfacet
  facet normal 0.670302 0.227503 0.706356
    outer loop
      vertex 24.4395 -1.22845 10.25
      vertex 25.1903 -0.956708 9.45
      vertex 25.0852 -0.647047 9.45
    endloop
  endfacet
  facet normal 0.670173 0.22787 0.706359
    outer loop
      vertex 25.1903 -0.956708 9.45
      vertex 24.4395 -1.22845 10.25
      vertex 24.4512 -1.26286 10.25
    endloop
  endfacet
  facet normal 0.532249 0.466671 0.706349
    outer loop
      vertex 25.1665 -2.33345 10.25
      vertex 25.7322 -1.76777 9.45
      vertex 24.9059 -2.03623 10.25
    endloop
  endfacet
  facet normal 0.0462958 0.706347 0.70635
    outer loop
      vertex 27.4637 -3.29762 10.25
      vertex 27.1737 -2.47861 9.45
      vertex 27.0693 -3.27177 10.25
    endloop
  endfacet
  facet normal 0.466662 0.532259 0.706348
    outer loop
      vertex 25.4638 -2.59411 10.25
      vertex 25.7322 -1.76777 9.45
      vertex 25.1665 -2.33345 10.25
    endloop
  endfacet
  facet normal 0.466684 0.532246 0.706343
    outer loop
      vertex 25.4638 -2.59411 10.25
      vertex 25.9781 -1.98338 9.45
      vertex 25.7322 -1.76777 9.45
    endloop
  endfacet
  facet normal 0.466938 0.532028 0.706339
    outer loop
      vertex 25.9781 -1.98338 9.45
      vertex 25.4638 -2.59411 10.25
      vertex 25.4911 -2.61807 10.25
    endloop
  endfacet
  facet normal 0.706333 -0.0467551 0.706333
    outer loop
      vertex 25 0 9.45
      vertex 24.2024 0.036257 10.25
      vertex 24.2 0 10.25
    endloop
  endfacet
  facet normal 0.706358 -0.0463235 0.706338
    outer loop
      vertex 24.2024 0.036257 10.25
      vertex 25 0 9.45
      vertex 25.0214 0.326315 9.45
    endloop
  endfacet
  facet normal 0.313053 -0.634879 0.706347
    outer loop
      vertex 26.25 2.16506 9.45
      vertex 26.2046 3.03273 10.25
      vertex 25.85 2.85788 10.25
    endloop
  endfacet
  facet normal 0.0463034 -0.706349 0.706348
    outer loop
      vertex 27.5 2.5 9.45
      vertex 27.4637 3.29762 10.25
      vertex 27.1737 2.47861 9.45
    endloop
  endfacet
  facet normal 0.0463115 -0.706348 0.706348
    outer loop
      vertex 27.4637 3.29762 10.25
      vertex 27.5 2.5 9.45
      vertex 27.5 3.3 10.25
    endloop
  endfacet
  facet normal 0.227568 -0.670277 0.706358
    outer loop
      vertex 26.853 2.41481 9.45
      vertex 26.6459 3.18756 10.25
      vertex 26.2716 3.06048 10.25
    endloop
  endfacet
  facet normal 0.138114 -0.694252 0.706356
    outer loop
      vertex 26.6815 3.19464 10.25
      vertex 26.853 2.41481 9.45
      vertex 27.1737 2.47861 9.45
    endloop
  endfacet
  facet normal 0.138072 -0.694261 0.706356
    outer loop
      vertex 26.853 2.41481 9.45
      vertex 26.6815 3.19464 10.25
      vertex 26.6459 3.18756 10.25
    endloop
  endfacet
  facet normal 0.634909 -0.313014 0.706338
    outer loop
      vertex 25.3349 1.25 9.45
      vertex 24.6421 1.65 10.25
      vertex 24.4673 1.29544 10.25
    endloop
  endfacet
  facet normal 0.588556 -0.393309 0.706335
    outer loop
      vertex 24.6623 1.68021 10.25
      vertex 25.3349 1.25 9.45
      vertex 25.5166 1.5219 9.45
    endloop
  endfacet
  facet normal 0.588451 -0.39347 0.706333
    outer loop
      vertex 25.3349 1.25 9.45
      vertex 24.6623 1.68021 10.25
      vertex 24.6421 1.65 10.25
    endloop
  endfacet
  facet normal 0.706339 -0.0461965 0.706365
    outer loop
      vertex 25.0214 0.326315 9.45
      vertex 24.2282 0.430736 10.25
      vertex 24.2024 0.036257 10.25
    endloop
  endfacet
  facet normal 0.694222 -0.138225 0.706363
    outer loop
      vertex 25.0214 0.326315 9.45
      vertex 24.3054 0.818465 10.25
      vertex 24.2282 0.430736 10.25
    endloop
  endfacet
  facet normal -0.0463115 -0.706348 0.706348
    outer loop
      vertex 27.5 2.5 9.45
      vertex 27.5363 3.29762 10.25
      vertex 27.5 3.3 10.25
    endloop
  endfacet
  facet normal -0.0463034 -0.706349 0.706348
    outer loop
      vertex 27.5363 3.29762 10.25
      vertex 27.5 2.5 9.45
      vertex 27.8263 2.47861 9.45
    endloop
  endfacet
  facet normal -0.466938 -0.532028 0.706339
    outer loop
      vertex 29.0219 1.98338 9.45
      vertex 29.5362 2.59411 10.25
      vertex 29.5089 2.61807 10.25
    endloop
  endfacet
  facet normal -0.466684 -0.532246 0.706343
    outer loop
      vertex 29.5362 2.59411 10.25
      vertex 29.0219 1.98338 9.45
      vertex 29.2678 1.76777 9.45
    endloop
  endfacet
  facet normal -0.532249 -0.466671 0.706349
    outer loop
      vertex 30.0941 2.03623 10.25
      vertex 29.8335 2.33345 10.25
      vertex 29.2678 1.76777 9.45
    endloop
  endfacet
  facet normal -0.531815 -0.467187 0.706335
    outer loop
      vertex 30.0941 2.03623 10.25
      vertex 29.4834 1.5219 9.45
      vertex 30.1181 2.00891 10.25
    endloop
  endfacet
  facet normal -0.53223 -0.466705 0.706341
    outer loop
      vertex 29.4834 1.5219 9.45
      vertex 30.0941 2.03623 10.25
      vertex 29.2678 1.76777 9.45
    endloop
  endfacet
  facet normal -0.227568 -0.670277 0.706358
    outer loop
      vertex 28.7284 3.06048 10.25
      vertex 28.3541 3.18756 10.25
      vertex 28.147 2.41481 9.45
    endloop
  endfacet
  facet normal -0.588451 -0.39347 0.706333
    outer loop
      vertex 30.3377 1.68021 10.25
      vertex 29.6651 1.25 9.45
      vertex 30.3579 1.65 10.25
    endloop
  endfacet
  facet normal -0.588556 -0.393309 0.706335
    outer loop
      vertex 29.6651 1.25 9.45
      vertex 30.3377 1.68021 10.25
      vertex 29.4834 1.5219 9.45
    endloop
  endfacet
  facet normal -0.634909 -0.313014 0.706338
    outer loop
      vertex 30.5327 1.29544 10.25
      vertex 30.3579 1.65 10.25
      vertex 29.6651 1.25 9.45
    endloop
  endfacet
  facet normal -0.670173 -0.22787 0.706359
    outer loop
      vertex 29.8097 0.956708 9.45
      vertex 30.5605 1.22845 10.25
      vertex 30.5488 1.26286 10.25
    endloop
  endfacet
  facet normal -0.670302 -0.227503 0.706356
    outer loop
      vertex 30.5605 1.22845 10.25
      vertex 29.8097 0.956708 9.45
      vertex 29.9148 0.647047 9.45
    endloop
  endfacet
  facet normal -0.670262 -0.22757 0.706372
    outer loop
      vertex 30.6876 0.854102 10.25
      vertex 30.5605 1.22845 10.25
      vertex 29.9148 0.647047 9.45
    endloop
  endfacet
  facet normal -0.138083 0.694265 0.706349
    outer loop
      vertex 27.9307 -3.27177 10.25
      vertex 28.3185 -3.19464 10.25
      vertex 27.8263 -2.47861 9.45
    endloop
  endfacet
  facet normal -0.0462958 0.706347 0.70635
    outer loop
      vertex 27.9307 -3.27177 10.25
      vertex 27.8263 -2.47861 9.45
      vertex 27.5363 -3.29762 10.25
    endloop
  endfacet
  facet normal -0.313085 0.634871 0.706341
    outer loop
      vertex 28.4567 -2.3097 9.45
      vertex 28.7954 -3.03273 10.25
      vertex 28.75 -2.16506 9.45
    endloop
  endfacet
  facet normal -0.313759 0.634547 0.706333
    outer loop
      vertex 28.7954 -3.03273 10.25
      vertex 28.4567 -2.3097 9.45
      vertex 28.7629 -3.0488 10.25
    endloop
  endfacet
  facet normal -0.226996 0.670494 0.706336
    outer loop
      vertex 28.4567 -2.3097 9.45
      vertex 28.7284 -3.06048 10.25
      vertex 28.7629 -3.0488 10.25
    endloop
  endfacet
  facet normal -0.227501 0.670317 0.706341
    outer loop
      vertex 28.7284 -3.06048 10.25
      vertex 28.4567 -2.3097 9.45
      vertex 28.147 -2.41481 9.45
    endloop
  endfacet
  facet normal -0.588588 0.393228 0.706354
    outer loop
      vertex 30.1181 -2.00891 10.25
      vertex 30.3377 -1.68021 10.25
      vertex 29.4834 -1.5219 9.45
    endloop
  endfacet
  facet normal -0.531815 0.467187 0.706335
    outer loop
      vertex 29.4834 -1.5219 9.45
      vertex 30.0941 -2.03623 10.25
      vertex 30.1181 -2.00891 10.25
    endloop
  endfacet
  facet normal -0.53223 0.466705 0.706341
    outer loop
      vertex 30.0941 -2.03623 10.25
      vertex 29.4834 -1.5219 9.45
      vertex 29.2678 -1.76777 9.45
    endloop
  endfacet
  facet normal -0.694274 0.138105 0.706336
    outer loop
      vertex 29.9148 -0.647047 9.45
      vertex 30.6946 -0.818465 10.25
      vertex 29.9786 -0.326315 9.45
    endloop
  endfacet
  facet normal -0.694621 0.136441 0.706318
    outer loop
      vertex 30.6946 -0.818465 10.25
      vertex 29.9148 -0.647047 9.45
      vertex 30.6876 -0.854102 10.25
    endloop
  endfacet
  facet normal -0.670262 0.22757 0.706372
    outer loop
      vertex 30.5605 -1.22845 10.25
      vertex 30.6876 -0.854102 10.25
      vertex 29.9148 -0.647047 9.45
    endloop
  endfacet
  facet normal 0.694274 0.138105 0.706336
    outer loop
      vertex 24.3054 -0.818465 10.25
      vertex 25.0852 -0.647047 9.45
      vertex 25.0214 -0.326315 9.45
    endloop
  endfacet
  facet normal 0.694621 0.136441 0.706318
    outer loop
      vertex 25.0852 -0.647047 9.45
      vertex 24.3054 -0.818465 10.25
      vertex 24.3124 -0.854102 10.25
    endloop
  endfacet
  facet normal 0.634906 0.313024 0.706336
    outer loop
      vertex 25.1903 -0.956708 9.45
      vertex 24.4673 -1.29544 10.25
      vertex 25.3349 -1.25 9.45
    endloop
  endfacet
  facet normal 0.634624 0.313611 0.706329
    outer loop
      vertex 24.4673 -1.29544 10.25
      vertex 25.1903 -0.956708 9.45
      vertex 24.4512 -1.26286 10.25
    endloop
  endfacet
  facet normal 0.53223 0.466705 0.706341
    outer loop
      vertex 25.5166 -1.5219 9.45
      vertex 24.9059 -2.03623 10.25
      vertex 25.7322 -1.76777 9.45
    endloop
  endfacet
  facet normal 0.531815 0.467187 0.706335
    outer loop
      vertex 24.9059 -2.03623 10.25
      vertex 25.5166 -1.5219 9.45
      vertex 24.8819 -2.00891 10.25
    endloop
  endfacet
  facet normal 0.138083 0.694265 0.706349
    outer loop
      vertex 27.0693 -3.27177 10.25
      vertex 27.1737 -2.47861 9.45
      vertex 26.6815 -3.19464 10.25
    endloop
  endfacet
  facet normal 0.393272 0.588566 0.706348
    outer loop
      vertex 25.8198 -2.8377 10.25
      vertex 26.25 -2.16506 9.45
      vertex 25.9781 -1.98338 9.45
    endloop
  endfacet
  facet normal 0.393282 0.588559 0.706348
    outer loop
      vertex 26.25 -2.16506 9.45
      vertex 25.8198 -2.8377 10.25
      vertex 25.85 -2.85788 10.25
    endloop
  endfacet
  facet normal 0.313053 0.634879 0.706347
    outer loop
      vertex 26.2046 -3.03273 10.25
      vertex 26.25 -2.16506 9.45
      vertex 25.85 -2.85788 10.25
    endloop
  endfacet
  facet normal 0.313759 -0.634547 0.706333
    outer loop
      vertex 26.2046 3.03273 10.25
      vertex 26.5433 2.3097 9.45
      vertex 26.2371 3.0488 10.25
    endloop
  endfacet
  facet normal 0.313085 -0.634871 0.706341
    outer loop
      vertex 26.5433 2.3097 9.45
      vertex 26.2046 3.03273 10.25
      vertex 26.25 2.16506 9.45
    endloop
  endfacet
  facet normal 0.227501 -0.670317 0.706341
    outer loop
      vertex 26.2716 3.06048 10.25
      vertex 26.5433 2.3097 9.45
      vertex 26.853 2.41481 9.45
    endloop
  endfacet
  facet normal 0.226996 -0.670494 0.706336
    outer loop
      vertex 26.5433 2.3097 9.45
      vertex 26.2716 3.06048 10.25
      vertex 26.2371 3.0488 10.25
    endloop
  endfacet
  facet normal 0.588588 -0.393228 0.706354
    outer loop
      vertex 25.5166 1.5219 9.45
      vertex 24.8819 2.00891 10.25
      vertex 24.6623 1.68021 10.25
    endloop
  endfacet
  facet normal 0.53223 -0.466705 0.706341
    outer loop
      vertex 24.9059 2.03623 10.25
      vertex 25.5166 1.5219 9.45
      vertex 25.7322 1.76777 9.45
    endloop
  endfacet
  facet normal 0.531815 -0.467187 0.706335
    outer loop
      vertex 25.5166 1.5219 9.45
      vertex 24.9059 2.03623 10.25
      vertex 24.8819 2.00891 10.25
    endloop
  endfacet
  facet normal 0.694621 -0.136441 0.706318
    outer loop
      vertex 24.3054 0.818465 10.25
      vertex 25.0852 0.647047 9.45
      vertex 24.3124 0.854102 10.25
    endloop
  endfacet
  facet normal 0.694274 -0.138105 0.706336
    outer loop
      vertex 25.0852 0.647047 9.45
      vertex 24.3054 0.818465 10.25
      vertex 25.0214 0.326315 9.45
    endloop
  endfacet
  facet normal 0.670262 -0.22757 0.706372
    outer loop
      vertex 25.0852 0.647047 9.45
      vertex 24.4395 1.22845 10.25
      vertex 24.3124 0.854102 10.25
    endloop
  endfacet
  facet normal -0.393268 -0.588567 0.706349
    outer loop
      vertex 29.5089 2.61807 10.25
      vertex 29.1802 2.8377 10.25
      vertex 29.0219 1.98338 9.45
    endloop
  endfacet
  facet normal -0.393282 -0.588559 0.706348
    outer loop
      vertex 28.75 2.16506 9.45
      vertex 29.1802 2.8377 10.25
      vertex 29.15 2.85788 10.25
    endloop
  endfacet
  facet normal -0.393272 -0.588566 0.706348
    outer loop
      vertex 29.1802 2.8377 10.25
      vertex 28.75 2.16506 9.45
      vertex 29.0219 1.98338 9.45
    endloop
  endfacet
  facet normal -0.313759 -0.634547 0.706333
    outer loop
      vertex 28.4567 2.3097 9.45
      vertex 28.7954 3.03273 10.25
      vertex 28.7629 3.0488 10.25
    endloop
  endfacet
  facet normal -0.313085 -0.634871 0.706341
    outer loop
      vertex 28.7954 3.03273 10.25
      vertex 28.4567 2.3097 9.45
      vertex 28.75 2.16506 9.45
    endloop
  endfacet
  facet normal -0.0462958 -0.706347 0.70635
    outer loop
      vertex 27.8263 2.47861 9.45
      vertex 27.9307 3.27177 10.25
      vertex 27.5363 3.29762 10.25
    endloop
  endfacet
  facet normal -0.138083 -0.694265 0.706349
    outer loop
      vertex 28.3185 3.19464 10.25
      vertex 27.9307 3.27177 10.25
      vertex 27.8263 2.47861 9.45
    endloop
  endfacet
  facet normal -0.634624 -0.313611 0.706329
    outer loop
      vertex 30.5327 1.29544 10.25
      vertex 29.8097 0.956708 9.45
      vertex 30.5488 1.26286 10.25
    endloop
  endfacet
  facet normal -0.634906 -0.313024 0.706336
    outer loop
      vertex 29.8097 0.956708 9.45
      vertex 30.5327 1.29544 10.25
      vertex 29.6651 1.25 9.45
    endloop
  endfacet
  facet normal -0.138072 0.694261 0.706356
    outer loop
      vertex 28.147 -2.41481 9.45
      vertex 28.3185 -3.19464 10.25
      vertex 28.3541 -3.18756 10.25
    endloop
  endfacet
  facet normal -0.138114 0.694252 0.706356
    outer loop
      vertex 28.3185 -3.19464 10.25
      vertex 28.147 -2.41481 9.45
      vertex 27.8263 -2.47861 9.45
    endloop
  endfacet
  facet normal -0.393272 0.588566 0.706348
    outer loop
      vertex 28.75 -2.16506 9.45
      vertex 29.1802 -2.8377 10.25
      vertex 29.0219 -1.98338 9.45
    endloop
  endfacet
  facet normal -0.393282 0.588559 0.706348
    outer loop
      vertex 29.1802 -2.8377 10.25
      vertex 28.75 -2.16506 9.45
      vertex 29.15 -2.85788 10.25
    endloop
  endfacet
  facet normal -0.393268 0.588567 0.706349
    outer loop
      vertex 29.1802 -2.8377 10.25
      vertex 29.5089 -2.61807 10.25
      vertex 29.0219 -1.98338 9.45
    endloop
  endfacet
  facet normal -0.634624 0.313611 0.706329
    outer loop
      vertex 29.8097 -0.956708 9.45
      vertex 30.5327 -1.29544 10.25
      vertex 30.5488 -1.26286 10.25
    endloop
  endfacet
  facet normal -0.634906 0.313024 0.706336
    outer loop
      vertex 30.5327 -1.29544 10.25
      vertex 29.8097 -0.956708 9.45
      vertex 29.6651 -1.25 9.45
    endloop
  endfacet
  facet normal 0.588588 0.393228 0.706354
    outer loop
      vertex 24.8819 -2.00891 10.25
      vertex 25.5166 -1.5219 9.45
      vertex 24.6623 -1.68021 10.25
    endloop
  endfacet
  facet normal 0.588556 0.393309 0.706335
    outer loop
      vertex 25.3349 -1.25 9.45
      vertex 24.6623 -1.68021 10.25
      vertex 25.5166 -1.5219 9.45
    endloop
  endfacet
  facet normal 0.588451 0.39347 0.706333
    outer loop
      vertex 24.6623 -1.68021 10.25
      vertex 25.3349 -1.25 9.45
      vertex 24.6421 -1.65 10.25
    endloop
  endfacet
  facet normal 0.138114 0.694252 0.706356
    outer loop
      vertex 26.853 -2.41481 9.45
      vertex 26.6815 -3.19464 10.25
      vertex 27.1737 -2.47861 9.45
    endloop
  endfacet
  facet normal 0.138072 0.694261 0.706356
    outer loop
      vertex 26.6815 -3.19464 10.25
      vertex 26.853 -2.41481 9.45
      vertex 26.6459 -3.18756 10.25
    endloop
  endfacet
  facet normal 0.0463115 0.706348 0.706348
    outer loop
      vertex 27.5 -2.5 9.45
      vertex 27.4637 -3.29762 10.25
      vertex 27.5 -3.3 10.25
    endloop
  endfacet
  facet normal 0.0463034 0.706349 0.706348
    outer loop
      vertex 27.4637 -3.29762 10.25
      vertex 27.5 -2.5 9.45
      vertex 27.1737 -2.47861 9.45
    endloop
  endfacet
  facet normal 0.227501 0.670317 0.706341
    outer loop
      vertex 26.5433 -2.3097 9.45
      vertex 26.2716 -3.06048 10.25
      vertex 26.853 -2.41481 9.45
    endloop
  endfacet
  facet normal 0.226996 0.670494 0.706336
    outer loop
      vertex 26.2716 -3.06048 10.25
      vertex 26.5433 -2.3097 9.45
      vertex 26.2371 -3.0488 10.25
    endloop
  endfacet
  facet normal 0.393268 0.588567 0.706349
    outer loop
      vertex 25.8198 -2.8377 10.25
      vertex 25.9781 -1.98338 9.45
      vertex 25.4911 -2.61807 10.25
    endloop
  endfacet
  facet normal 0.138083 -0.694265 0.706349
    outer loop
      vertex 27.1737 2.47861 9.45
      vertex 27.0693 3.27177 10.25
      vertex 26.6815 3.19464 10.25
    endloop
  endfacet
  facet normal 0.0462958 -0.706347 0.70635
    outer loop
      vertex 27.1737 2.47861 9.45
      vertex 27.4637 3.29762 10.25
      vertex 27.0693 3.27177 10.25
    endloop
  endfacet
  facet normal 0.393282 -0.588559 0.706348
    outer loop
      vertex 25.8198 2.8377 10.25
      vertex 26.25 2.16506 9.45
      vertex 25.85 2.85788 10.25
    endloop
  endfacet
  facet normal 0.393272 -0.588566 0.706348
    outer loop
      vertex 26.25 2.16506 9.45
      vertex 25.8198 2.8377 10.25
      vertex 25.9781 1.98338 9.45
    endloop
  endfacet
  facet normal 0.393268 -0.588567 0.706349
    outer loop
      vertex 25.9781 1.98338 9.45
      vertex 25.8198 2.8377 10.25
      vertex 25.4911 2.61807 10.25
    endloop
  endfacet
  facet normal 0.634906 -0.313024 0.706336
    outer loop
      vertex 24.4673 1.29544 10.25
      vertex 25.1903 0.956708 9.45
      vertex 25.3349 1.25 9.45
    endloop
  endfacet
  facet normal 0.634624 -0.313611 0.706329
    outer loop
      vertex 25.1903 0.956708 9.45
      vertex 24.4673 1.29544 10.25
      vertex 24.4512 1.26286 10.25
    endloop
  endfacet
  facet normal -0.226996 -0.670494 0.706336
    outer loop
      vertex 28.7284 3.06048 10.25
      vertex 28.4567 2.3097 9.45
      vertex 28.7629 3.0488 10.25
    endloop
  endfacet
  facet normal -0.227501 -0.670317 0.706341
    outer loop
      vertex 28.4567 2.3097 9.45
      vertex 28.7284 3.06048 10.25
      vertex 28.147 2.41481 9.45
    endloop
  endfacet
  facet normal 0 0 -1
    outer loop
      vertex -24.809 6.25 0
      vertex -25.5625 16.7663 0
      vertex -22.5187 6.25 0
    endloop
  endfacet
  facet normal 0 0 -1
    outer loop
      vertex -27.6939 16.2171 0
      vertex -25.5625 16.7663 0
      vertex -24.809 6.25 0
    endloop
  endfacet
  facet normal -0 0 -1
    outer loop
      vertex -25.5625 16.7663 0
      vertex -27.6939 16.2171 0
      vertex -25.6223 17.0304 0
    endloop
  endfacet
  facet normal 0 0 -1
    outer loop
      vertex -27.7983 16.6788 0
      vertex -25.6223 17.0304 0
      vertex -27.6939 16.2171 0
    endloop
  endfacet
  facet normal -0 0 -1
    outer loop
      vertex -25.6223 17.0304 0
      vertex -27.7983 16.6788 0
      vertex -25.6459 17.2709 0
    endloop
  endfacet
  facet normal 0 0 -1
    outer loop
      vertex -25.6459 17.2709 0
      vertex -26.3882 20.422 0
      vertex -25.9628 20.7266 0
    endloop
  endfacet
  facet normal 0 0 -1
    outer loop
      vertex -25.6459 17.2709 0
      vertex -26.7702 20.0644 0
      vertex -26.3882 20.422 0
    endloop
  endfacet
  facet normal 0 0 -1
    outer loop
      vertex -25.6459 17.2709 0
      vertex -27.1022 19.6601 0
      vertex -26.7702 20.0644 0
    endloop
  endfacet
  facet normal 0 0 -1
    outer loop
      vertex -25.6459 17.2709 0
      vertex -27.3787 19.2159 0
      vertex -27.1022 19.6601 0
    endloop
  endfacet
  facet normal 0 0 -1
    outer loop
      vertex -25.6459 17.2709 0
      vertex -27.5948 18.7393 0
      vertex -27.3787 19.2159 0
    endloop
  endfacet
  facet normal 0 0 -1
    outer loop
      vertex -25.6459 17.2709 0
      vertex -27.7468 18.2387 0
      vertex -27.5948 18.7393 0
    endloop
  endfacet
  facet normal 0 0 -1
    outer loop
      vertex -27.8495 17.1995 0
      vertex -25.6459 17.2709 0
      vertex -27.7983 16.6788 0
    endloop
  endfacet
  facet normal 0 0 -1
    outer loop
      vertex -25.6459 17.2709 0
      vertex -27.8322 17.7225 0
      vertex -27.7468 18.2387 0
    endloop
  endfacet
  facet normal -0 0 -1
    outer loop
      vertex -25.6459 17.2709 0
      vertex -27.8495 17.1995 0
      vertex -27.8322 17.7225 0
    endloop
  endfacet
  facet normal 0 0 -1
    outer loop
      vertex -25.5606 -16.7596 0
      vertex -24.809 -6.25 0
      vertex -22.5187 -6.25 0
    endloop
  endfacet
  facet normal 0 0 -1
    outer loop
      vertex -27.6939 -16.2171 0
      vertex -25.5606 -16.7596 0
      vertex -25.6264 -17.0594 0
    endloop
  endfacet
  facet normal 0 0 -1
    outer loop
      vertex -27.8061 -16.7281 0
      vertex -25.6264 -17.0594 0
      vertex -25.6465 -17.2934 0
    endloop
  endfacet
  facet normal -0 0 -1
    outer loop
      vertex -25.4239 -18.1957 0
      vertex -27.3549 -19.2597 0
      vertex -25.5236 -17.983 0
    endloop
  endfacet
  facet normal 0 0 -1
    outer loop
      vertex -27.5769 -18.7859 0
      vertex -25.5236 -17.983 0
      vertex -27.3549 -19.2597 0
    endloop
  endfacet
  facet normal -0 0 -1
    outer loop
      vertex -25.5236 -17.983 0
      vertex -27.5769 -18.7859 0
      vertex -25.5946 -17.7591 0
    endloop
  endfacet
  facet normal 0 0 -1
    outer loop
      vertex -27.7351 -18.2872 0
      vertex -25.5946 -17.7591 0
      vertex -27.5769 -18.7859 0
    endloop
  endfacet
  facet normal -0 0 -1
    outer loop
      vertex -25.5946 -17.7591 0
      vertex -27.7351 -18.2872 0
      vertex -25.6358 -17.528 0
    endloop
  endfacet
  facet normal 0 0 -1
    outer loop
      vertex -27.827 -17.7721 0
      vertex -25.6358 -17.528 0
      vertex -27.7351 -18.2872 0
    endloop
  endfacet
  facet normal 0 0 -1
    outer loop
      vertex -25.5606 -16.7596 0
      vertex -27.6939 -16.2171 0
      vertex -24.809 -6.25 0
    endloop
  endfacet
  facet normal -0 0 -1
    outer loop
      vertex -25.6358 -17.528 0
      vertex -27.827 -17.7721 0
      vertex -25.6465 -17.2934 0
    endloop
  endfacet
  facet normal 0 0 -1
    outer loop
      vertex -25.6264 -17.0594 0
      vertex -27.8061 -16.7281 0
      vertex -27.6939 -16.2171 0
    endloop
  endfacet
  facet normal 0 0 -1
    outer loop
      vertex -27.8508 -17.2494 0
      vertex -25.6465 -17.2934 0
      vertex -27.827 -17.7721 0
    endloop
  endfacet
  facet normal 0 0 -1
    outer loop
      vertex -25.6465 -17.2934 0
      vertex -27.8508 -17.2494 0
      vertex -27.8061 -16.7281 0
    endloop
  endfacet
  facet normal 0 0 -1
    outer loop
      vertex 27.1737 2.47861 0
      vertex 26.9648 4.06492 0
      vertex 27.1684 4.07826 0
    endloop
  endfacet
  facet normal 0 0 -1
    outer loop
      vertex 26.853 2.41481 0
      vertex 26.9648 4.06492 0
      vertex 27.1737 2.47861 0
    endloop
  endfacet
  facet normal 0 0 -1
    outer loop
      vertex 26.4388 3.9603 0
      vertex 26.853 2.41481 0
      vertex 26.5433 2.3097 0
    endloop
  endfacet
  facet normal 0 0 -1
    outer loop
      vertex 26.853 2.41481 0
      vertex 26.4388 3.9603 0
      vertex 26.9648 4.06492 0
    endloop
  endfacet
  facet normal 0 0 -1
    outer loop
      vertex 25.931 3.78791 0
      vertex 26.5433 2.3097 0
      vertex 26.25 2.16506 0
    endloop
  endfacet
  facet normal 0 0 -1
    outer loop
      vertex 25.45 3.5507 0
      vertex 26.25 2.16506 0
      vertex 25.9781 1.98338 0
    endloop
  endfacet
  facet normal 0 0 -1
    outer loop
      vertex 26.5433 2.3097 0
      vertex 25.931 3.78791 0
      vertex 26.4388 3.9603 0
    endloop
  endfacet
  facet normal 0 0 -1
    outer loop
      vertex 25.0041 3.25275 0
      vertex 25.9781 1.98338 0
      vertex 25.7322 1.76777 0
    endloop
  endfacet
  facet normal 0 0 -1
    outer loop
      vertex 24.6009 2.89914 0
      vertex 25.7322 1.76777 0
      vertex 25.5166 1.5219 0
    endloop
  endfacet
  facet normal 0 0 -1
    outer loop
      vertex 26.25 2.16506 0
      vertex 25.45 3.5507 0
      vertex 25.931 3.78791 0
    endloop
  endfacet
  facet normal 0 0 -1
    outer loop
      vertex 24.2472 2.49592 0
      vertex 25.5166 1.5219 0
      vertex 25.3349 1.25 0
    endloop
  endfacet
  facet normal 0 0 -1
    outer loop
      vertex 23.9493 2.05 0
      vertex 25.3349 1.25 0
      vertex 25.1903 0.956708 0
    endloop
  endfacet
  facet normal 0 0 -1
    outer loop
      vertex 23.7121 1.569 0
      vertex 25.1903 0.956708 0
      vertex 25.0852 0.647047 0
    endloop
  endfacet
  facet normal 0 0 -1
    outer loop
      vertex 23.5397 1.06116 0
      vertex 25.0852 0.647047 0
      vertex 25.0214 0.326315 0
    endloop
  endfacet
  facet normal 0 0 -1
    outer loop
      vertex 25.9781 1.98338 0
      vertex 25.0041 3.25275 0
      vertex 25.45 3.5507 0
    endloop
  endfacet
  facet normal 0 0 -1
    outer loop
      vertex 23.4351 0.535157 0
      vertex 25.0214 0.326315 0
      vertex 25 0 0
    endloop
  endfacet
  facet normal -0 0 -1
    outer loop
      vertex 25.1903 -0.956708 0
      vertex 23.7121 -1.569 0
      vertex 25.0852 -0.647047 0
    endloop
  endfacet
  facet normal 0 0 -1
    outer loop
      vertex 25.7322 1.76777 0
      vertex 24.6009 2.89914 0
      vertex 25.0041 3.25275 0
    endloop
  endfacet
  facet normal 0 0 -1
    outer loop
      vertex 23.5397 -1.06116 0
      vertex 25.0852 -0.647047 0
      vertex 23.7121 -1.569 0
    endloop
  endfacet
  facet normal 0 0 -1
    outer loop
      vertex 25.5166 1.5219 0
      vertex 24.2472 2.49592 0
      vertex 24.6009 2.89914 0
    endloop
  endfacet
  facet normal -0 0 -1
    outer loop
      vertex 25.0852 -0.647047 0
      vertex 23.5397 -1.06116 0
      vertex 25.0214 -0.326315 0
    endloop
  endfacet
  facet normal 0 0 -1
    outer loop
      vertex 25.3349 1.25 0
      vertex 23.9493 2.05 0
      vertex 24.2472 2.49592 0
    endloop
  endfacet
  facet normal 0 0 -1
    outer loop
      vertex 23.4351 -0.535157 0
      vertex 25.0214 -0.326315 0
      vertex 23.5397 -1.06116 0
    endloop
  endfacet
  facet normal 0 0 -1
    outer loop
      vertex 25.1903 0.956708 0
      vertex 23.7121 1.569 0
      vertex 23.9493 2.05 0
    endloop
  endfacet
  facet normal -0 0 -1
    outer loop
      vertex 25.0214 -0.326315 0
      vertex 23.4351 -0.535157 0
      vertex 25 0 0
    endloop
  endfacet
  facet normal 0 0 -1
    outer loop
      vertex 25.0852 0.647047 0
      vertex 23.5397 1.06116 0
      vertex 23.7121 1.569 0
    endloop
  endfacet
  facet normal 0 0 -1
    outer loop
      vertex 23.4 0 0
      vertex 25 0 0
      vertex 23.4351 -0.535157 0
    endloop
  endfacet
  facet normal 0 0 -1
    outer loop
      vertex 25.0214 0.326315 0
      vertex 23.4351 0.535157 0
      vertex 23.5397 1.06116 0
    endloop
  endfacet
  facet normal 0 0 -1
    outer loop
      vertex 25 0 0
      vertex 23.4 0 0
      vertex 23.4351 0.535157 0
    endloop
  endfacet
  facet normal 0 0 -1
    outer loop
      vertex 30 0 0
      vertex 33.4821 0.0249481 0
      vertex 33.4511 -0.49736 0
    endloop
  endfacet
  facet normal 0 0 -1
    outer loop
      vertex 29.9786 -0.326315 0
      vertex 33.4511 -0.49736 0
      vertex 33.3522 -1.01115 0
    endloop
  endfacet
  facet normal -0 0 -1
    outer loop
      vertex 33.4821 0.0249481 0
      vertex 30 0 0
      vertex 33.4446 0.546829 0
    endloop
  endfacet
  facet normal 0 0 -1
    outer loop
      vertex 29.9786 -0.326315 0
      vertex 33.3522 -1.01115 0
      vertex 33.1872 -1.50764 0
    endloop
  endfacet
  facet normal 0 0 -1
    outer loop
      vertex 29.9786 0.326315 0
      vertex 33.4446 0.546829 0
      vertex 30 0 0
    endloop
  endfacet
  facet normal 0 0 -1
    outer loop
      vertex 29.9148 -0.647047 0
      vertex 33.1872 -1.50764 0
      vertex 32.9587 -1.97835 0
    endloop
  endfacet
  facet normal -0 0 -1
    outer loop
      vertex 33.4446 0.546829 0
      vertex 29.9786 0.326315 0
      vertex 33.3393 1.05936 0
    endloop
  endfacet
  facet normal 0 0 -1
    outer loop
      vertex 29.9148 -0.647047 0
      vertex 32.9587 -1.97835 0
      vertex 32.6707 -2.41521 0
    endloop
  endfacet
  facet normal -0 0 -1
    outer loop
      vertex 33.3393 1.05936 0
      vertex 29.9786 0.326315 0
      vertex 33.1681 1.55376 0
    endloop
  endfacet
  facet normal 0 0 -1
    outer loop
      vertex 29.8097 -0.956708 0
      vertex 32.6707 -2.41521 0
      vertex 32.3282 -2.81073 0
    endloop
  endfacet
  facet normal 0 0 -1
    outer loop
      vertex 29.9148 0.647047 0
      vertex 33.1681 1.55376 0
      vertex 29.9786 0.326315 0
    endloop
  endfacet
  facet normal 0 0 -1
    outer loop
      vertex 29.6651 -1.25 0
      vertex 32.3282 -2.81073 0
      vertex 31.937 -3.15816 0
    endloop
  endfacet
  facet normal -0 0 -1
    outer loop
      vertex 33.1681 1.55376 0
      vertex 29.9148 0.647047 0
      vertex 32.9337 2.02158 0
    endloop
  endfacet
  facet normal -0 0 -1
    outer loop
      vertex 32.9337 2.02158 0
      vertex 29.9148 0.647047 0
      vertex 32.6403 2.4548 0
    endloop
  endfacet
  facet normal 0 0 -1
    outer loop
      vertex 33.4511 -0.49736 0
      vertex 29.9786 -0.326315 0
      vertex 30 0 0
    endloop
  endfacet
  facet normal 0 0 -1
    outer loop
      vertex 33.1872 -1.50764 0
      vertex 29.9148 -0.647047 0
      vertex 29.9786 -0.326315 0
    endloop
  endfacet
  facet normal 0 0 -1
    outer loop
      vertex 32.6707 -2.41521 0
      vertex 29.8097 -0.956708 0
      vertex 29.9148 -0.647047 0
    endloop
  endfacet
  facet normal 0 0 -1
    outer loop
      vertex 32.3282 -2.81073 0
      vertex 29.6651 -1.25 0
      vertex 29.8097 -0.956708 0
    endloop
  endfacet
  facet normal 0 0 -1
    outer loop
      vertex 31.937 -3.15816 0
      vertex 29.4834 -1.5219 0
      vertex 29.6651 -1.25 0
    endloop
  endfacet
  facet normal 0 0 -1
    outer loop
      vertex 31.937 -3.15816 0
      vertex 29.2678 -1.76777 0
      vertex 29.4834 -1.5219 0
    endloop
  endfacet
  facet normal 0 0 -1
    outer loop
      vertex 31.937 -3.15816 0
      vertex 29.0219 -1.98338 0
      vertex 29.2678 -1.76777 0
    endloop
  endfacet
  facet normal 0 0 -1
    outer loop
      vertex 31.937 -3.15816 0
      vertex 28.75 -2.16506 0
      vertex 29.0219 -1.98338 0
    endloop
  endfacet
  facet normal 0 0 -1
    outer loop
      vertex 31.937 -3.15816 0
      vertex 28.4567 -2.3097 0
      vertex 28.75 -2.16506 0
    endloop
  endfacet
  facet normal 0 0 -1
    outer loop
      vertex 27.1684 -4.07827 0
      vertex 28.4567 -2.3097 0
      vertex 31.937 -3.15816 0
    endloop
  endfacet
  facet normal 0 0 -1
    outer loop
      vertex 28.4567 -2.3097 0
      vertex 27.1684 -4.07827 0
      vertex 28.147 -2.41481 0
    endloop
  endfacet
  facet normal 0 0 -1
    outer loop
      vertex 28.147 -2.41481 0
      vertex 27.1684 -4.07827 0
      vertex 27.8263 -2.47861 0
    endloop
  endfacet
  facet normal 0 0 -1
    outer loop
      vertex 27.8263 -2.47861 0
      vertex 27.1684 -4.07827 0
      vertex 27.5 -2.5 0
    endloop
  endfacet
  facet normal -0 0 -1
    outer loop
      vertex 27.5 -2.5 0
      vertex 27.1684 -4.07827 0
      vertex 27.1737 -2.47861 0
    endloop
  endfacet
  facet normal 0 0 -1
    outer loop
      vertex 19.0862 -13.1469 0
      vertex 27.1684 -4.07827 0
      vertex 31.937 -3.15816 0
    endloop
  endfacet
  facet normal 0 0 -1
    outer loop
      vertex 17.6632 -11.4691 0
      vertex 19.0862 -13.1469 0
      vertex 18.9559 -13.2574 0
    endloop
  endfacet
  facet normal 0 0 -1
    outer loop
      vertex 17.4626 -11.6418 0
      vertex 18.9559 -13.2574 0
      vertex 18.9041 -13.3053 0
    endloop
  endfacet
  facet normal 0 0 -1
    outer loop
      vertex 17.2933 -11.8069 0
      vertex 18.9041 -13.3053 0
      vertex 18.7138 -13.5099 0
    endloop
  endfacet
  facet normal 0 0 -1
    outer loop
      vertex 19.0862 -13.1469 0
      vertex 17.7361 -11.4099 0
      vertex 27.1684 -4.07827 0
    endloop
  endfacet
  facet normal 0 0 -1
    outer loop
      vertex 16.9085 -12.2525 0
      vertex 18.7138 -13.5099 0
      vertex 18.5863 -13.693 0
    endloop
  endfacet
  facet normal 0 0 -1
    outer loop
      vertex 16.6323 -12.682 0
      vertex 18.5863 -13.693 0
      vertex 18.4723 -13.9133 0
    endloop
  endfacet
  facet normal 0 0 -1
    outer loop
      vertex 16.4567 -13.0315 0
      vertex 18.4723 -13.9133 0
      vertex 18.4566 -13.9492 0
    endloop
  endfacet
  facet normal 0 0 -1
    outer loop
      vertex 16.4128 -13.1348 0
      vertex 18.4566 -13.9492 0
      vertex 18.4082 -14.0705 0
    endloop
  endfacet
  facet normal 0 0 -1
    outer loop
      vertex 19.0862 -13.1469 0
      vertex 17.6632 -11.4691 0
      vertex 17.7361 -11.4099 0
    endloop
  endfacet
  facet normal 0 0 -1
    outer loop
      vertex 18.9559 -13.2574 0
      vertex 17.5328 -11.5797 0
      vertex 17.6632 -11.4691 0
    endloop
  endfacet
  facet normal 0 0 -1
    outer loop
      vertex 18.9559 -13.2574 0
      vertex 17.4626 -11.6418 0
      vertex 17.5328 -11.5797 0
    endloop
  endfacet
  facet normal 0 0 -1
    outer loop
      vertex 18.9041 -13.3053 0
      vertex 17.4109 -11.6897 0
      vertex 17.4626 -11.6418 0
    endloop
  endfacet
  facet normal 0 0 -1
    outer loop
      vertex 18.9041 -13.3053 0
      vertex 17.2933 -11.8069 0
      vertex 17.4109 -11.6897 0
    endloop
  endfacet
  facet normal 0 0 -1
    outer loop
      vertex 18.7138 -13.5099 0
      vertex 17.103 -12.0115 0
      vertex 17.2933 -11.8069 0
    endloop
  endfacet
  facet normal 0 0 -1
    outer loop
      vertex 18.7138 -13.5099 0
      vertex 16.9085 -12.2525 0
      vertex 17.103 -12.0115 0
    endloop
  endfacet
  facet normal 0 0 -1
    outer loop
      vertex 18.5863 -13.693 0
      vertex 16.781 -12.4356 0
      vertex 16.9085 -12.2525 0
    endloop
  endfacet
  facet normal 0 0 -1
    outer loop
      vertex 18.5863 -13.693 0
      vertex 16.6323 -12.682 0
      vertex 16.781 -12.4356 0
    endloop
  endfacet
  facet normal 0 0 -1
    outer loop
      vertex 18.4723 -13.9133 0
      vertex 16.5183 -12.9024 0
      vertex 16.6323 -12.682 0
    endloop
  endfacet
  facet normal 0 0 -1
    outer loop
      vertex 18.4723 -13.9133 0
      vertex 16.4567 -13.0315 0
      vertex 16.5183 -12.9024 0
    endloop
  endfacet
  facet normal 0 0 -1
    outer loop
      vertex 18.4566 -13.9492 0
      vertex 16.441 -13.0674 0
      vertex 16.4567 -13.0315 0
    endloop
  endfacet
  facet normal 0 0 -1
    outer loop
      vertex 18.4566 -13.9492 0
      vertex 16.4128 -13.1348 0
      vertex 16.441 -13.0674 0
    endloop
  endfacet
  facet normal 0 0 -1
    outer loop
      vertex 18.4082 -14.0705 0
      vertex 16.3645 -13.2561 0
      vertex 16.4128 -13.1348 0
    endloop
  endfacet
  facet normal 0 0 -1
    outer loop
      vertex 18.4082 -14.0705 0
      vertex 16.339 -13.3232 0
      vertex 16.3645 -13.2561 0
    endloop
  endfacet
  facet normal 0 0 -1
    outer loop
      vertex 10.8256 -28.5892 0
      vertex 18.4082 -14.0705 0
      vertex 12.8727 -29.3979 0
    endloop
  endfacet
  facet normal 0 0 -1
    outer loop
      vertex 10.7186 -28.8383 0
      vertex 12.8727 -29.3979 0
      vertex 12.6858 -29.8329 0
    endloop
  endfacet
  facet normal 0 0 -1
    outer loop
      vertex 10.7186 -28.8383 0
      vertex 12.6858 -29.8329 0
      vertex 12.4211 -30.2842 0
    endloop
  endfacet
  facet normal 0 0 -1
    outer loop
      vertex 10.5964 -29.0468 0
      vertex 12.4211 -30.2842 0
      vertex 12.0997 -30.6971 0
    endloop
  endfacet
  facet normal 0 0 -1
    outer loop
      vertex 10.4521 -29.2321 0
      vertex 12.0997 -30.6971 0
      vertex 11.7272 -31.0645 0
    endloop
  endfacet
  facet normal 0 0 -1
    outer loop
      vertex 10.2849 -29.3971 0
      vertex 11.7272 -31.0645 0
      vertex 11.3099 -31.3802 0
    endloop
  endfacet
  facet normal 0 0 -1
    outer loop
      vertex 10.0977 -29.5387 0
      vertex 11.3099 -31.3802 0
      vertex 10.855 -31.6387 0
    endloop
  endfacet
  facet normal -0 0 -1
    outer loop
      vertex 18.4082 -14.0705 0
      vertex 10.8256 -28.5892 0
      vertex 16.339 -13.3232 0
    endloop
  endfacet
  facet normal 0 0 -1
    outer loop
      vertex 12.8727 -29.3979 0
      vertex 10.7186 -28.8383 0
      vertex 10.8256 -28.5892 0
    endloop
  endfacet
  facet normal 0 0 -1
    outer loop
      vertex 12.4211 -30.2842 0
      vertex 10.5964 -29.0468 0
      vertex 10.7186 -28.8383 0
    endloop
  endfacet
  facet normal 0 0 -1
    outer loop
      vertex 12.0997 -30.6971 0
      vertex 10.4521 -29.2321 0
      vertex 10.5964 -29.0468 0
    endloop
  endfacet
  facet normal 0 0 -1
    outer loop
      vertex 9.89342 -29.6548 0
      vertex 10.855 -31.6387 0
      vertex 10.3703 -31.8356 0
    endloop
  endfacet
  facet normal 0 0 -1
    outer loop
      vertex 11.7272 -31.0645 0
      vertex 10.2849 -29.3971 0
      vertex 10.4521 -29.2321 0
    endloop
  endfacet
  facet normal 0 0 -1
    outer loop
      vertex 11.3099 -31.3802 0
      vertex 10.0977 -29.5387 0
      vertex 10.2849 -29.3971 0
    endloop
  endfacet
  facet normal 0 0 -1
    outer loop
      vertex 10.855 -31.6387 0
      vertex 9.89342 -29.6548 0
      vertex 10.0977 -29.5387 0
    endloop
  endfacet
  facet normal 0 0 -1
    outer loop
      vertex 9.67593 -29.7431 0
      vertex 10.3703 -31.8356 0
      vertex 9.86395 -31.9676 0
    endloop
  endfacet
  facet normal 0 0 -1
    outer loop
      vertex 10.3703 -31.8356 0
      vertex 9.67593 -29.7431 0
      vertex 9.89342 -29.6548 0
    endloop
  endfacet
  facet normal 0 0 -1
    outer loop
      vertex 9.86395 -31.9676 0
      vertex 9.44862 -29.8023 0
      vertex 9.67593 -29.7431 0
    endloop
  endfacet
  facet normal 0 0 -1
    outer loop
      vertex 9.34476 -32.0323 0
      vertex 9.44862 -29.8023 0
      vertex 9.86395 -31.9676 0
    endloop
  endfacet
  facet normal 0 0 -1
    outer loop
      vertex 9.34476 -32.0323 0
      vertex 9.21567 -29.8314 0
      vertex 9.44862 -29.8023 0
    endloop
  endfacet
  facet normal 0 0 -1
    outer loop
      vertex 9.34476 -32.0323 0
      vertex 8.98079 -29.8298 0
      vertex 9.21567 -29.8314 0
    endloop
  endfacet
  facet normal 0 0 -1
    outer loop
      vertex 8.82153 -32.0287 0
      vertex 8.98079 -29.8298 0
      vertex 9.34476 -32.0323 0
    endloop
  endfacet
  facet normal 0 0 -1
    outer loop
      vertex 8.82153 -32.0287 0
      vertex 8.74815 -29.7975 0
      vertex 8.98079 -29.8298 0
    endloop
  endfacet
  facet normal 0 0 -1
    outer loop
      vertex 8.30327 -31.9569 0
      vertex 8.74815 -29.7975 0
      vertex 8.82153 -32.0287 0
    endloop
  endfacet
  facet normal -0 0 -1
    outer loop
      vertex 8.74815 -29.7975 0
      vertex 8.30327 -31.9569 0
      vertex 8.52184 -29.7352 0
    endloop
  endfacet
  facet normal 0 0 -1
    outer loop
      vertex 7.79881 -31.818 0
      vertex 8.52184 -29.7352 0
      vertex 8.30327 -31.9569 0
    endloop
  endfacet
  facet normal -0 0 -1
    outer loop
      vertex 8.52184 -29.7352 0
      vertex 7.79881 -31.818 0
      vertex 8.3054 -29.6438 0
    endloop
  endfacet
  facet normal 0 0 -1
    outer loop
      vertex 7.3168 -31.6145 0
      vertex 8.3054 -29.6438 0
      vertex 7.79881 -31.818 0
    endloop
  endfacet
  facet normal 0 0 -1
    outer loop
      vertex 6.86548 -31.3498 0
      vertex 8.3054 -29.6438 0
      vertex 7.3168 -31.6145 0
    endloop
  endfacet
  facet normal -0 0 -1
    outer loop
      vertex 8.3054 -29.6438 0
      vertex 6.86548 -31.3498 0
      vertex 8.04065 -29.4885 0
    endloop
  endfacet
  facet normal 0 0 -1
    outer loop
      vertex -6.60545 -22.2147 0
      vertex 8.04065 -29.4885 0
      vertex 6.86548 -31.3498 0
    endloop
  endfacet
  facet normal 0 0 -1
    outer loop
      vertex 8.04065 -29.4885 0
      vertex -6.60545 -22.2147 0
      vertex -5.3707 -20.3938 0
    endloop
  endfacet
  facet normal -0 0 -1
    outer loop
      vertex -5.3707 -20.3938 0
      vertex -6.60545 -22.2147 0
      vertex -5.44954 -20.3428 0
    endloop
  endfacet
  facet normal -0 0 -1
    outer loop
      vertex -5.44954 -20.3428 0
      vertex -6.60545 -22.2147 0
      vertex -5.59476 -20.2531 0
    endloop
  endfacet
  facet normal 0 0 -1
    outer loop
      vertex -6.75067 -22.125 0
      vertex -5.59476 -20.2531 0
      vertex -6.60545 -22.2147 0
    endloop
  endfacet
  facet normal -0 0 -1
    outer loop
      vertex -5.59476 -20.2531 0
      vertex -6.75067 -22.125 0
      vertex -5.67578 -20.2054 0
    endloop
  endfacet
  facet normal -0 0 -1
    outer loop
      vertex -5.67578 -20.2054 0
      vertex -6.75067 -22.125 0
      vertex -5.73761 -20.1708 0
    endloop
  endfacet
  facet normal 0 0 -1
    outer loop
      vertex -6.8125 -22.0904 0
      vertex -5.73761 -20.1708 0
      vertex -6.75067 -22.125 0
    endloop
  endfacet
  facet normal -0 0 -1
    outer loop
      vertex -5.73761 -20.1708 0
      vertex -6.8125 -22.0904 0
      vertex -5.88516 -20.0954 0
    endloop
  endfacet
  facet normal -0 0 -1
    outer loop
      vertex -5.88516 -20.0954 0
      vertex -6.8125 -22.0904 0
      vertex -6.13829 -19.9777 0
    endloop
  endfacet
  facet normal 0 0 -1
    outer loop
      vertex -7.06563 -21.9727 0
      vertex -6.13829 -19.9777 0
      vertex -6.8125 -22.0904 0
    endloop
  endfacet
  facet normal -0 0 -1
    outer loop
      vertex -6.13829 -19.9777 0
      vertex -7.06563 -21.9727 0
      vertex -6.42767 -19.8672 0
    endloop
  endfacet
  facet normal -0 0 -1
    outer loop
      vertex -6.42767 -19.8672 0
      vertex -7.06563 -21.9727 0
      vertex -6.64145 -19.8025 0
    endloop
  endfacet
  facet normal 0 0 -1
    outer loop
      vertex -7.2794 -21.9079 0
      vertex -6.64145 -19.8025 0
      vertex -7.06563 -21.9727 0
    endloop
  endfacet
  facet normal -0 0 -1
    outer loop
      vertex -6.64145 -19.8025 0
      vertex -7.2794 -21.9079 0
      vertex -6.92177 -19.7372 0
    endloop
  endfacet
  facet normal -0 0 -1
    outer loop
      vertex -6.92177 -19.7372 0
      vertex -7.2794 -21.9079 0
      vertex -7.16637 -19.6969 0
    endloop
  endfacet
  facet normal 0 0 -1
    outer loop
      vertex -7.524 -21.8676 0
      vertex -7.16637 -19.6969 0
      vertex -7.2794 -21.9079 0
    endloop
  endfacet
  facet normal -0 0 -1
    outer loop
      vertex -7.16637 -19.6969 0
      vertex -7.524 -21.8676 0
      vertex -7.30927 -19.6781 0
    endloop
  endfacet
  facet normal -0 0 -1
    outer loop
      vertex -7.30927 -19.6781 0
      vertex -7.524 -21.8676 0
      vertex -7.34816 -19.6743 0
    endloop
  endfacet
  facet normal 0 0 -1
    outer loop
      vertex -7.5629 -21.8638 0
      vertex -7.34816 -19.6743 0
      vertex -7.524 -21.8676 0
    endloop
  endfacet
  facet normal -0 0 -1
    outer loop
      vertex -7.34816 -19.6743 0
      vertex -7.5629 -21.8638 0
      vertex -7.41963 -19.6685 0
    endloop
  endfacet
  facet normal -0 0 -1
    outer loop
      vertex -7.41963 -19.6685 0
      vertex -7.5629 -21.8638 0
      vertex -7.55034 -19.66 0
    endloop
  endfacet
  facet normal 0 0 -1
    outer loop
      vertex -7.6936 -21.8553 0
      vertex -7.55034 -19.66 0
      vertex -7.5629 -21.8638 0
    endloop
  endfacet
  facet normal -0 0 -1
    outer loop
      vertex -7.55034 -19.66 0
      vertex -7.6936 -21.8553 0
      vertex -7.6223 -19.6564 0
    endloop
  endfacet
  facet normal 0 0 -1
    outer loop
      vertex -7.6936 -21.8553 0
      vertex -23.8448 -19.1303 0
      vertex -7.6223 -19.6564 0
    endloop
  endfacet
  facet normal 0 0 -1
    outer loop
      vertex -23.9812 -21.3271 0
      vertex -23.8448 -19.1303 0
      vertex -7.6936 -21.8553 0
    endloop
  endfacet
  facet normal 0 0 -1
    outer loop
      vertex -23.9812 -21.3271 0
      vertex -24.1146 -19.1056 0
      vertex -23.8448 -19.1303 0
    endloop
  endfacet
  facet normal 0 0 -1
    outer loop
      vertex -24.4526 -21.2838 0
      vertex -24.1146 -19.1056 0
      vertex -23.9812 -21.3271 0
    endloop
  endfacet
  facet normal -0 0 -1
    outer loop
      vertex -24.1146 -19.1056 0
      vertex -24.4526 -21.2838 0
      vertex -24.3507 -19.0537 0
    endloop
  endfacet
  facet normal 0 0 -1
    outer loop
      vertex -24.9637 -21.1715 0
      vertex -24.3507 -19.0537 0
      vertex -24.4526 -21.2838 0
    endloop
  endfacet
  facet normal -0 0 -1
    outer loop
      vertex -24.3507 -19.0537 0
      vertex -24.9637 -21.1715 0
      vertex -24.5716 -18.9737 0
    endloop
  endfacet
  facet normal 0 0 -1
    outer loop
      vertex -25.4557 -20.9934 0
      vertex -24.5716 -18.9737 0
      vertex -24.9637 -21.1715 0
    endloop
  endfacet
  facet normal -0 0 -1
    outer loop
      vertex -24.5716 -18.9737 0
      vertex -25.4557 -20.9934 0
      vertex -24.7799 -18.8658 0
    endloop
  endfacet
  facet normal 0 0 -1
    outer loop
      vertex -25.9202 -20.7527 0
      vertex -24.7799 -18.8658 0
      vertex -25.4557 -20.9934 0
    endloop
  endfacet
  facet normal -0 0 -1
    outer loop
      vertex -24.7799 -18.8658 0
      vertex -25.9202 -20.7527 0
      vertex -24.9727 -18.7314 0
    endloop
  endfacet
  facet normal 0 0 -1
    outer loop
      vertex -26.3494 -20.4534 0
      vertex -24.9727 -18.7314 0
      vertex -25.9202 -20.7527 0
    endloop
  endfacet
  facet normal -0 0 -1
    outer loop
      vertex -24.9727 -18.7314 0
      vertex -26.3494 -20.4534 0
      vertex -25.1461 -18.5731 0
    endloop
  endfacet
  facet normal 0 0 -1
    outer loop
      vertex -26.7358 -20.1006 0
      vertex -25.1461 -18.5731 0
      vertex -26.3494 -20.4534 0
    endloop
  endfacet
  facet normal -0 0 -1
    outer loop
      vertex -25.1461 -18.5731 0
      vertex -26.7358 -20.1006 0
      vertex -25.2974 -18.3934 0
    endloop
  endfacet
  facet normal 0 0 -1
    outer loop
      vertex -27.0729 -19.7005 0
      vertex -25.2974 -18.3934 0
      vertex -26.7358 -20.1006 0
    endloop
  endfacet
  facet normal 0 0 -1
    outer loop
      vertex -27.3549 -19.2597 0
      vertex -25.4239 -18.1957 0
      vertex -27.0729 -19.7005 0
    endloop
  endfacet
  facet normal -0 0 -1
    outer loop
      vertex -25.2974 -18.3934 0
      vertex -27.0729 -19.7005 0
      vertex -25.4239 -18.1957 0
    endloop
  endfacet
  facet normal 0 0 -1
    outer loop
      vertex 29.8097 0.956708 0
      vertex 32.6403 2.4548 0
      vertex 29.9148 0.647047 0
    endloop
  endfacet
  facet normal -0 0 -1
    outer loop
      vertex 32.6403 2.4548 0
      vertex 29.8097 0.956708 0
      vertex 32.2929 2.84602 0
    endloop
  endfacet
  facet normal 0 0 -1
    outer loop
      vertex 29.6651 1.25 0
      vertex 32.2929 2.84602 0
      vertex 29.8097 0.956708 0
    endloop
  endfacet
  facet normal -0 0 -1
    outer loop
      vertex 32.2929 2.84602 0
      vertex 29.6651 1.25 0
      vertex 31.937 3.15816 0
    endloop
  endfacet
  facet normal 0 0 -1
    outer loop
      vertex 29.4834 1.5219 0
      vertex 31.937 3.15816 0
      vertex 29.6651 1.25 0
    endloop
  endfacet
  facet normal 0 0 -1
    outer loop
      vertex 29.2678 1.76777 0
      vertex 31.937 3.15816 0
      vertex 29.4834 1.5219 0
    endloop
  endfacet
  facet normal 0 0 -1
    outer loop
      vertex 29.0219 1.98338 0
      vertex 31.937 3.15816 0
      vertex 29.2678 1.76777 0
    endloop
  endfacet
  facet normal 0 0 -1
    outer loop
      vertex 28.75 2.16506 0
      vertex 31.937 3.15816 0
      vertex 29.0219 1.98338 0
    endloop
  endfacet
  facet normal 0 0 -1
    outer loop
      vertex 28.4567 2.3097 0
      vertex 31.937 3.15816 0
      vertex 28.75 2.16506 0
    endloop
  endfacet
  facet normal 0 0 -1
    outer loop
      vertex 27.1684 4.07826 0
      vertex 28.4567 2.3097 0
      vertex 28.147 2.41481 0
    endloop
  endfacet
  facet normal 0 0 -1
    outer loop
      vertex 27.1684 4.07826 0
      vertex 28.147 2.41481 0
      vertex 27.8263 2.47861 0
    endloop
  endfacet
  facet normal 0 0 -1
    outer loop
      vertex 27.1684 4.07826 0
      vertex 27.8263 2.47861 0
      vertex 27.5 2.5 0
    endloop
  endfacet
  facet normal 0 0 -1
    outer loop
      vertex 27.1684 4.07826 0
      vertex 27.5 2.5 0
      vertex 27.1737 2.47861 0
    endloop
  endfacet
  facet normal 0 0 -1
    outer loop
      vertex 28.4567 2.3097 0
      vertex 27.1684 4.07826 0
      vertex 31.937 3.15816 0
    endloop
  endfacet
  facet normal 0 0 -1
    outer loop
      vertex 27.1684 4.07826 0
      vertex 19.0704 13.1591 0
      vertex 31.937 3.15816 0
    endloop
  endfacet
  facet normal 0 0 -1
    outer loop
      vertex 17.7203 11.4221 0
      vertex 19.0704 13.1591 0
      vertex 27.1684 4.07826 0
    endloop
  endfacet
  facet normal 0 0 -1
    outer loop
      vertex 17.6641 11.4673 0
      vertex 19.0704 13.1591 0
      vertex 17.7203 11.4221 0
    endloop
  endfacet
  facet normal -0 0 -1
    outer loop
      vertex 19.0704 13.1591 0
      vertex 17.6641 11.4673 0
      vertex 18.97 13.2426 0
    endloop
  endfacet
  facet normal 0 0 -1
    outer loop
      vertex 17.5637 11.5508 0
      vertex 18.97 13.2426 0
      vertex 17.6641 11.4673 0
    endloop
  endfacet
  facet normal 0 0 -1
    outer loop
      vertex 17.5091 11.5977 0
      vertex 18.97 13.2426 0
      vertex 17.5637 11.5508 0
    endloop
  endfacet
  facet normal -0 0 -1
    outer loop
      vertex 18.97 13.2426 0
      vertex 17.5091 11.5977 0
      vertex 18.9406 13.2687 0
    endloop
  endfacet
  facet normal 0 0 -1
    outer loop
      vertex 17.4797 11.6238 0
      vertex 18.9406 13.2687 0
      vertex 17.5091 11.5977 0
    endloop
  endfacet
  facet normal 0 0 -1
    outer loop
      vertex 17.3753 11.7228 0
      vertex 18.9406 13.2687 0
      vertex 17.4797 11.6238 0
    endloop
  endfacet
  facet normal -0 0 -1
    outer loop
      vertex 18.9406 13.2687 0
      vertex 17.3753 11.7228 0
      vertex 18.7662 13.4453 0
    endloop
  endfacet
  facet normal 0 0 -1
    outer loop
      vertex 17.201 11.8993 0
      vertex 18.7662 13.4453 0
      vertex 17.3753 11.7228 0
    endloop
  endfacet
  facet normal 0 0 -1
    outer loop
      vertex 17.0125 12.1169 0
      vertex 18.7662 13.4453 0
      vertex 17.201 11.8993 0
    endloop
  endfacet
  facet normal -0 0 -1
    outer loop
      vertex 18.7662 13.4453 0
      vertex 17.0125 12.1169 0
      vertex 18.6316 13.623 0
    endloop
  endfacet
  facet normal 0 0 -1
    outer loop
      vertex 16.8779 12.2947 0
      vertex 18.6316 13.623 0
      vertex 17.0125 12.1169 0
    endloop
  endfacet
  facet normal 0 0 -1
    outer loop
      vertex 16.7088 12.554 0
      vertex 18.6316 13.623 0
      vertex 16.8779 12.2947 0
    endloop
  endfacet
  facet normal -0 0 -1
    outer loop
      vertex 18.6316 13.623 0
      vertex 16.7088 12.554 0
      vertex 18.4957 13.8675 0
    endloop
  endfacet
  facet normal 0 0 -1
    outer loop
      vertex 16.5729 12.7984 0
      vertex 18.4957 13.8675 0
      vertex 16.7088 12.554 0
    endloop
  endfacet
  facet normal 0 0 -1
    outer loop
      vertex 16.4977 12.9465 0
      vertex 18.4957 13.8675 0
      vertex 16.5729 12.7984 0
    endloop
  endfacet
  facet normal -0 0 -1
    outer loop
      vertex 18.4957 13.8675 0
      vertex 16.4977 12.9465 0
      vertex 18.4661 13.9316 0
    endloop
  endfacet
  facet normal 0 0 -1
    outer loop
      vertex 16.4682 13.0106 0
      vertex 18.4661 13.9316 0
      vertex 16.4977 12.9465 0
    endloop
  endfacet
  facet normal 0 0 -1
    outer loop
      vertex 16.4307 13.0967 0
      vertex 18.4661 13.9316 0
      vertex 16.4682 13.0106 0
    endloop
  endfacet
  facet normal -0 0 -1
    outer loop
      vertex 18.4661 13.9316 0
      vertex 16.4307 13.0967 0
      vertex 18.4014 14.0893 0
    endloop
  endfacet
  facet normal 0 0 -1
    outer loop
      vertex 16.366 13.2544 0
      vertex 18.4014 14.0893 0
      vertex 16.4307 13.0967 0
    endloop
  endfacet
  facet normal 0 0 -1
    outer loop
      vertex 16.3323 13.342 0
      vertex 18.4014 14.0893 0
      vertex 16.366 13.2544 0
    endloop
  endfacet
  facet normal 0 0 -1
    outer loop
      vertex 10.8279 28.5828 0
      vertex 18.4014 14.0893 0
      vertex 16.3323 13.342 0
    endloop
  endfacet
  facet normal 0 0 -1
    outer loop
      vertex 18.4014 14.0893 0
      vertex 10.8279 28.5828 0
      vertex 12.8726 29.3979 0
    endloop
  endfacet
  facet normal 0 0 -1
    outer loop
      vertex 10.705 28.8642 0
      vertex 12.8726 29.3979 0
      vertex 10.8279 28.5828 0
    endloop
  endfacet
  facet normal -0 0 -1
    outer loop
      vertex 12.8726 29.3979 0
      vertex 10.705 28.8642 0
      vertex 12.6631 29.8773 0
    endloop
  endfacet
  facet normal -0 0 -1
    outer loop
      vertex 12.6631 29.8773 0
      vertex 10.705 28.8642 0
      vertex 12.3928 30.3253 0
    endloop
  endfacet
  facet normal 0 0 -1
    outer loop
      vertex 10.5836 29.0653 0
      vertex 12.3928 30.3253 0
      vertex 10.705 28.8642 0
    endloop
  endfacet
  facet normal -0 0 -1
    outer loop
      vertex 12.3928 30.3253 0
      vertex 10.5836 29.0653 0
      vertex 12.0663 30.7342 0
    endloop
  endfacet
  facet normal 0 0 -1
    outer loop
      vertex 10.4371 29.2487 0
      vertex 12.0663 30.7342 0
      vertex 10.5836 29.0653 0
    endloop
  endfacet
  facet normal -0 0 -1
    outer loop
      vertex 12.0663 30.7342 0
      vertex 10.4371 29.2487 0
      vertex 11.6892 31.0969 0
    endloop
  endfacet
  facet normal 0 0 -1
    outer loop
      vertex 10.2679 29.4116 0
      vertex 11.6892 31.0969 0
      vertex 10.4371 29.2487 0
    endloop
  endfacet
  facet normal -0 0 -1
    outer loop
      vertex 11.6892 31.0969 0
      vertex 10.2679 29.4116 0
      vertex 11.2681 31.4074 0
    endloop
  endfacet
  facet normal 0 0 -1
    outer loop
      vertex 10.0789 29.5509 0
      vertex 11.2681 31.4074 0
      vertex 10.2679 29.4116 0
    endloop
  endfacet
  facet normal -0 0 -1
    outer loop
      vertex 11.2681 31.4074 0
      vertex 10.0789 29.5509 0
      vertex 10.81 31.6602 0
    endloop
  endfacet
  facet normal 0 0 -1
    outer loop
      vertex 9.8732 29.6644 0
      vertex 10.81 31.6602 0
      vertex 10.0789 29.5509 0
    endloop
  endfacet
  facet normal -0 0 -1
    outer loop
      vertex 10.81 31.6602 0
      vertex 9.8732 29.6644 0
      vertex 10.3228 31.851 0
    endloop
  endfacet
  facet normal 0 0 -1
    outer loop
      vertex 9.65463 29.75 0
      vertex 10.3228 31.851 0
      vertex 9.8732 29.6644 0
    endloop
  endfacet
  facet normal -0 0 -1
    outer loop
      vertex 10.3228 31.851 0
      vertex 9.65463 29.75 0
      vertex 9.81487 31.9767 0
    endloop
  endfacet
  facet normal 0 0 -1
    outer loop
      vertex 9.42662 29.8064 0
      vertex 9.81487 31.9767 0
      vertex 9.65463 29.75 0
    endloop
  endfacet
  facet normal 0 0 -1
    outer loop
      vertex 9.42662 29.8064 0
      vertex 9.29489 32.0349 0
      vertex 9.81487 31.9767 0
    endloop
  endfacet
  facet normal 0 0 -1
    outer loop
      vertex 9.19319 29.8325 0
      vertex 9.29489 32.0349 0
      vertex 9.42662 29.8064 0
    endloop
  endfacet
  facet normal 0 0 -1
    outer loop
      vertex 8.95844 29.828 0
      vertex 9.29489 32.0349 0
      vertex 9.19319 29.8325 0
    endloop
  endfacet
  facet normal 0 0 -1
    outer loop
      vertex 8.95844 29.828 0
      vertex 8.77176 32.0248 0
      vertex 9.29489 32.0349 0
    endloop
  endfacet
  facet normal 0 0 -1
    outer loop
      vertex 8.72632 29.7929 0
      vertex 8.77176 32.0248 0
      vertex 8.95844 29.828 0
    endloop
  endfacet
  facet normal 0 0 -1
    outer loop
      vertex 8.25443 31.9465 0
      vertex 8.72632 29.7929 0
      vertex 8.50061 29.7277 0
    endloop
  endfacet
  facet normal 0 0 -1
    outer loop
      vertex 7.75174 31.8013 0
      vertex 8.50061 29.7277 0
      vertex 8.27911 29.6309 0
    endloop
  endfacet
  facet normal 0 0 -1
    outer loop
      vertex 8.72632 29.7929 0
      vertex 8.25443 31.9465 0
      vertex 8.77176 32.0248 0
    endloop
  endfacet
  facet normal 0 0 -1
    outer loop
      vertex 6.86546 31.3497 0
      vertex 8.27911 29.6309 0
      vertex 8.04637 29.4924 0
    endloop
  endfacet
  facet normal 0 0 -1
    outer loop
      vertex 8.50061 29.7277 0
      vertex 7.75174 31.8013 0
      vertex 8.25443 31.9465 0
    endloop
  endfacet
  facet normal 0 0 -1
    outer loop
      vertex 8.27911 29.6309 0
      vertex 7.27231 31.5918 0
      vertex 7.75174 31.8013 0
    endloop
  endfacet
  facet normal 0 0 -1
    outer loop
      vertex 8.27911 29.6309 0
      vertex 6.86546 31.3497 0
      vertex 7.27231 31.5918 0
    endloop
  endfacet
  facet normal 0 0 -1
    outer loop
      vertex -6.62199 22.2034 0
      vertex 8.04637 29.4924 0
      vertex -5.38724 20.3826 0
    endloop
  endfacet
  facet normal 0 0 -1
    outer loop
      vertex -6.62199 22.2034 0
      vertex -5.38724 20.3826 0
      vertex -5.44749 20.3432 0
    endloop
  endfacet
  facet normal 0 0 -1
    outer loop
      vertex -6.62199 22.2034 0
      vertex -5.44749 20.3432 0
      vertex -5.55801 20.2734 0
    endloop
  endfacet
  facet normal 0 0 -1
    outer loop
      vertex -6.73251 22.1337 0
      vertex -5.55801 20.2734 0
      vertex -5.61955 20.2359 0
    endloop
  endfacet
  facet normal 0 0 -1
    outer loop
      vertex -6.73251 22.1337 0
      vertex -5.61955 20.2359 0
      vertex -5.65361 20.216 0
    endloop
  endfacet
  facet normal 0 0 -1
    outer loop
      vertex -6.76657 22.1137 0
      vertex -5.65361 20.216 0
      vertex -5.78004 20.1473 0
    endloop
  endfacet
  facet normal 0 0 -1
    outer loop
      vertex -6.76657 22.1137 0
      vertex -5.78004 20.1473 0
      vertex -6.0014 20.0362 0
    endloop
  endfacet
  facet normal 0 0 -1
    outer loop
      vertex -6.98793 22.0026 0
      vertex -6.0014 20.0362 0
      vertex -6.26649 19.9243 0
    endloop
  endfacet
  facet normal 0 0 -1
    outer loop
      vertex -6.98793 22.0026 0
      vertex -6.26649 19.9243 0
      vertex -6.47749 19.851 0
    endloop
  endfacet
  facet normal -0 0 -1
    outer loop
      vertex 8.04637 29.4924 0
      vertex -6.62199 22.2034 0
      vertex 6.86546 31.3497 0
    endloop
  endfacet
  facet normal 0 0 -1
    outer loop
      vertex -5.55801 20.2734 0
      vertex -6.73251 22.1337 0
      vertex -6.62199 22.2034 0
    endloop
  endfacet
  facet normal 0 0 -1
    outer loop
      vertex -5.65361 20.216 0
      vertex -6.76657 22.1137 0
      vertex -6.73251 22.1337 0
    endloop
  endfacet
  facet normal 0 0 -1
    outer loop
      vertex -7.19893 21.9294 0
      vertex -6.47749 19.851 0
      vertex -6.77647 19.7703 0
    endloop
  endfacet
  facet normal 0 0 -1
    outer loop
      vertex -6.0014 20.0362 0
      vertex -6.98793 22.0026 0
      vertex -6.76657 22.1137 0
    endloop
  endfacet
  facet normal 0 0 -1
    outer loop
      vertex -7.19893 21.9294 0
      vertex -6.77647 19.7703 0
      vertex -7.05058 19.7167 0
    endloop
  endfacet
  facet normal 0 0 -1
    outer loop
      vertex -6.47749 19.851 0
      vertex -7.19893 21.9294 0
      vertex -6.98793 22.0026 0
    endloop
  endfacet
  facet normal 0 0 -1
    outer loop
      vertex -7.47304 21.8758 0
      vertex -7.05058 19.7167 0
      vertex -7.21436 19.691 0
    endloop
  endfacet
  facet normal 0 0 -1
    outer loop
      vertex -7.47304 21.8758 0
      vertex -7.21436 19.691 0
      vertex -7.28459 19.6827 0
    endloop
  endfacet
  facet normal 0 0 -1
    outer loop
      vertex -7.54327 21.8674 0
      vertex -7.28459 19.6827 0
      vertex -7.37808 19.6737 0
    endloop
  endfacet
  facet normal 0 0 -1
    outer loop
      vertex -7.05058 19.7167 0
      vertex -7.47304 21.8758 0
      vertex -7.19893 21.9294 0
    endloop
  endfacet
  facet normal 0 0 -1
    outer loop
      vertex -7.28459 19.6827 0
      vertex -7.54327 21.8674 0
      vertex -7.47304 21.8758 0
    endloop
  endfacet
  facet normal 0 0 -1
    outer loop
      vertex -7.54829 19.6608 0
      vertex -7.54327 21.8674 0
      vertex -7.37808 19.6737 0
    endloop
  endfacet
  facet normal 0 0 -1
    outer loop
      vertex -7.71349 21.8546 0
      vertex -7.54829 19.6608 0
      vertex -7.64218 19.6558 0
    endloop
  endfacet
  facet normal 0 0 -1
    outer loop
      vertex -7.54829 19.6608 0
      vertex -7.71349 21.8546 0
      vertex -7.54327 21.8674 0
    endloop
  endfacet
  facet normal 0 0 -1
    outer loop
      vertex -23.838 19.1306 0
      vertex -7.71349 21.8546 0
      vertex -7.64218 19.6558 0
    endloop
  endfacet
  facet normal 0 0 -1
    outer loop
      vertex -23.838 19.1306 0
      vertex -23.9812 21.3271 0
      vertex -7.71349 21.8546 0
    endloop
  endfacet
  facet normal 0 0 -1
    outer loop
      vertex -24.1434 19.1006 0
      vertex -23.9812 21.3271 0
      vertex -23.838 19.1306 0
    endloop
  endfacet
  facet normal 0 0 -1
    outer loop
      vertex -24.5019 21.276 0
      vertex -24.1434 19.1006 0
      vertex -24.3721 19.0473 0
    endloop
  endfacet
  facet normal 0 0 -1
    outer loop
      vertex -24.1434 19.1006 0
      vertex -24.5019 21.276 0
      vertex -23.9812 21.3271 0
    endloop
  endfacet
  facet normal 0 0 -1
    outer loop
      vertex -25.0115 21.1573 0
      vertex -24.3721 19.0473 0
      vertex -24.5921 18.9646 0
    endloop
  endfacet
  facet normal 0 0 -1
    outer loop
      vertex -25.5013 20.9731 0
      vertex -24.5921 18.9646 0
      vertex -24.799 18.8541 0
    endloop
  endfacet
  facet normal 0 0 -1
    outer loop
      vertex -25.9628 20.7266 0
      vertex -24.799 18.8541 0
      vertex -24.9901 18.7173 0
    endloop
  endfacet
  facet normal 0 0 -1
    outer loop
      vertex -24.3721 19.0473 0
      vertex -25.0115 21.1573 0
      vertex -24.5019 21.276 0
    endloop
  endfacet
  facet normal 0 0 -1
    outer loop
      vertex -25.9628 20.7266 0
      vertex -24.9901 18.7173 0
      vertex -25.1615 18.5568 0
    endloop
  endfacet
  facet normal 0 0 -1
    outer loop
      vertex -25.9628 20.7266 0
      vertex -25.1615 18.5568 0
      vertex -25.3105 18.3753 0
    endloop
  endfacet
  facet normal 0 0 -1
    outer loop
      vertex -25.9628 20.7266 0
      vertex -25.3105 18.3753 0
      vertex -25.4346 18.1759 0
    endloop
  endfacet
  facet normal 0 0 -1
    outer loop
      vertex -24.5921 18.9646 0
      vertex -25.5013 20.9731 0
      vertex -25.0115 21.1573 0
    endloop
  endfacet
  facet normal 0 0 -1
    outer loop
      vertex -25.9628 20.7266 0
      vertex -25.4346 18.1759 0
      vertex -25.5316 17.9621 0
    endloop
  endfacet
  facet normal 0 0 -1
    outer loop
      vertex -25.9628 20.7266 0
      vertex -25.5316 17.9621 0
      vertex -25.5998 17.7373 0
    endloop
  endfacet
  facet normal 0 0 -1
    outer loop
      vertex -25.9628 20.7266 0
      vertex -25.5998 17.7373 0
      vertex -25.6381 17.5058 0
    endloop
  endfacet
  facet normal 0 0 -1
    outer loop
      vertex -24.799 18.8541 0
      vertex -25.9628 20.7266 0
      vertex -25.5013 20.9731 0
    endloop
  endfacet
  facet normal 0 0 -1
    outer loop
      vertex -25.9628 20.7266 0
      vertex -25.6381 17.5058 0
      vertex -25.6459 17.2709 0
    endloop
  endfacet
  facet normal 0 0 -1
    outer loop
      vertex 26.9648 -4.06492 0
      vertex 27.1737 -2.47861 0
      vertex 27.1684 -4.07827 0
    endloop
  endfacet
  facet normal 0 0 -1
    outer loop
      vertex 26.9648 -4.06492 0
      vertex 26.853 -2.41481 0
      vertex 27.1737 -2.47861 0
    endloop
  endfacet
  facet normal 0 0 -1
    outer loop
      vertex 26.4388 -3.9603 0
      vertex 26.853 -2.41481 0
      vertex 26.9648 -4.06492 0
    endloop
  endfacet
  facet normal -0 0 -1
    outer loop
      vertex 26.853 -2.41481 0
      vertex 26.4388 -3.9603 0
      vertex 26.5433 -2.3097 0
    endloop
  endfacet
  facet normal 0 0 -1
    outer loop
      vertex 25.931 -3.78791 0
      vertex 26.5433 -2.3097 0
      vertex 26.4388 -3.9603 0
    endloop
  endfacet
  facet normal -0 0 -1
    outer loop
      vertex 26.5433 -2.3097 0
      vertex 25.931 -3.78791 0
      vertex 26.25 -2.16506 0
    endloop
  endfacet
  facet normal 0 0 -1
    outer loop
      vertex 25.45 -3.5507 0
      vertex 26.25 -2.16506 0
      vertex 25.931 -3.78791 0
    endloop
  endfacet
  facet normal -0 0 -1
    outer loop
      vertex 26.25 -2.16506 0
      vertex 25.45 -3.5507 0
      vertex 25.9781 -1.98338 0
    endloop
  endfacet
  facet normal 0 0 -1
    outer loop
      vertex 25.0041 -3.25275 0
      vertex 25.9781 -1.98338 0
      vertex 25.45 -3.5507 0
    endloop
  endfacet
  facet normal -0 0 -1
    outer loop
      vertex 25.9781 -1.98338 0
      vertex 25.0041 -3.25275 0
      vertex 25.7322 -1.76777 0
    endloop
  endfacet
  facet normal 0 0 -1
    outer loop
      vertex 24.6009 -2.89914 0
      vertex 25.7322 -1.76777 0
      vertex 25.0041 -3.25275 0
    endloop
  endfacet
  facet normal -0 0 -1
    outer loop
      vertex 25.7322 -1.76777 0
      vertex 24.6009 -2.89914 0
      vertex 25.5166 -1.5219 0
    endloop
  endfacet
  facet normal 0 0 -1
    outer loop
      vertex 24.2472 -2.49592 0
      vertex 25.5166 -1.5219 0
      vertex 24.6009 -2.89914 0
    endloop
  endfacet
  facet normal -0 0 -1
    outer loop
      vertex 25.5166 -1.5219 0
      vertex 24.2472 -2.49592 0
      vertex 25.3349 -1.25 0
    endloop
  endfacet
  facet normal 0 0 -1
    outer loop
      vertex 23.9493 -2.05 0
      vertex 25.3349 -1.25 0
      vertex 24.2472 -2.49592 0
    endloop
  endfacet
  facet normal -0 0 -1
    outer loop
      vertex 25.3349 -1.25 0
      vertex 23.9493 -2.05 0
      vertex 25.1903 -0.956708 0
    endloop
  endfacet
  facet normal 0 0 -1
    outer loop
      vertex 23.7121 -1.569 0
      vertex 25.1903 -0.956708 0
      vertex 23.9493 -2.05 0
    endloop
  endfacet
endsolid OpenSCAD_Model
